k5,entropy,total,n,stress,bb,workout
1782417000000,1.0265731410063872,182,1,59.0,74.0,False
1782460200000,0.17098452405745132,11744,10,34.0,92.0,False
1782460500000,0.02365353716179402,9887,10,42.0,92.0,False
1782460800000,0.055937679010596805,9776,10,48.0,91.0,False
1782461100000,0.03172814370048954,11657,10,46.0,90.0,False
1782461400000,0.0535174258826959,8285,10,57.0,89.0,False
1782461700000,0.0640441033520122,11173,10,54.0,88.0,False
1782462000000,0.0471847929453941,9674,10,54.0,87.0,False
1782462300000,0.05320081049480124,5470,10,46.0,87.0,False
1782466200000,0.8675251988914517,1699,7,28.0,81.0,False
1782466500000,0.9625864644853739,3096,7,29.0,80.0,False
1782466800000,0.5909009690407188,4158,10,28.0,80.0,False
1782467100000,0.8401019508959688,6517,10,28.0,80.0,False
1782467400000,0.5607017048314888,5417,9,26.0,79.0,False
1782467700000,0.7211102493144457,5347,10,25.0,79.0,False
1782468000000,0.6713258627683825,5784,10,27.0,78.0,False
1782469500000,0.5279543190372145,192,1,31.0,75.0,False
1782469800000,0.8979867492046095,7251,10,34.0,75.0,False
1782470100000,0.0,116,1,47.0,74.0,False
1782470700000,0.5164094167439003,906,2,83.0,73.0,False
1782471000000,0.6027002493760872,859,6,96.0,72.0,False
1782474900000,0.8369606217992422,2191,6,54.0,65.0,False
1782475200000,0.687710787436122,5159,10,44.0,65.0,False
1782475500000,0.04417276235037683,6503,8,62.0,64.0,False
1782475800000,0.2531350638835391,5580,9,71.0,63.0,False
1782476100000,1.1862065634937893,4649,10,56.0,63.0,False
1782476400000,0.8925150447650904,5481,10,56.0,62.0,False
1782476700000,0.7029332369673028,4044,10,57.0,62.0,False
1782477000000,0.9933900585980332,6232,10,48.0,62.0,False
1782477300000,0.9913424633753068,6203,10,52.0,61.0,False
1782477600000,0.7846536536529232,6146,10,47.0,60.0,False
1782477900000,0.5551613651704301,4755,10,56.0,60.0,False
1782478200000,0.57123950523303,4757,10,54.0,59.0,False
1782478500000,0.9895779971603279,4012,10,42.0,59.0,False
1782478800000,0.7229029477527749,4221,10,48.0,58.0,False
1782479100000,0.722031160154128,4341,10,48.0,58.0,False
1782479400000,0.8477292793987831,7409,10,34.0,58.0,False
1782479700000,1.2745089224485047,5845,10,46.0,57.0,False
1782480000000,0.6156693370826987,2519,9,40.0,57.0,False
1782480300000,0.5828942259869948,6519,10,39.0,57.0,False
1782480600000,0.43591247049188225,8787,10,34.0,57.0,False
1782480900000,0.14545710752807095,6752,9,45.0,56.0,False
1782481200000,0.6482143526367679,5822,10,27.0,55.0,False
1782481500000,0.7924204168764989,4787,10,36.0,55.0,False
1782481800000,0.8739999208835763,4126,10,37.0,55.0,False
1782482100000,0.6288794760417799,2893,7,24.0,55.0,False
1782482400000,0.6379781731965876,3486,8,30.0,55.0,False
1782482700000,0.7184647383528152,5134,9,36.0,55.0,False
1782483000000,0.6097658736460988,3807,9,40.0,54.0,False
1782483300000,0.4186215700481471,10128,10,34.0,54.0,False
1782483600000,0.7369806337276016,4074,10,40.0,54.0,False
1782483900000,0.5199840965616583,5329,10,70.0,53.0,False
1782484200000,0.6572942298867506,3783,10,84.0,52.0,False
1782484500000,0.5167728427699727,5173,10,86.0,52.0,False
1782484800000,0.6308011655458696,8330,10,79.0,51.0,False
1782485100000,0.9357941446937851,5433,10,84.0,50.0,False
1782485400000,0.5475325693448625,4660,10,76.0,50.0,False
1782486000000,0.4524803162316036,1906,9,70.0,48.0,False
1782486300000,0.5393760763706278,5461,10,62.0,48.0,False
1782486600000,0.696460395884058,9414,10,58.0,47.0,False
1782486900000,1.0375184466259422,5965,10,50.0,47.0,False
1782487200000,0.3968823305416413,3969,9,50.0,47.0,False
1782487500000,1.086788662509552,8940,10,58.0,46.0,False
1782487800000,0.8464025978342997,6531,9,46.0,46.0,False
1782488100000,0.9206712370050345,7519,10,50.0,46.0,False
1782488700000,0.06535218498739753,1028,4,40.0,44.0,False
1782489000000,0.211754673274688,521,3,57.0,44.0,False
1782489600000,0.08847397634419749,179,1,52.0,43.0,False
1782489900000,0.31196385718599734,1223,3,34.0,43.0,False
1782491400000,0.043715142836770596,11225,10,48.0,42.0,False
1782491700000,0.044479965909025074,9655,10,38.0,41.0,False
1782492000000,0.07750374039532924,10674,10,44.0,41.0,False
1782492300000,0.04145930803193807,9675,10,58.0,41.0,False
1782492600000,0.031373847211066994,11589,10,55.0,40.0,False
1782492900000,0.40976335581867424,6815,9,50.0,40.0,False
1782493200000,0.6769766889417964,2119,7,40.0,39.0,False
1782493500000,0.1430109633220801,97,2,40.0,39.0,False
1782493800000,0.412577570203655,1052,6,35.0,39.0,False
1782494700000,0.7259796574310279,2949,5,43.0,38.0,False
1782495000000,0.5018497593278056,1857,5,41.0,38.0,False
1782553200000,0.7059763623943798,2331,5,33.0,43.0,False
1782553500000,0.0,69,1,30.0,43.0,False
1782554100000,0.5856308346148065,3403,8,23.0,42.0,False
1782554400000,0.30087326669859776,7397,10,27.0,42.0,False
1782554700000,0.07557345622584109,1095,8,26.0,42.0,False
1782555000000,0.01729397547297797,2330,7,19.0,42.0,False
1782555300000,0.20030675416897972,3307,9,23.0,42.0,False
1782555600000,0.0,2,1,24.0,42.0,False
1782556200000,0.16492303510357317,179,2,39.0,42.0,False
1782556500000,0.6954808963177929,7106,10,38.0,42.0,False
1782556800000,0.31792240215242124,4206,9,22.0,42.0,False
1782557100000,0.14411040647830417,1898,6,18.0,42.0,False
1782557400000,0.31006540275792527,4665,10,24.0,42.0,False
1782557700000,0.39265946120850714,2776,7,22.0,42.0,False
1782558000000,0.479517581369689,3296,8,25.0,42.0,False
1782558300000,0.35095621271185135,4140,6,20.0,42.0,False
1782558600000,0.3941148676577987,4797,10,21.0,42.0,False
1782558900000,0.41825352200463184,6666,10,16.0,42.0,False
1782559200000,0.31636737584428387,2184,8,32.0,42.0,False
1782559500000,0.46948322568517437,2980,7,19.0,42.0,False
1782559800000,0.12140659286535183,1837,6,17.0,42.0,False
1782560700000,0.5132032668909077,1125,2,26.0,41.0,False
1782563100000,0.2684634430139854,2846,5,38.0,40.0,False
1782563400000,0.029641090489636965,331,1,43.0,40.0,False
1782563700000,0.20010434841915736,2860,8,28.0,39.0,False
1782564000000,0.041271810252435606,1292,5,44.0,39.0,False
1782564300000,0.05333477639664835,530,2,77.0,39.0,False
1782564600000,0.22759749278980707,1925,9,80.0,38.0,False
1782564900000,0.6096699551321436,581,4,93.0,37.0,False
1782565200000,0.0,19,4,90.0,36.0,False
1782565500000,0.5939603127049016,4453,6,84.0,36.0,False
1782565800000,0.7010993555731598,5181,10,84.0,35.0,False
1782566100000,0.37115834335581005,1985,6,80.0,34.0,False
1782566400000,0.7846668849193419,7307,10,62.0,34.0,False
1782566700000,0.9256834670216858,9590,8,57.0,33.0,False
1782567000000,0.2897062283541365,457,4,66.0,33.0,False
1782567300000,0.05836801385064137,337,1,67.0,32.0,False
1782567600000,0.30773438216321986,435,3,46.0,32.0,False
1782567900000,0.25260540623396094,3432,7,64.0,32.0,False
1782568200000,0.7066219260964629,7099,8,41.0,32.0,False
1782568500000,0.21810997284841027,8421,9,41.0,32.0,False
1782568800000,0.02905669756984527,8483,8,42.0,32.0,False
1782572700000,0.0,1,1,53.0,26.0,False
1782573300000,0.4011104762954327,5442,8,41.0,26.0,False
1782573600000,0.07582268895730246,2655,9,32.0,26.0,False
1782573900000,0.13656433844306187,762,6,33.0,26.0,False
1782574200000,0.0,4,4,30.0,26.0,False
1782574500000,0.08352533147944065,422,3,29.0,25.0,False
1782574800000,0.3472340362094484,1232,3,73.0,25.0,False
1782575100000,0.2674773615828189,33,2,55.0,24.0,False
1782576300000,0.27515053738356987,800,3,46.0,24.0,False
1782576900000,0.7044521858639083,3498,7,37.0,23.0,False
1782577200000,0.4177736808981141,12768,10,44.0,22.0,False
1782577500000,0.04500804086919316,11670,10,34.0,22.0,False
1782577800000,0.21706402373941738,3005,7,37.0,22.0,False
1782578100000,0.22988445474642363,422,3,28.0,22.0,False
1782578400000,0.0,70,1,21.0,22.0,False
1782578700000,0.0,2,2,17.0,22.0,False
1782581700000,0.0922219530499303,4099,4,15.0,25.0,False
1782582000000,0.17654476448139272,10581,10,13.0,25.0,False
1782582300000,0.09937005508537612,7705,10,16.0,25.0,False
1782582600000,0.2640133490519905,9626,10,16.0,25.0,False
1782582900000,0.27382119390890247,13440,10,14.0,25.0,False
1782583200000,0.030161399802017375,8819,10,15.0,25.0,False
1782583500000,0.2733649444397687,8420,10,31.0,25.0,False
1782583800000,0.5320318358727374,2442,4,13.0,25.0,False
1782584100000,0.048411779887158515,901,2,15.0,27.0,False
1782586500000,0.0,75,1,22.0,25.0,False
1782587700000,0.11759466565886476,126,1,24.0,24.0,False
1782588000000,0.3843719488973699,1568,5,24.0,24.0,False
1782588300000,0.3669847641968202,2331,7,24.0,24.0,False
1782589200000,0.39764707060615556,1765,5,29.0,24.0,False
1782589500000,0.09727275219962861,732,3,51.0,24.0,False
1782589800000,0.35035962941527243,1580,2,59.0,24.0,False
1782590100000,0.34139594773769794,842,6,59.0,23.0,False
1782590400000,0.46062923021707947,2943,10,47.0,23.0,False
1782590700000,0.5270620224369845,3474,10,41.0,22.0,False
1782591000000,0.10522556494364346,3601,10,35.0,22.0,False
1782591300000,0.10015649800053193,875,7,53.0,22.0,False
1782591600000,0.20465946597345766,168,5,62.0,21.0,False
1782591900000,0.0,9,5,49.0,21.0,False
1782592200000,0.0,409,6,54.0,21.0,False
1782592500000,0.0,23,4,41.0,21.0,False
1782592800000,0.0770228924157084,526,4,28.0,21.0,False
1782593100000,0.04216846006370643,98,5,33.0,21.0,False
1782593400000,0.11063578984074304,3151,7,28.0,20.0,False
1782593700000,0.2261074265330023,2125,8,23.0,20.0,False
1782594000000,0.04573906847999563,719,7,22.0,20.0,False
1782594300000,0.24640186896215405,4070,10,26.0,20.0,False
1782594600000,0.16060290597364785,795,6,31.0,20.0,False
1782594900000,0.0,30,3,24.0,20.0,False
1782595200000,0.026221305916469005,215,5,26.0,20.0,False
1782595500000,0.529536869291421,3683,7,21.0,20.0,False
1782595800000,0.4510785541135586,3512,6,20.0,20.0,False
1782596100000,0.15020648330550196,107,5,16.0,20.0,False
1782596700000,0.023205499842516478,108,6,14.0,20.0,False
1782597600000,0.04324784925218575,726,3,10.0,19.0,False
1782597900000,0.21667414054945136,11,3,15.0,19.0,False
1782598200000,0.5995118871382312,6019,9,20.0,19.0,False
1782598500000,0.7701003182034067,8145,10,13.0,21.0,False
1782598800000,0.7116557037767828,2167,4,9.0,21.0,False
1782599400000,0.4268907098402957,22,3,30.0,22.0,False
1782600900000,0.0,2,1,25.0,22.0,False
1782601200000,0.0,58,3,18.0,22.0,False
1782601800000,0.3141777924205301,702,3,12.0,22.0,False
1782602100000,0.0,4,1,12.0,23.0,False
1782723000000,0.5774040369152961,4313,6,63.0,80.0,False
1782723300000,0.28131445164518776,3043,6,45.0,79.0,False
1782723600000,0.42849393201047337,2159,5,44.0,78.0,False
1782723900000,0.7433592584615165,1353,2,40.0,77.0,False
1782734700000,0.26909926200706963,4907,8,34.0,60.0,False
1782735000000,0.7661417428355389,1542,2,27.0,59.0,False
1782735600000,0.022332300425476275,208,2,22.0,59.0,False
1782735900000,0.6490795856071869,3024,5,21.0,59.0,False
1782736200000,0.5546929328554423,2990,9,20.0,59.0,False
1782736500000,0.6558090914905507,2323,9,22.0,59.0,False
1782736800000,0.3986881059643911,2169,8,24.0,59.0,False
1782737100000,0.43787532804931867,2038,6,18.0,58.0,False
1782737400000,0.8529224033363102,3154,5,26.0,58.0,False
1782737700000,0.4415538603733914,437,2,13.0,58.0,False
1782738000000,0.25560883877362023,6822,10,16.0,58.0,False
1782738300000,0.6489892974063559,3229,6,19.0,58.0,False
1782739800000,0.5463533052923771,2994,4,14.0,58.0,False
1782740100000,0.02981021387804546,11998,10,18.0,58.0,False
1782740400000,0.036012396682798126,12554,10,22.0,58.0,False
1782740700000,0.03890869705395188,5260,5,21.0,58.0,False
1782741000000,0.7847529938060529,5004,10,13.0,57.0,False
1782741600000,0.17934509498821127,4633,10,24.0,57.0,False
1782741900000,0.1983875803512181,2743,9,22.0,56.0,False
1782742200000,0.8334905508518347,758,3,14.0,56.0,False
1782742800000,0.2726920198213232,2340,6,20.0,56.0,False
1782743100000,0.36405678927838203,1209,2,19.0,56.0,False
1782801000000,0.2311126820896319,546,1,30.0,90.0,False
1782801300000,0.8613851057862802,11356,10,20.0,90.0,False
1782801600000,0.8002684108885921,7307,9,19.0,90.0,False
1782801900000,0.8138072938200877,14738,10,12.0,89.0,False
1782802200000,0.6862127131840458,3315,4,16.0,89.0,False
1782802500000,0.9175143137770586,5404,7,7.0,89.0,False
1782802800000,0.6675909449973549,16245,10,12.0,89.0,False
1782803100000,0.5500953651927729,10984,10,10.0,89.0,False
1782803400000,0.5391614618250707,5893,8,29.0,89.0,False
1782805500000,0.4224823506910744,1473,3,24.0,82.0,False
1782805800000,0.4424818181915764,86,2,27.0,82.0,False
1783013700000,1.023265288814954,6730,10,54.0,67.0,False
1783014000000,0.7328461799040221,9304,10,57.0,66.0,False
1783014300000,0.8270007956544436,4569,10,50.0,66.0,False
1783014600000,0.6093475353271082,3521,9,50.0,64.0,False
1783014900000,0.8386888188377501,5000,10,44.0,64.0,False
1783015200000,0.7291932936226608,7012,9,40.0,64.0,False
1783015500000,0.987535256072551,5462,10,34.0,63.0,False
1783015800000,0.5992390729111233,5600,10,44.0,62.0,False
1783016100000,0.2803896927389739,3044,6,35.0,62.0,False
1783016400000,0.7464139711848761,11102,10,32.0,61.0,False
1783016700000,0.8074529845649847,6906,10,24.0,61.0,False
1783017000000,0.26609007468446827,6245,10,24.0,61.0,False
1783017300000,0.3380090869927196,1092,5,24.0,60.0,False
1783017600000,0.7871523331346997,3158,9,31.0,60.0,False
1783018200000,0.0,1,1,27.0,59.0,False
1783018500000,0.5894603829966358,5300,10,43.0,59.0,False
1783018800000,0.0,328,2,24.0,58.0,False
1783020000000,0.8063211136614965,5503,8,32.0,56.0,False
1783022700000,0.9138129283350399,4467,8,66.0,53.0,False
1783023000000,1.1095691728322274,2130,3,43.0,52.0,False
1783026600000,0.25622505712462307,679,4,67.0,46.0,False
1783027200000,0.6825474627611555,5597,9,52.0,45.0,False
1783064700000,0.6706758410050032,5884,6,35.0,80.0,False
1783065000000,0.685579392006726,12472,10,50.0,79.0,False
1783065300000,0.7060629873575716,9349,10,44.0,79.0,False
1783065600000,0.7496246091274219,2708,4,52.0,78.0,False
1783065900000,0.72248161871108,3947,6,66.0,77.0,False
1783066200000,0.673031860946086,6319,10,65.0,76.0,False
1783066500000,0.829068329022582,3771,5,62.0,75.0,False
1783066800000,0.8209446834416638,8569,10,45.0,74.0,False
1783067100000,0.27835367727502314,2602,7,60.0,74.0,False
1783067400000,0.8027772732848174,6894,9,55.0,74.0,False
1783067700000,0.7648407633581941,6929,8,56.0,72.0,False
1783068000000,0.0419669268506721,1370,7,55.0,72.0,False
1783115100000,0.523591322832417,8948,7,22.0,25.0,False
1783115400000,0.15962398765700997,2869,7,22.0,25.0,False
1783115700000,0.009674924498975218,1455,5,31.0,25.0,False
1783116000000,0.37501137890269487,5912,8,24.0,24.0,False
1783116300000,0.06804666483389117,4239,8,21.0,24.0,False
1783116600000,0.48230680838762585,7469,9,40.0,24.0,False
1783116900000,0.3471434800344488,2210,7,28.0,24.0,False
1783117200000,0.03860654871748004,1611,5,14.0,24.0,False
1783117500000,0.2226107601712462,613,2,14.0,24.0,False
1783167600000,0.13404178310392503,1690,5,35.0,58.0,False
1783167900000,0.5157070569293846,756,2,36.0,58.0,False
1783168200000,0.3311252506943271,6347,10,24.0,57.0,False
1783168500000,0.35664756984851653,8827,10,28.0,57.0,False
1783168800000,0.5498587634942916,7469,9,24.0,57.0,False
1783169100000,0.11649241317348491,1406,4,73.0,56.0,False
1783216200000,0.5238063304235161,1130,2,56.0,5.0,False
1783216500000,0.0,3,2,62.0,5.0,False
1783216800000,0.0071477432124478725,490,3,74.0,5.0,False
1783217100000,0.0,6,1,64.0,5.0,False
1783217400000,0.0,44,1,61.0,5.0,False
1783226100000,0.0,16,1,46.0,10.0,False
1783241100000,0.0,2,1,80.0,18.0,False
1783244100000,0.2077916809846118,2976,7,57.0,15.0,False
1783244400000,0.26998385466245883,2970,7,60.0,15.0,False
1783244700000,0.023097729148256564,764,4,66.0,14.0,False
1783245000000,0.02198374849931258,1461,4,64.0,14.0,False
1783245300000,0.3256049383200147,1465,4,60.0,14.0,False
1783245600000,0.4546043020586239,4897,8,67.0,14.0,False
1783245900000,0.6152360615562432,6156,7,64.0,14.0,False
1783246200000,0.6983291596486247,3034,6,64.0,14.0,False
1783246500000,0.37164166122319625,2230,5,60.0,14.0,False
1783246800000,0.34244414154012137,1084,4,58.0,13.0,False
1783247700000,0.3299542503092498,944,4,46.0,12.0,False
1783248600000,0.13029865706895913,2522,3,40.0,12.0,False
1783251000000,0.6182240283812985,3548,6,49.0,9.0,False
1783251300000,0.024643397653584392,11773,10,50.0,9.0,False
1783251600000,0.04825826799268015,9982,10,71.0,9.0,False
1783251900000,0.35603064414594665,1887,5,50.0,9.0,False
1783270500000,0.06215410632520119,452,3,39.0,5.0,False
1783270800000,0.7193896916529319,7793,8,36.0,5.0,False
1783271100000,0.5529780756761058,9380,10,34.0,5.0,False
1783271400000,0.7431881970561529,9216,10,34.0,5.0,False
1783271700000,0.639568978174849,10268,10,43.0,5.0,False
1783272000000,0.9607534715550954,6062,9,48.0,5.0,False
1783272300000,0.17599620926526693,330,3,52.0,5.0,False
1783272600000,0.4093262727537856,2812,8,46.0,5.0,False
1783276500000,0.20556909947990754,110,1,58.0,5.0,False
1783344900000,0.7348288147968229,200,1,92.0,36.0,False
1783345200000,0.6693286750717936,14114,9,92.0,36.0,False
1783345500000,0.7627233159717018,6342,10,84.0,35.0,False
1783345800000,1.0237889317789535,5657,10,90.0,34.0,False
1783346100000,0.9565671822216102,4640,10,86.0,34.0,False
1783346400000,0.6133517815134577,6053,9,92.0,33.0,False
1783346700000,0.3738527265443056,756,5,80.0,32.0,False
1783347000000,0.3607685589246865,292,3,79.0,32.0,False
1783347300000,0.9522901747022676,2463,4,75.0,31.0,False
1783347600000,0.043077924948628304,393,3,68.0,30.0,False
1783347900000,0.7840075531408253,3998,4,81.0,30.0,False
1783348200000,0.024510351743252504,886,4,65.0,30.0,False
1783348500000,0.5194638129180426,1925,4,64.0,29.0,False
1783348800000,0.45829440135492955,2626,6,42.0,29.0,False
1783349100000,0.0,27,1,59.0,29.0,False
1783349400000,0.7209561091643383,5499,6,56.0,28.0,False
1783349700000,0.5495909660592565,6442,9,68.0,28.0,False
1783350000000,1.0257935463366583,3910,10,54.0,28.0,False
1783350300000,0.8868160315744831,3703,10,64.0,27.0,False
1783350600000,0.4810749710485719,1888,7,59.0,27.0,False
1783350900000,1.0775984155973457,8432,10,46.0,27.0,False
1783351200000,0.7934640721687736,8771,10,48.0,27.0,False
1783351500000,0.9478407272503084,6256,8,46.0,26.0,False
1783351800000,0.9222583270661252,5259,7,41.0,26.0,False
1783352400000,0.6937660445792988,3554,5,59.0,25.0,False
1783352700000,0.9644163361305118,6457,10,44.0,25.0,False
1783353000000,0.8337045671942338,10133,10,38.0,25.0,False
1783353300000,1.0496804805768263,9463,10,42.0,24.0,False
1783353600000,0.7531919808734868,9780,10,40.0,24.0,False
1783353900000,0.8218003819363893,4464,9,38.0,24.0,False
1783354200000,0.8629104975623383,6391,10,34.0,24.0,False
1783354500000,0.9156482245956616,5915,9,38.0,24.0,False
1783354800000,0.8390479843206434,5636,6,38.0,23.0,False
1783355100000,0.9017348732583013,9793,10,39.0,23.0,False
1783355400000,0.9490165992784574,4387,7,46.0,23.0,False
1783355700000,0.8502644212433378,5112,6,38.0,23.0,False
1783356000000,0.9532677315799717,11025,10,43.0,23.0,False
1783356300000,0.7203576671866181,13052,10,43.0,23.0,False
1783356600000,0.6935231650029889,6354,7,40.0,22.0,False
1783356900000,1.0081445610097597,2061,2,58.0,21.0,False
1783357200000,1.08491147273465,7645,8,40.0,21.0,False
1783357500000,0.9654375031132044,7472,6,66.0,20.0,False
1783358100000,0.8211086613501056,6343,10,82.0,20.0,False
1783358400000,0.6890606010039726,5469,7,68.0,19.0,False
1783358700000,0.40693332394793275,757,6,80.0,19.0,False
1783359000000,0.5709849853818473,3314,10,74.0,19.0,False
1783359300000,0.5144884740193763,2102,10,84.0,18.0,False
1783359600000,0.5737599309350101,5737,10,72.0,18.0,False
1783359900000,0.7828682827557493,3675,7,66.0,18.0,False
1783360200000,0.5120851296908976,3010,9,67.0,17.0,False
1783360800000,0.9542918897949362,4978,9,56.0,16.0,False
1783361700000,0.7519301895436975,1062,6,75.0,16.0,False
1783418100000,0.8174761112974988,5265,8,26.0,68.0,False
1783418400000,0.5416780138706789,4308,10,28.0,68.0,False
1783418700000,0.7753369579048781,10865,10,23.0,67.0,False
1783419000000,0.5534928271041302,10415,10,21.0,67.0,False
1783419300000,0.7570392754139585,12809,10,21.0,67.0,False
1783419600000,0.8575130762026214,13483,10,24.0,67.0,False
1783419900000,0.6282696676408503,15067,10,20.0,67.0,False
1783420200000,0.9425179049248467,13419,10,22.0,67.0,False
1783420500000,0.7125700688614252,10129,10,24.0,66.0,False
1783420800000,0.7926078836984577,12384,10,25.0,66.0,False
1783421100000,0.7766488487200847,10019,9,22.0,65.0,False
1783423800000,0.775457506442948,3599,3,37.0,61.0,False
1783424100000,0.2698920385712951,5706,7,42.0,60.0,False
1783424400000,0.47707510589047386,12208,10,61.0,60.0,False
1783424700000,0.7358335500431142,6314,6,52.0,60.0,False
1783425000000,0.7574923999766672,3502,8,54.0,59.0,False
1783425300000,0.6889701414030074,11159,10,46.0,58.0,False
1783425600000,0.796551282433113,7530,9,46.0,58.0,False
1783427400000,0.6452872571761997,8018,8,45.0,56.0,False
1783428600000,1.0399707304682364,3677,3,39.0,54.0,False
1783428900000,0.7436283405015011,12914,10,34.0,54.0,False
1783429200000,0.9617324399528655,14554,10,37.0,53.0,False
1783429500000,0.9721399507614283,14222,10,42.0,52.0,False
1783429800000,0.8460481914506385,15358,10,36.0,52.0,False
1783430100000,0.9063212781144001,5668,6,48.0,52.0,False
1783430400000,0.9124962233603867,12157,10,44.0,51.0,False
1783430700000,0.8626238802327576,10328,9,29.0,51.0,False
1783431000000,0.7170444148184212,11907,9,38.0,50.0,False
1783431300000,0.8712493873583146,13539,10,46.0,50.0,False
1783431600000,0.8227957878812621,8711,8,52.0,50.0,False
1783431900000,0.9711397167457505,7832,7,52.0,50.0,False
1783432800000,0.9028350359954476,226,1,83.0,48.0,False
1783470900000,0.36132903920100773,1309,4,88.0,5.0,False
1783471200000,0.19621255334018475,1513,3,80.0,5.0,False
1783471500000,0.0,1,1,83.0,5.0,False
1783476600000,0.0,43,2,81.0,5.0,False
1783478100000,0.2320707533750486,252,3,76.0,5.0,False
1783497600000,0.36072684072074734,1093,2,48.0,25.0,False
1783497900000,0.5194397069845582,10577,10,38.0,23.0,False
1783498200000,0.7241955195400649,8120,10,36.0,23.0,False
1783498500000,1.0151599290809192,6910,10,41.0,23.0,False
1783498800000,0.6358168260491782,3594,5,46.0,23.0,False
1783499100000,0.261883292031774,1383,3,36.0,23.0,False
1783499400000,0.8018917714540237,6104,10,43.0,22.0,False
1783499700000,0.6556385832396472,9352,10,36.0,22.0,False
1783500000000,0.6788387585739716,3908,10,36.0,22.0,False
1783500600000,0.40432938730815654,1593,6,28.0,22.0,False
1783500900000,0.9421419124429363,9351,10,31.0,22.0,False
1783501200000,0.9355370510073525,9326,10,24.0,22.0,False
1783501500000,0.5792409243894063,10520,10,34.0,21.0,False
1783502700000,0.8046392735329444,9960,10,26.0,20.0,False
1783503000000,0.7050038433609528,4816,5,36.0,20.0,False
1783503300000,0.8875692063143131,6107,7,38.0,20.0,False
1783503600000,0.7173440440578956,4847,8,34.0,20.0,False
1783503900000,0.7365590272158745,6039,8,37.0,20.0,False
1783504200000,0.9106071425638309,9953,10,30.0,20.0,False
1783504500000,1.0508662327869358,6767,9,25.0,20.0,False
1783504800000,1.0683596947493426,9434,9,36.0,20.0,False
1783505700000,0.831527156578581,4949,9,30.0,19.0,False
1783506000000,0.4597085403830268,800,3,32.0,19.0,False
1783518900000,0.7447066819680962,3885,5,40.0,8.0,False
1783519200000,0.4267710267917941,4025,7,28.0,8.0,False
1783519500000,0.7208034234955093,8727,10,17.0,7.0,False
1783519800000,0.5491281245642724,11221,9,19.0,7.0,False
1783520100000,0.9670140675548794,5266,7,24.0,7.0,False
1783520400000,0.5816843598046134,3956,8,22.0,7.0,False
1783520700000,0.8724434415264253,6114,9,24.0,7.0,False
1783521000000,0.9947664367168128,6032,8,23.0,7.0,False
1783521300000,0.8207258744723601,4562,6,23.0,7.0,False
1783521600000,1.1015278093987906,8745,10,16.0,7.0,False
1783521900000,0.7871844339821205,6635,10,29.0,7.0,False
1783522200000,0.9484235790169342,8689,10,20.0,7.0,False
1783522500000,0.8411290039948561,6886,10,23.0,7.0,False
1783522800000,0.6173504928497369,5086,8,28.0,7.0,False
1783523100000,0.38654214362108463,1466,4,26.0,7.0,False
1783525500000,0.9967893968907802,431,1,22.0,6.0,False
1783548000000,0.4044272497098596,1910,3,55.0,5.0,False
1783548300000,0.009272773218087864,1047,6,60.0,5.0,False
1783548600000,0.0,665,6,59.0,5.0,False
1783562700000,0.4315602842833155,15,2,4.0,40.0,False
1783591200000,0.6219644166396137,2443,3,53.0,75.0,False
1783591500000,0.7509921755387384,995,1,60.0,74.0,False
1783592100000,0.0,83,2,64.0,73.0,False
1783592700000,0.11190990870168403,67,1,82.0,71.0,False
1783593300000,0.0,2,1,80.0,68.0,False
1783593600000,0.0,2,1,81.0,68.0,False
1783593900000,1.1517230314510023,974,2,73.0,66.0,False
1783618500000,0.0,2,1,51.0,36.0,False
1783637700000,0.4846452731328375,1163,6,65.0,10.0,False
1783638000000,1.0,4,1,70.0,10.0,False
1783638600000,1.0635294776977722,52,3,44.0,9.0,False
1783639800000,0.0,1,1,70.0,8.0,False
1783640100000,0.0,2,2,55.0,7.0,False
1783647600000,0.7706366694617969,527,1,66.0,10.0,False
1783647900000,0.8030227533442493,486,1,36.0,10.0,False
1783672500000,0.4989135558551595,961,2,37.0,66.0,False
1783672800000,0.6676436396274918,11980,10,21.0,66.0,False
1783676400000,0.5192265528681987,3664,5,52.0,61.0,False
1783676700000,0.7343193154334077,8625,10,42.0,60.0,False
1783677000000,0.521844112915204,5299,6,36.0,60.0,False
1783677300000,0.6701405770458679,10401,9,46.0,59.0,False
1783677600000,0.6911312521412836,5973,8,48.0,59.0,False
1783677900000,0.36849793278674103,1586,3,38.0,58.0,False
1783678200000,0.5151315257485182,4351,7,49.0,58.0,False
1783678500000,0.20767454406480615,1543,6,46.0,58.0,False
1783678800000,0.37471864821592327,3891,6,38.0,57.0,False
1783679400000,0.8335652347711229,6611,9,21.0,57.0,False
1783679700000,0.8477592847485657,7760,10,24.0,56.0,False
1783680000000,0.7955917265080735,9665,10,24.0,56.0,False
1783680300000,0.6143803222330879,9850,10,29.0,56.0,False
1783680600000,0.6952502057071354,11784,10,24.0,56.0,False
1783680900000,0.7063459057590533,14415,10,26.0,56.0,False
1783681200000,1.0081458182655199,5938,10,30.0,55.0,False
1783681500000,0.7839924502176607,7668,10,38.0,54.0,False
1783681800000,0.8742775525883081,9744,10,28.0,54.0,False
1783682100000,1.0174810633663596,8412,10,26.0,54.0,False
1783682400000,0.9250800483353581,10915,10,24.0,54.0,False
1783682700000,1.0580785355497757,6376,10,34.0,54.0,False
1783683000000,1.0921510489311732,9717,10,31.0,54.0,False
1783683300000,0.7993714766380569,12444,10,28.0,53.0,False
1783683600000,0.9117016627106855,5871,9,28.0,53.0,False
1783683900000,0.9516429296580547,8646,10,32.0,52.0,False
1783684200000,0.7941705231986019,4952,9,28.0,52.0,False
1783685100000,0.32208427492078606,1466,2,48.0,51.0,False
1783686300000,0.7734208851141466,2102,4,38.0,50.0,False
1783686600000,0.325267918393023,2093,3,46.0,50.0,False
1783686900000,0.6868846649404875,2978,6,44.0,49.0,False
1783688100000,0.8520905473899575,3908,7,46.0,47.0,False
1783688400000,0.6325971002004774,5809,9,52.0,46.0,False
1783689300000,0.5423516361545795,2622,2,38.0,45.0,False
1783689600000,0.8237805843767413,6124,10,40.0,44.0,False
1783689900000,0.48774567657586837,4296,8,32.0,44.0,False
1783690200000,0.22460789325717062,1809,9,36.0,44.0,False
1783690500000,0.5060709197315792,2484,6,36.0,44.0,False
1783690800000,0.5521232050446662,4980,10,47.0,44.0,False
1783691100000,0.577892154388525,5772,10,52.0,43.0,False
1783691400000,0.4352042540850805,3928,9,39.0,43.0,False
1783691700000,0.6295940048984474,9434,10,31.0,43.0,False
1783692000000,0.8610655846885811,8750,10,27.0,42.0,False
1783692300000,0.7788892964278629,8054,10,31.0,42.0,False
1783692600000,0.8206823576357426,9917,10,40.0,42.0,False
1783692900000,0.856398992855533,6340,10,37.0,42.0,False
1783693200000,0.7300541113210743,6989,10,30.0,41.0,False
1783693500000,0.7058449607674959,5646,10,46.0,41.0,False
1783693800000,0.6261239794224023,6341,10,30.0,40.0,False
1783694100000,0.7357885126578748,4154,10,30.0,40.0,False
1783694400000,0.8064370634105595,5382,10,34.0,40.0,False
1783694700000,0.6964692543569013,4619,10,36.0,40.0,False
1783695000000,0.6907939681131388,8681,10,29.0,40.0,False
1783695300000,0.6585142227879651,7313,10,25.0,40.0,False
1783695600000,0.5543568473662807,2299,2,27.0,40.0,False
1783696200000,0.4594979956214509,2627,6,32.0,39.0,False
1783706400000,0.18426181194895674,115,2,53.0,26.0,False
1783706700000,0.6547006089243576,2078,3,49.0,25.0,False
1783707600000,0.8882472206178151,194,1,76.0,24.0,False
1783807200000,0.17986409694427613,12687,10,46.0,5.0,False
1783807800000,0.0,28,1,59.0,5.0,False
1783809000000,0.10648900034305064,285,1,54.0,5.0,False
1783809900000,0.0514142479053151,345,1,60.0,5.0,False
1783810200000,0.025651946800986897,784,1,56.0,5.0,False
1783811700000,0.0867160632321641,376,2,63.0,5.0,False
1783813500000,0.0,7,1,38.0,5.0,False
1783932600000,0.5819868463059928,4142,9,27.0,71.0,False
1783937700000,0.3190199791085379,6825,10,68.0,60.0,False
1783938000000,0.5558182079292268,4577,4,68.0,59.0,False
1783938300000,0.0,180,2,55.0,58.0,False
1783938900000,0.15922695421683017,404,1,72.0,57.0,False
1783939800000,0.16364907962348707,349,2,62.0,56.0,False
1783940100000,0.9543058670005502,123,1,76.0,55.0,False
1783940400000,1.2204824350220551,429,1,72.0,54.0,False
1783940700000,0.9407839760227787,1086,2,60.0,54.0,False
1783941000000,0.43470200688727595,1105,2,76.0,54.0,False
1783941300000,0.5427339696667688,3722,4,58.0,53.0,False
1783941900000,0.5482963288266436,3212,8,95.0,52.0,False
1783942200000,0.22140892788895794,958,5,94.0,50.0,False
1783942500000,0.45639791483799613,2471,4,94.0,50.0,False
1784028000000,0.6155226019852253,7497,10,48.0,56.0,False
1784028300000,0.033784888482076114,11612,10,51.0,55.0,False
1784028600000,0.040012689520421474,8368,10,58.0,54.0,False
1784028900000,0.02459483769281359,1198,3,48.0,54.0,False
1784029500000,0.03347948319848917,1467,4,40.0,53.0,False
1784029800000,0.8441583224875925,4619,8,40.0,53.0,False
1784030100000,0.7327039993483188,2624,5,37.0,52.0,False
1784030400000,0.6977038328303463,1488,4,49.0,52.0,False
1784054100000,0.0806813251172431,2869,5,93.0,23.0,False
1784055000000,0.03340501385001362,784,3,91.0,21.0,False
1784059200000,0.04027078948024902,1192,2,96.0,14.0,False
1784059500000,0.03613790580603159,531,2,90.0,14.0,False
1784061600000,0.033075906123641245,291,1,86.0,10.0,False
1784062200000,0.0,107,1,91.0,10.0,False
1784110200000,0.4883333471051368,6321,7,49.0,84.0,False
1784111700000,0.5209691082096372,8112,7,42.0,82.0,False
1784113500000,0.42797513077156857,3323,4,37.0,77.0,False
1784113800000,0.7419339456377658,5185,6,65.0,76.0,False
1784114100000,0.5043333331727564,8749,10,44.0,76.0,False
1784114400000,0.4538014942667971,6717,6,53.0,75.0,False
1784116200000,0.8660243106803156,10343,10,47.0,72.0,False
1784116500000,0.5613584677215664,13197,10,46.0,71.0,False
1784116800000,0.7012731157854143,12657,10,42.0,70.0,False
1784117100000,0.8454259291322938,11835,10,41.0,70.0,False
1784117400000,0.6980529219872609,10843,10,46.0,69.0,False
1784117700000,0.1557660946912288,12960,10,32.0,69.0,False
1784118000000,0.2782433530344498,9337,10,47.0,68.0,False
1784118300000,0.7691480958896294,10117,9,42.0,67.0,False
1784118600000,0.8807186629912598,9040,10,42.0,67.0,False
1784118900000,0.7690910722333666,10892,10,47.0,66.0,False
1784119200000,0.6843808937520331,12462,10,44.0,66.0,False
1784119500000,0.8012024291913622,15156,10,43.0,65.0,False
1784119800000,0.8259677319429528,5610,8,26.0,65.0,False
1784120400000,0.3449080828762617,5902,10,38.0,64.0,False
1784120700000,0.22291617032548813,1896,6,52.0,63.0,False
1784121300000,0.4974882573590568,1175,2,48.0,62.0,False
1784121600000,0.0217504493953972,448,2,44.0,62.0,False
1784121900000,0.1781841325619329,711,3,41.0,61.0,False
1784122200000,0.5686417724447621,818,1,32.0,61.0,False
1784122500000,0.9336722641986537,226,1,30.0,61.0,False
1784122800000,0.5518442006494488,3467,5,28.0,61.0,False
1784123100000,0.2708615701906487,891,2,33.0,60.0,False
1784123400000,0.529432556921356,1221,4,37.0,60.0,False
1784133900000,0.4751039025139592,2890,6,75.0,42.0,False
1784134200000,0.6461678740919509,4581,10,76.0,40.0,False
1784134500000,0.3823741572409792,1098,8,73.0,40.0,False
1784134800000,0.8511696727959001,10333,10,72.0,40.0,False
1784135100000,0.8874113945345705,6271,10,61.0,39.0,False
1784136300000,0.29643163178752324,94,1,59.0,38.0,False
1784140500000,0.37405660262189505,1738,4,65.0,30.0,False
1784141700000,0.09478692954120206,547,2,83.0,28.0,False
1784142000000,0.21821582084404229,274,1,79.0,28.0,False
1784142600000,0.0,111,1,72.0,27.0,False
1784148000000,0.06812462580532022,123,1,65.0,20.0,False
1784148600000,0.023707230013414113,544,2,60.0,20.0,False
1784277600000,0.3041970015440628,8873,9,21.0,83.0,False
1784277900000,0.042242412940230095,9856,10,28.0,82.0,False
1784278200000,0.14305131037941715,11138,10,35.0,82.0,False
1784278500000,0.5875577830241838,5435,8,31.0,81.0,False
1784278800000,0.7375643432970764,10299,10,44.0,80.0,False
1784279100000,0.32761475630235004,12515,9,39.0,80.0,False
1784279400000,0.5429585567248293,5702,10,40.0,79.0,False
1784279700000,0.6738679221414214,5531,8,42.0,79.0,False
1784280000000,0.6856657620022464,3884,9,42.0,78.0,False
1784280300000,0.5920132479084321,4340,10,46.0,78.0,False
1784280600000,0.11679073185767004,932,2,59.0,77.0,False
1784284500000,0.12157698171011123,8556,6,42.0,68.0,False
1784284800000,0.521719563766945,6395,8,55.0,68.0,False
1784285100000,0.16402871252160642,3081,3,56.0,68.0,False
1784285400000,0.6926670239366178,10595,10,53.0,67.0,False
1784285700000,0.6864285819532426,9961,10,52.0,66.0,False
1784286000000,0.023411764800010143,10911,10,62.0,66.0,False
1784286300000,0.07774511657960073,8745,10,61.0,65.0,False
1784286600000,0.42979626726134706,9948,10,64.0,64.0,False
1784286900000,0.6740844615810165,7924,10,70.0,64.0,False
1784291100000,0.1089949946844565,1555,3,56.0,54.0,False
1784291400000,0.2204996417517837,7380,9,63.0,54.0,False
1784292300000,0.923216350726435,3611,9,62.0,52.0,False
1784484300000,0.33918808993852295,571,4,66.0,32.0,False
1784811600000,0.35166784669288537,1174,6,65.0,50.0,False
1784811900000,0.6023741895070341,7249,10,48.0,50.0,False
1784812200000,0.614647446416043,1091,2,40.0,50.0,False
1784812500000,0.1797543920515398,445,2,32.0,49.0,False
1785150300000,0.2403880263916217,2529,6,44.0,76.0,False
1785150600000,0.02476151738118228,1608,4,41.0,76.0,False
1785150900000,0.7273200167970334,7301,10,41.0,75.0,False
1785151200000,0.7465060317055621,9746,10,50.0,74.0,False
1785151500000,0.9109024141110207,7237,8,38.0,74.0,False
1785151800000,0.7258298901520366,5402,7,38.0,73.0,False
1785152100000,0.8256254051938732,9832,9,43.0,72.0,False
1785152400000,0.9735824868790436,9648,10,49.0,72.0,False
1785152700000,0.8009798970129713,10216,9,36.0,72.0,False
1785153000000,0.5003269516917902,12163,10,30.0,71.0,False
1785153300000,0.9736539003013658,12326,10,33.0,71.0,False
1785153600000,0.5477157482015267,4388,7,38.0,70.0,False
1785154500000,0.1646474412237064,619,4,41.0,69.0,False
1785154800000,0.09313975828599347,1115,6,32.0,68.0,False
1785155100000,0.356648853797937,1197,4,31.0,68.0,False
1785155400000,0.1270979276365366,662,5,34.0,67.0,False
1785155700000,0.0,682,6,32.0,66.0,False
1785156000000,0.39428609018127536,1987,5,32.0,66.0,False
1785156300000,0.18193086000673186,996,5,34.0,66.0,False
1785156600000,0.12518910770124744,1935,9,34.0,65.0,False
1785157500000,0.6984763766122501,5392,7,18.0,65.0,False
1785159000000,0.7866281599163644,12531,10,26.0,63.0,False
1785159300000,0.8351497209428442,12742,10,24.0,63.0,False
1785159600000,0.817715914857948,13332,10,26.0,63.0,False
1785159900000,0.8765495446413484,9887,10,30.0,62.0,False
1785160200000,0.7652931174070594,12387,10,30.0,62.0,False
1785160500000,0.7968334409376292,11789,10,30.0,62.0,False
1785160800000,0.557803433420531,3757,7,39.0,61.0,False
1785161100000,0.36471320690589143,2138,6,40.0,60.0,False
1785161400000,0.31984327098850834,1205,3,34.0,60.0,False
1785162000000,0.0,26,1,28.0,59.0,False
1785162300000,0.15424752658487445,1792,4,23.0,59.0,False
1785162600000,0.0,72,1,30.0,59.0,False
1785162900000,0.3919151103101728,2540,5,35.0,59.0,False
1785163200000,0.40374641082864027,1334,4,26.0,58.0,False
1785163500000,0.9493885974263758,1624,3,32.0,58.0,False
1785163800000,0.04423698817209874,379,2,28.0,57.0,False
1785164100000,0.5199012542367595,1164,2,30.0,57.0,False
1785164400000,0.6005697341173959,8258,9,27.0,57.0,False
1785164700000,0.5781073010811741,4990,8,22.0,57.0,False
1785165000000,0.9941226006202538,6130,7,19.0,57.0,False
1785165300000,0.5574524259659829,2962,7,14.0,57.0,False
1785165600000,0.0,80,2,10.0,57.0,False
1785168300000,0.42058882022392935,2162,3,21.0,63.0,False
1785168600000,0.32664243039278934,1590,3,18.0,63.0,False
1785168900000,0.054162731210182426,1940,6,24.0,63.0,False
1785169200000,0.0,487,2,23.0,63.0,False
1785169800000,0.7728735104898401,12095,10,22.0,63.0,False
1785234600000,1.1953053174987436,618,1,26.0,66.0,False
1785234900000,0.7641180993591915,9117,9,20.0,66.0,False
1785235200000,0.707104693979589,8328,10,23.0,66.0,False
1785235500000,0.6719802437241705,7592,9,26.0,65.0,False
1785235800000,0.6830689331172184,8978,10,32.0,65.0,False
1785236100000,0.46023793728414725,9372,10,19.0,65.0,False
1785236400000,0.781824872581295,5124,5,26.0,65.0,False
1785238200000,0.6031479048988828,4795,5,54.0,62.0,False
1785238500000,0.5345305860056808,10337,10,50.0,62.0,False
1785238800000,0.6095463425099388,11753,10,36.0,61.0,False
1785239100000,0.42172067657721346,4061,9,32.0,61.0,False
1785239400000,0.38600085951690283,2271,5,36.0,61.0,False
1785239700000,0.12230066846556986,449,3,38.0,60.0,False
1785240000000,0.08451495749239933,634,4,38.0,60.0,False
1785240300000,0.0,86,1,30.0,60.0,False
1785240600000,0.45749490984460994,2111,5,39.0,59.0,False
1785241800000,0.6147345079131331,967,3,41.0,58.0,False
1785242100000,0.36100782256279046,762,5,38.0,57.0,False
1785323700000,0.8441750709684971,7135,10,34.0,66.0,False
1785324000000,0.6435458254041946,6935,8,40.0,66.0,False
1785324300000,0.8294041071561631,10357,10,44.0,65.0,False
1785324600000,0.6104123282879282,8402,10,40.0,65.0,False
1785324900000,0.6037870877274951,9481,10,40.0,64.0,False
1785325200000,1.092473793912186,9029,10,40.0,64.0,False
1785325500000,0.7716445916455256,6028,6,30.0,63.0,False
1785325800000,0.7622267535328395,10165,10,31.0,63.0,False
1785326100000,1.0374643093784939,11721,10,30.0,63.0,False
1785326400000,0.8671326340830028,7645,10,28.0,62.0,False
1785326700000,0.8266159412926743,7440,10,25.0,61.0,False
1785327000000,0.7613418994008778,9938,10,28.0,61.0,False
1785327300000,0.762781101025413,9876,10,31.0,60.0,False
1785327600000,0.6809833797909282,13872,10,40.0,60.0,False
1785327900000,0.9552829993043451,5876,10,43.0,59.0,False
1785328200000,0.8109602713828888,7438,10,32.0,59.0,False
1785328500000,1.0814635500456153,4819,8,30.0,59.0,False
1785328800000,0.8890698073668059,8709,10,33.0,59.0,False
1785329100000,0.8008513242229459,2956,7,40.0,58.0,False
1785329400000,0.9403532475215716,7474,10,27.0,58.0,False
1785330300000,0.5713743672222035,4751,7,30.0,57.0,False
1785330600000,0.559973093308615,2212,6,49.0,56.0,False
1785332400000,0.6402533400732177,5414,10,21.0,53.0,False
1785332700000,0.7011371275331609,7360,10,23.0,53.0,False
1785333000000,0.5677614080093922,6230,10,22.0,53.0,False
1785333300000,0.6940826431893182,10898,10,22.0,53.0,False
1785333900000,0.529141587563219,7459,7,26.0,52.0,False
1785334200000,0.6400906611459203,10287,10,28.0,52.0,False
1785334500000,0.48224670630838784,9972,10,24.0,52.0,False
1785334800000,0.8812940259399261,2232,3,33.0,52.0,False
1785335400000,0.2761954276479391,21,1,25.0,51.0,False
1785335700000,0.0,334,3,38.0,51.0,False
1785753600000,0.576656032757963,1315,3,29.0,80.0,False
1785753900000,0.4383395863217475,8252,10,22.0,80.0,False
1785754200000,0.5531189349795945,10548,10,28.0,79.0,False
1785754500000,0.8272767802318399,6030,9,30.0,79.0,False
1785754800000,0.7843800889966803,7278,9,32.0,78.0,False
1785755100000,0.780531425785894,7126,8,35.0,78.0,False
1785756300000,0.0,1,1,34.0,76.0,False
1785757200000,0.13343854944275785,945,2,21.0,75.0,False
1785758400000,0.4214019076505593,4273,9,34.0,74.0,False
1785758700000,0.22693580599861765,487,3,33.0,73.0,False
1785759000000,0.0,41,3,39.0,73.0,False
1785759300000,0.1466390543353995,1945,4,32.0,72.0,False
1785759600000,0.4679085534643702,1316,5,35.0,71.0,False
1785759900000,0.0685860940364442,122,1,25.0,71.0,False
1785760200000,0.4721145154368699,594,4,34.0,70.0,False
1785760500000,0.5984777953997843,2580,6,26.0,70.0,False
1785760800000,0.6505953352332697,3701,10,25.0,70.0,False
1785761100000,0.6999932691687349,5906,9,48.0,70.0,False
1785761400000,0.39691787729451605,4894,9,34.0,69.0,False
1785761700000,0.7610475264406416,6136,10,22.0,69.0,False
1785762000000,0.7311641701545653,3008,8,22.0,68.0,False
1785762300000,0.8994017795622439,7144,10,25.0,68.0,False
1785762600000,0.5175778906926134,4874,10,20.0,68.0,False
1785762900000,0.8717073800524165,9209,10,22.0,68.0,False
1785763200000,0.34534100602875856,8814,10,20.0,68.0,False
1785763500000,0.23157798854715247,5048,9,20.0,68.0,False
1785763800000,0.48817407311301536,1888,9,23.0,68.0,False
1785764700000,0.6495580241243477,664,2,16.0,67.0,False
1785765000000,0.6924116526413386,333,2,16.0,67.0,False
1785765300000,0.8157285123587711,5986,10,20.0,67.0,False
1785765600000,0.39078903097451984,3317,8,22.0,67.0,False
1785765900000,0.5894724904140134,275,3,24.0,67.0,False
1785766500000,0.9957274520849255,117,1,24.0,66.0,False
1785766800000,0.0,4,1,29.0,65.0,False
1785767100000,0.10452247948241086,421,1,25.0,65.0,False
1785767400000,0.7101234912653349,309,1,22.0,65.0,False
1785767700000,0.5987381660305027,54,2,25.0,65.0,False
1785768000000,0.3273960781094503,3377,9,22.0,65.0,False
1785768300000,0.3000566409965935,2689,8,20.0,65.0,False
1785768600000,0.18515407550364632,491,2,22.0,65.0,False
1785768900000,0.7054859968683591,2494,5,21.0,64.0,False
1785769200000,0.7430938603443198,5738,9,20.0,64.0,False
1785771900000,0.2764007487137911,2823,6,28.0,62.0,False
1785772200000,0.9720720617676001,8388,10,20.0,62.0,False
1785772500000,0.5807317770374417,5647,10,15.0,62.0,False
1785772800000,0.665982696669795,2393,9,20.0,62.0,False
1785773100000,0.39762346346011473,2528,8,33.0,61.0,False
1785773400000,0.6695579149652708,5229,10,31.0,61.0,False
1785773700000,0.7371915828161244,6548,10,30.0,61.0,False
1785774000000,0.7184834931753458,8260,10,30.0,60.0,False
1785774300000,0.3498369046374917,9865,10,31.0,60.0,False
1785774600000,0.18728955258498145,10418,10,25.0,60.0,False
1785774900000,0.1177645499086251,9307,10,24.0,60.0,False
1785775200000,0.3300689263738436,11471,10,43.0,59.0,False
1785775500000,0.6018315690319456,9843,9,40.0,59.0,False
1785775800000,0.7400219384560442,6313,9,26.0,58.0,False
1785776100000,0.8920965355231079,7544,10,25.0,58.0,False
1785776400000,0.6757059507733918,5622,9,23.0,58.0,False
1785776700000,0.835232436611791,6147,10,24.0,57.0,False
1785777000000,1.0055160941657388,9482,10,31.0,57.0,False
1785777300000,0.7115251658074329,6246,10,26.0,57.0,False
1785777600000,0.9005346262934477,8993,10,31.0,57.0,False
1785870900000,0.33447640921106436,5958,8,88.0,28.0,False
1785871200000,0.7155845801905731,9367,9,86.0,27.0,False
1785871500000,0.6788100790239063,11082,10,90.0,27.0,False
1785871800000,0.0,1,1,84.0,26.0,False
1785872100000,0.11471393600886597,9430,9,82.0,25.0,False
1785872400000,0.06620580035079826,9515,10,77.0,25.0,False
1785872700000,0.04485043297183049,11043,10,85.0,24.0,False
1785873000000,0.109062782991685,7767,10,86.0,24.0,False
1785873300000,0.046631173921654154,8919,10,86.0,23.0,False
1785873600000,0.041839477997851135,8199,10,87.0,23.0,False
1785873900000,0.03533177950207011,10101,10,84.0,22.0,False
1785874200000,0.03799737287151314,8409,8,85.0,22.0,False
1785888300000,0.051313885693838844,8598,8,26.0,9.0,False
1785888600000,0.04367019795340585,8221,10,18.0,8.0,False
1785888900000,0.37951791793000095,7688,10,18.0,8.0,False
1785889200000,0.724974522651898,3394,5,21.0,8.0,False
1785889500000,0.25479299121827104,811,4,15.0,10.0,False
1785889800000,0.0,855,4,16.0,10.0,False
1785890100000,0.49608851696567374,964,6,16.0,10.0,False
1785890400000,0.6725221213193485,1879,6,15.0,10.0,False
1785890700000,0.1709867319819281,645,5,14.0,11.0,False
1785891000000,0.44773432057101115,254,2,20.0,12.0,False
1785928500000,0.8342032472743921,4933,8,34.0,89.0,False
1785928800000,0.928654203260843,6153,10,50.0,88.0,False
1785929100000,0.46377705021393156,10503,10,54.0,87.0,False
1785929400000,0.15050921406321535,11839,10,48.0,86.0,False
1785929700000,0.037004247390251085,11443,10,54.0,86.0,False
1785930000000,0.216274372990051,10812,10,49.0,84.0,False
1785930300000,0.0386208700674783,11716,10,57.0,84.0,False
1785930600000,0.3240280046137813,8226,10,44.0,82.0,False
1785930900000,0.035449988724167394,10410,10,43.0,82.0,False
1785931200000,0.04235831536005215,12447,10,30.0,82.0,False
1785931500000,0.040095432268674784,9088,10,38.0,80.0,False
1785931800000,0.3824439360232332,8010,9,33.0,80.0,False
1785932100000,0.4981906084802701,10529,9,40.0,80.0,False
1785935700000,0.6177078584900235,4510,5,19.0,76.0,False
1785936000000,0.5839010085058932,5696,8,22.0,76.0,False
1785936300000,0.6596963998638208,6945,10,21.0,76.0,False
1785936600000,0.29978691639227845,6230,7,21.0,76.0,False
1785936900000,0.0,5,1,69.0,74.0,False
1785940500000,0.49258570901868015,2826,4,20.0,66.0,False
1785940800000,0.7989417892041367,8888,9,15.0,66.0,False
1785941100000,0.464282761386817,7787,10,14.0,66.0,False
1785941400000,0.04240731415166581,10621,10,16.0,66.0,False
1785941700000,0.03132988760844907,10294,10,19.0,66.0,False
1785942000000,0.02352184127018612,11088,10,18.0,66.0,False
1785942300000,0.11325556918670518,13259,10,19.0,66.0,False
1785942600000,0.030665822388970358,11372,10,18.0,66.0,False
1785942900000,0.05392645992409054,10479,10,23.0,66.0,False
1785943200000,0.16166210690071411,9044,10,24.0,66.0,False
1785943500000,0.12395282829274758,945,3,22.0,65.0,False
1785944400000,0.04086051565222099,5540,4,22.0,64.0,False
1785944700000,0.3488241367340289,8253,9,25.0,64.0,False
1785945000000,0.4423476145364676,2692,8,32.0,63.0,False
1785945300000,0.6247034576605419,5800,10,25.0,63.0,False
1785945600000,0.3703376748242034,2723,7,21.0,62.0,False
1785945900000,0.20519833727751385,3246,9,24.0,62.0,False
1785946200000,0.3766232927048619,10631,10,19.0,62.0,False
1785946500000,0.060005494411939655,12307,10,24.0,62.0,False
1785946800000,0.047017498427299194,11470,10,24.0,61.0,False
1785947100000,0.044828485218115735,9932,10,23.0,61.0,False
1785947400000,0.3053217152122446,10450,10,23.0,61.0,False
1785947700000,0.6285588489741486,6880,9,21.0,61.0,False
1785948000000,0.7401350828776067,6594,10,30.0,61.0,False
1785948300000,0.14189159258679648,117,1,28.0,60.0,False
1785948900000,0.0,357,2,23.0,59.0,False
1785949500000,0.0664596409314603,4334,8,21.0,58.0,False
1785950100000,0.12293783873371888,1081,6,54.0,58.0,False
1785950400000,0.5871675041904961,719,6,87.0,56.0,False
1785950700000,0.2371908896079156,1636,4,91.0,56.0,False
1785951000000,0.5095051513828444,159,5,76.0,56.0,False
1785951300000,0.0,2,1,70.0,54.0,False
1785951600000,0.5368191356483334,384,2,67.0,53.0,False
1785951900000,0.0,139,2,66.0,52.0,False
1785952200000,0.12364721993102838,74,2,54.0,52.0,False
1785952800000,0.07910807383361514,1454,4,53.0,51.0,False
1785953100000,0.023707230013414113,629,2,52.0,50.0,False
1785953400000,0.0,4,1,32.0,50.0,False
1785953700000,0.4902666452940422,2365,4,29.0,50.0,False
1785954600000,0.1756033943736649,288,3,74.0,49.0,False
1785954900000,0.14489961753310665,97,1,64.0,48.0,False
1785955200000,0.0,96,1,54.0,48.0,False
1785956100000,0.0,1,1,27.0,46.0,False
1785956700000,0.0,48,1,22.0,45.0,False
1785957300000,0.7118024378160277,4310,10,50.0,45.0,False
1785957600000,0.6686116720216307,1870,7,48.0,44.0,False
1785957900000,0.2773315024249535,1948,9,45.0,44.0,False
1785958200000,0.549308808011887,1543,3,27.0,44.0,False
1785958500000,0.8705097977074664,3437,7,40.0,44.0,False
1785958800000,0.8987498724029152,5546,10,46.0,43.0,False
1785959100000,0.26381258396964125,1335,5,42.0,42.0,False
1785959400000,0.5937533437300667,1466,9,54.0,42.0,False
1785959700000,0.6728136441977245,6528,7,40.0,42.0,False
1785960000000,0.6457040233840573,7053,10,27.0,41.0,False
1785960300000,0.0,1,1,47.0,41.0,False
1785960900000,0.0,1,1,48.0,40.0,False
1785961200000,0.0,1,1,62.0,40.0,False
1785963300000,0.46205273585473206,1039,4,31.0,38.0,False
1785963900000,0.08218421894342506,780,4,62.0,37.0,False
1785964200000,0.5552112802610055,2232,8,77.0,36.0,False
1785964500000,0.6778424436071988,2351,9,84.0,36.0,False
1785964800000,0.38598286778160923,4863,9,84.0,35.0,False
1785965100000,0.08260773633288764,10554,10,89.0,35.0,False
1785965400000,0.29739533394603745,6380,10,85.0,34.0,False
1785965700000,0.027820320507657603,10492,10,88.0,33.0,False
1785966000000,0.05274488146298893,9959,10,83.0,32.0,False
1785966300000,0.0407493253646624,8058,10,78.0,32.0,False
1785966600000,0.147483000036008,9546,10,78.0,31.0,False
1785966900000,0.13322230065041132,6080,10,76.0,30.0,False
1785967200000,0.03649488215666609,8395,10,70.0,30.0,False
1785967500000,0.5275507001281892,9016,10,64.0,30.0,False
1785967800000,0.4618534224343492,3802,10,69.0,29.0,False
1785968100000,0.8222012134806148,5769,9,58.0,28.0,False
1785968700000,0.8685322642470279,366,1,46.0,28.0,False
1785969600000,0.5407313534680567,340,2,43.0,27.0,False
1785969900000,0.738870501924206,3802,10,32.0,27.0,False
1785970200000,0.5527160183779409,592,5,40.0,26.0,False
1785970500000,0.6819859361786635,1216,4,35.0,26.0,False
1785970800000,0.0,6,2,34.0,26.0,False
1785971100000,1.0265141707929433,1439,3,28.0,26.0,False
1785971700000,0.733028957195673,871,7,56.0,25.0,False
1785972000000,0.4089165653527628,3063,10,68.0,25.0,False
1785972300000,0.7525338041470206,227,1,42.0,24.0,False
1785972600000,0.6736471776879145,3736,4,26.0,24.0,False
1785972900000,1.0961730883626433,7619,10,22.0,24.0,False
1785973200000,0.7107033244573829,7345,10,21.0,24.0,False
1785973500000,0.5385805355384778,4696,5,20.0,24.0,False
1786009800000,0.5524256841719237,9829,8,42.0,97.0,False
1786010400000,0.5543093030561391,7167,10,18.0,96.0,False
1786010700000,0.29893881787093474,4842,5,21.0,96.0,False
1786011000000,0.8053434806200647,6234,10,25.0,95.0,False
1786011300000,0.5584365629441462,10958,10,30.0,94.0,False
1786011600000,0.4586234269829596,10025,10,28.0,94.0,False
1786011900000,0.7968485965761468,9315,10,43.0,93.0,False
1786012200000,0.7478544616890251,9646,10,27.0,93.0,False
1786012500000,0.8906792768225558,9932,10,23.0,92.0,False
1786012800000,0.8702570930894492,7292,10,23.0,92.0,False
1786013100000,0.7035050049974846,6064,10,26.0,91.0,False
1786013400000,0.7990182700405368,7470,10,31.0,90.0,False
1786013700000,0.8538800459103028,2978,10,25.0,90.0,False
1786014000000,0.47875934720935387,3339,10,22.0,89.0,False
1786014300000,0.8817575048765413,12240,10,21.0,89.0,False
1786014600000,1.0323845197420465,6227,10,30.0,89.0,False
1786014900000,0.9017978284355337,8551,9,22.0,88.0,False
1786015200000,0.9467603211451354,5508,10,23.0,88.0,False
1786015500000,1.0302173827129515,4632,10,24.0,88.0,False
1786015800000,0.6830438747126467,2934,10,72.0,86.0,False
1786016100000,0.24224281990309543,2527,10,90.0,85.0,False
1786016400000,0.5675711041003556,7410,10,95.0,84.0,False
1786016700000,0.7077493608727468,5961,10,60.0,83.0,False
1786017000000,0.8317107592044548,4540,10,66.0,82.0,False
1786017300000,0.07766645762510146,11295,10,74.0,81.0,False
1786017600000,0.21540868725065226,8585,10,72.0,80.0,False
1786017900000,0.5759605992282956,4050,10,71.0,80.0,False
1786018200000,0.6811045476954635,2569,10,58.0,79.0,False
1786018500000,0.7287034195608756,3724,10,44.0,78.0,False
1786018800000,0.4259722533779894,1522,10,31.0,78.0,False
1786019100000,0.6431842838698834,4294,9,28.0,77.0,False
1786019400000,0.5027568177514455,2213,7,32.0,77.0,False
1786019700000,0.8440201245180786,4680,10,38.0,76.0,False
1786020000000,0.6157556877844905,5278,9,36.0,75.0,False
1786020300000,0.9159945357590651,4321,10,30.0,75.0,False
1786020600000,0.8445270785877692,5829,10,35.0,75.0,False
1786020900000,0.9683545869346805,5509,6,25.0,74.0,False
1786021500000,1.100284682563331,5202,10,30.0,73.0,False
1786021800000,0.7777257782905467,6276,9,22.0,73.0,False
1786022100000,0.03430223316153379,11188,10,24.0,73.0,False
1786022400000,0.17403262079041174,9482,10,31.0,72.0,False
1786022700000,0.2925303090185158,7093,10,43.0,72.0,False
1786023000000,0.9084343408326717,1736,3,28.0,72.0,False
1786023900000,0.5596140736677048,6311,8,38.0,70.0,False
1786024200000,0.36774011507128695,3189,6,42.0,69.0,False
1786025100000,0.6318619309488396,444,1,24.0,68.0,False
1786025400000,0.1847712450281291,206,2,25.0,68.0,False
1786025700000,0.0,1,1,35.0,67.0,False
1786026000000,1.267493183515788,1149,2,46.0,67.0,False
1786026300000,0.4206558410109432,2023,7,48.0,66.0,False
1786026600000,0.2207221017736921,1267,4,58.0,66.0,False
1786026900000,0.7623170047961825,153,4,87.0,64.0,False
1786027200000,0.28734788116676735,1173,9,96.0,64.0,False
1786027500000,0.6688303054444454,1032,3,93.0,63.0,False
1786027800000,0.26455550583010756,981,4,88.0,62.0,False
1786028100000,0.6535759452079695,4347,8,91.0,61.0,False
1786028400000,0.7533726227447852,2696,10,88.0,60.0,False
1786028700000,0.566223003738144,3788,10,84.0,59.0,False
1786029000000,0.5652546291285765,3404,9,79.0,58.0,False
1786029300000,0.7425438700819941,1828,3,78.0,58.0,False
1786029600000,0.6322290842902394,1810,9,73.0,56.0,False
1786029900000,0.4056390622295664,51,2,91.0,56.0,False
1786030200000,0.0,12,1,86.0,55.0,False
1786030500000,1.0166487043212578,243,2,72.0,54.0,False
1786031400000,0.4064594661950418,210,2,76.0,53.0,False
1786032300000,0.0,31,1,92.0,51.0,False
1786094700000,0.7617937830919312,6964,9,29.0,87.0,False
1786095000000,0.4265205957465657,9011,10,24.0,86.0,False
1786095300000,0.47201914169701437,3618,6,24.0,85.0,False
1786095600000,0.9083656422193154,5310,8,20.0,85.0,False
1786095900000,0.5580596423006006,3458,10,19.0,85.0,False
1786096200000,0.7469639760285263,5124,10,16.0,85.0,False
1786096500000,0.6000191496210848,9322,10,15.0,85.0,False
1786096800000,0.7592716353271566,8071,10,16.0,84.0,False
1786097100000,0.7926443262635061,9103,9,18.0,84.0,False
1786097400000,0.7516580309482189,10865,10,18.0,84.0,False
1786097700000,0.7708884084862568,10706,10,18.0,84.0,False
1786098000000,0.10682256865750621,5517,10,24.0,84.0,False
1786098300000,0.2955480953077368,6905,10,19.0,84.0,False
1786098600000,0.42903621192879393,6271,9,13.0,83.0,False
1786098900000,0.03477973823366106,9597,10,18.0,83.0,False
1786099200000,0.10901444504226028,9986,10,19.0,83.0,False
1786099500000,0.18825353654992005,7319,10,18.0,83.0,False
1786099800000,0.12406014267659118,10266,10,19.0,82.0,False
1786100100000,0.1515228188984243,9809,10,21.0,82.0,False
1786100400000,0.046502675532656336,8781,10,28.0,82.0,False
1786100700000,0.1991023034738938,1117,4,27.0,80.0,False
1786101000000,0.2705131524980639,1878,7,15.0,80.0,False
1786101300000,0.5623665225836537,990,3,22.0,80.0,False
1786102200000,0.24340888378810943,381,3,67.0,78.0,False
1786102500000,0.4093142252868235,1285,5,64.0,77.0,False
1786102800000,0.3778644694288266,1807,7,85.0,76.0,False
1786103400000,0.3134426214199622,177,3,98.0,74.0,False
1786103700000,0.40465924605282444,234,4,89.0,73.0,False
1786104000000,0.24976520945182912,1326,8,91.0,72.0,False
1786104300000,0.5078328897827791,2112,9,90.0,71.0,False
1786104900000,0.6501877836401349,2845,9,85.0,69.0,False
1786105200000,0.28620784660524,1896,10,90.0,68.0,False
1786105500000,0.823309691048258,3050,10,83.0,67.0,False
1786105800000,0.7612410184142854,4391,10,82.0,66.0,False
1786115100000,0.34282000871237556,1674,7,67.0,49.0,False
1786115400000,0.8348764288426193,5205,9,28.0,49.0,False
1786115700000,0.530356781956773,1272,6,36.0,49.0,False
1786116000000,0.44872898478589396,627,4,28.0,49.0,False
1786116300000,0.512028546225388,457,3,24.0,49.0,False
1786116600000,0.7311116074711399,3681,10,35.0,48.0,False
1786116900000,0.1454970388122206,368,4,29.0,48.0,False
1786117200000,0.5809847824843102,1765,5,24.0,48.0,False
1786117500000,0.7334165429789896,4553,10,28.0,48.0,False
1786117800000,0.7604740551952186,4049,10,24.0,48.0,False
1786118100000,0.5896127801340733,3678,9,24.0,48.0,False
1786118400000,0.5087457858683077,1419,7,38.0,47.0,False
1786118700000,0.0,362,3,32.0,46.0,False
1786119000000,0.3037270256049813,474,4,25.0,46.0,False
1786119300000,0.30810472208290934,526,3,63.0,46.0,False
1786119600000,0.4337408618309861,374,4,70.0,45.0,False
1786119900000,0.6680162174843767,5155,10,52.0,45.0,False
1786120200000,0.6398848276069042,2446,10,58.0,44.0,False
1786120500000,0.3892904874253421,8074,10,83.0,44.0,False
1786120800000,0.08220741444306565,7542,10,82.0,43.0,False
1786121100000,0.0567976582022828,7148,8,83.0,42.0,False
1786121400000,0.58255788199149,3003,9,68.0,42.0,False
1786121700000,0.8226019137290546,6038,10,71.0,41.0,False
1786122000000,1.0088667357323824,5319,10,64.0,41.0,False
1786122300000,0.9517113780670947,3992,10,60.0,40.0,False
1786122600000,0.8020640736641764,6006,10,68.0,39.0,False
1786122900000,0.6323819623506186,6160,10,60.0,39.0,False
1786123200000,0.7367474513456156,8911,9,59.0,38.0,False
1786123500000,0.7316949379392201,12672,10,53.0,38.0,False
1786123800000,0.9270280181561137,3785,10,50.0,37.0,False
1786124100000,0.6553141225290731,6355,10,47.0,37.0,False
1786124400000,0.5706295005451871,5203,10,45.0,37.0,False
1786124700000,0.3031895472019893,1269,9,33.0,37.0,False
1786125000000,0.7741095305429067,4146,10,38.0,37.0,False
1786125900000,0.22432696034508792,249,1,37.0,35.0,False
1786126500000,0.7162958897314926,1056,3,49.0,34.0,False
1786126800000,0.5522478299033862,1873,5,40.0,34.0,False
1786127100000,0.8757533629186318,2173,8,58.0,34.0,False
1786127400000,0.6860844718445055,3974,10,59.0,34.0,False
1786127700000,0.5376955938330163,2001,9,72.0,33.0,False
1786128000000,0.7116064478230164,2536,10,73.0,33.0,False
1786128300000,0.6198582241941559,2358,10,72.0,32.0,False
1786128600000,0.33965569225879494,1708,6,79.0,32.0,False
1786128900000,0.6249713055323707,2976,10,76.0,31.0,False
1786129200000,0.8645294933515115,1877,8,74.0,30.0,False
1786129500000,0.8542469363479362,9025,10,76.0,30.0,False
1786129800000,1.0454562276743347,3933,10,73.0,29.0,False
1786130100000,0.733326388706332,2464,9,70.0,29.0,False
1786130400000,0.8002946191204774,5699,10,64.0,28.0,False
1786130700000,0.9043017651271958,2341,9,64.0,28.0,False
1786131000000,1.00824726505815,4635,9,67.0,28.0,False
1786131300000,0.8587904506716766,7397,10,62.0,27.0,False
1786131600000,0.7934719945612003,3831,9,67.0,27.0,False
1786131900000,0.9932401009467234,9266,10,61.0,26.0,False
1786132200000,0.859469801531009,3780,9,58.0,26.0,False
1786132500000,1.010051225535721,7466,10,61.0,26.0,False
1786132800000,0.7745572867560409,3679,9,52.0,26.0,False
1786133100000,0.4770272382521276,606,6,54.0,25.0,False
1786133400000,0.8138016630015779,4947,10,54.0,25.0,False
1786133700000,0.8507089552424734,6910,9,52.0,25.0,False
1786134000000,1.0876115471344683,4297,10,42.0,24.0,False
1786134300000,0.9232206260559315,4751,9,33.0,24.0,False
1786134600000,0.9054082115808342,4303,10,44.0,24.0,False
1786134900000,0.43752904834856066,1406,5,70.0,23.0,False
1786135200000,0.4649489689467711,641,6,60.0,23.0,False
1786135500000,0.29063045568681395,1239,4,62.0,23.0,False
1786135800000,0.7274049690544719,1756,7,60.0,22.0,False
1786136100000,0.7816640393561499,1674,10,84.0,22.0,False
1786136400000,1.0170174779472845,1813,8,72.0,22.0,False
1786136700000,0.7349599674950194,3772,10,72.0,21.0,False
1786137000000,0.5947307951485812,2453,10,58.0,21.0,False
1786137300000,0.584909085243257,2621,9,68.0,20.0,False
1786137600000,0.6024495071012966,2636,10,63.0,20.0,False
1786137900000,1.0073191757019042,2306,5,46.0,20.0,False
1786138200000,0.3637374122459864,1970,9,30.0,20.0,False
1786138500000,0.29816551104296274,3368,9,40.0,19.0,False
1786138800000,0.0,118,1,58.0,19.0,False
1786139100000,0.0,1,1,75.0,19.0,False
1786139700000,0.5234738265866123,234,2,59.0,18.0,False
1786140300000,0.0,5,1,33.0,18.0,False
1786140900000,0.15935006268563445,86,1,29.0,17.0,False
1786141200000,1.0,4,1,26.0,17.0,False
1786141500000,0.07526826758743452,109,1,24.0,17.0,False
1786142700000,0.0,4,1,24.0,17.0,False
1786143000000,0.032526695749918594,749,3,23.0,17.0,False
1786172400000,0.8915322884154409,3902,5,13.0,100.0,False
1786172700000,0.8257715383052325,5149,8,10.0,100.0,False
1786173000000,0.3088009970025484,2107,5,11.0,100.0,False
1786173300000,0.049025378809427506,963,2,8.0,100.0,False
1786173900000,0.7720369731255685,3309,4,11.0,100.0,False
1786174200000,0.513864439210119,9492,10,6.0,100.0,False
1786174500000,0.7018142643228972,4368,8,10.0,100.0,False
1786174800000,0.4109391186256272,1200,3,9.0,100.0,False
1786175400000,0.48966973150569076,2886,3,6.0,100.0,False
1786175700000,0.06148858220727293,2184,7,7.0,100.0,False
1786176000000,0.14677154060620146,2956,8,8.0,100.0,False
1786176300000,0.15058752772361253,1777,8,6.0,100.0,False
1786176600000,0.023727391702419425,2977,6,6.0,100.0,False
1786176900000,0.3769111406214103,1815,4,12.0,100.0,False
1786177200000,0.5407305797547546,4265,8,12.0,100.0,False
1786177500000,0.07824553145285076,131,2,12.0,100.0,False
1786177800000,0.1465239066611375,638,2,10.0,100.0,False
1786178100000,0.0,12,1,10.0,100.0,False
1786178400000,0.0028747945033201494,1270,5,11.0,100.0,False
1786178700000,0.12511361183708097,1862,7,13.0,99.0,False
1786179000000,0.8948802891259566,7058,10,10.0,99.0,False
1786179300000,0.7528506424765367,5941,10,15.0,99.0,False
1786179600000,0.35450216909530113,4569,6,25.0,98.0,False
1786179900000,0.28567227199293166,9265,10,25.0,98.0,False
1786180200000,0.5490973127700293,7520,8,17.0,98.0,False
1786180500000,0.5998964859020732,2621,7,20.0,98.0,False
1786180800000,0.07016363549529663,262,2,9.0,97.0,False
1786181100000,0.08779145233334613,1020,6,13.0,97.0,False
1786181400000,0.0399973422721552,659,4,15.0,97.0,False
1786181700000,0.33544477013760504,2192,3,11.0,97.0,False
1786182000000,0.888009994894629,5960,9,20.0,97.0,False
1786182300000,0.951250574685174,7608,9,15.0,96.0,False
1786182600000,0.7703719013107594,10091,10,12.0,96.0,False
1786182900000,0.038728551462710675,9565,9,18.0,96.0,False
1786183200000,0.05804584589130148,9584,10,22.0,96.0,False
1786183500000,0.23521664074230345,8503,10,22.0,95.0,False
1786183800000,0.27272979894725685,9296,9,15.0,95.0,False
1786184100000,0.12982927481268383,10164,10,20.0,94.0,False
1786184400000,0.04247347694451133,7443,9,20.0,94.0,False
1786185300000,0.8669839770454439,1083,2,22.0,92.0,False
1786185600000,0.052418510570270235,3271,9,17.0,91.0,False
1786185900000,0.35329977420192166,4454,8,18.0,91.0,False
1786186200000,0.1882833451197359,1893,6,18.0,91.0,False
1786186500000,0.44522926667069557,2840,8,15.0,91.0,False
1786186800000,0.5961352174874996,3308,10,18.0,90.0,False
1786187100000,0.8756177546014328,833,2,18.0,90.0,False
1786187400000,0.9434200659070681,1612,7,19.0,90.0,False
1786187700000,0.6673867513202095,1811,5,18.0,90.0,False
1786188000000,0.3238468989290458,2660,6,20.0,90.0,False
1786188300000,0.19072390285038907,3179,8,17.0,90.0,False
1786189800000,0.5408843633321281,1128,3,32.0,86.0,False
1786190100000,0.12517552074526597,265,1,38.0,85.0,False
1786190400000,0.06264681449397815,1330,4,44.0,84.0,False
1786190700000,0.0033011432189378118,1047,5,46.0,83.0,False
1786191000000,0.03167241522369212,316,3,46.0,82.0,False
1786191300000,0.1342403454886983,725,5,50.0,82.0,False
1786191600000,0.02612749660157007,1683,6,59.0,80.0,False
1786191900000,0.14888909365892947,1637,6,37.0,80.0,False
1786192200000,0.07908442223817527,4020,10,64.0,79.0,False
1786192500000,0.20486899078439025,4506,9,67.0,78.0,False
1786192800000,0.0,41,2,57.0,77.0,False
1786193100000,0.0,188,3,64.0,76.0,False
1786193400000,0.1582280208559445,3245,7,60.0,75.0,False
1786193700000,0.06749324351897024,500,4,67.0,74.0,False
1786194000000,0.037738503782202344,252,2,94.0,73.0,False
1786194300000,0.08745522514941027,897,4,96.0,72.0,False
1786194600000,0.0,56,1,96.0,71.0,False
1786194900000,0.0,111,3,94.0,70.0,False
1786195200000,0.0,10,3,90.0,68.0,False
1786195800000,0.12900933433240774,246,2,71.0,67.0,False
1786196100000,0.17044926695694165,1239,3,76.0,66.0,False
1786196400000,0.28481628853463076,4014,7,80.0,65.0,False
1786196700000,0.49898047412409663,590,2,82.0,64.0,False
1786197000000,0.35585989272644125,2668,4,74.0,63.0,False
1786197300000,0.6308466963071053,3999,8,80.0,62.0,False
1786197600000,0.6068596342254833,4261,10,70.0,61.0,False
1786197900000,0.017825197909594824,1123,6,70.0,60.0,False
1786198200000,0.3551483111074017,3201,4,64.0,59.0,False
1786198500000,0.23291444963140703,3219,9,74.0,58.0,False
1786198800000,0.0,2,1,72.0,58.0,False
1786199100000,0.3383439574688739,1466,8,69.0,57.0,False
1786199400000,0.07178682219780495,10242,9,84.0,57.0,False
1786199700000,0.28722970142092985,8542,10,82.0,56.0,False
1786200000000,0.1292337748458849,56,1,64.0,55.0,False
1786200300000,0.07977776490109598,161,3,72.0,54.0,False
1786200600000,0.017258111237482048,524,5,73.0,54.0,False
1786200900000,0.05285532572387005,844,8,70.0,53.0,False
1786201200000,0.9682638969249271,3279,9,82.0,52.0,False
1786201500000,0.2459696661251618,588,6,78.0,51.0,False
1786201800000,0.6719585092090931,3123,9,77.0,50.0,False
1786202100000,0.43966775189515894,451,7,64.0,50.0,False
1786202400000,0.26274111011514895,4903,10,68.0,49.0,False
1786202700000,0.6572500556045999,4539,9,73.0,49.0,False
1786203000000,0.35107376006910523,2349,9,69.0,48.0,False
1786203300000,0.8340223714854341,5246,10,70.0,48.0,False
1786203600000,0.11452899571135047,8698,9,67.0,47.0,False
1786203900000,0.09487969891850068,10447,10,74.0,47.0,False
1786204200000,0.09654823234790844,9028,9,80.0,46.0,False
1786204500000,0.16498238118396882,7241,10,85.0,45.0,False
1786204800000,0.5861591199479784,1320,6,92.0,44.0,False
1786205100000,0.5070762953975377,9326,10,80.0,44.0,False
1786205400000,0.4876979271557464,3764,10,80.0,43.0,False
1786205700000,0.9028742226629008,8042,9,84.0,42.0,False
1786206000000,0.8052214540996937,7150,10,78.0,41.0,False
1786206600000,0.8775354762626675,4474,10,70.0,40.0,False
1786206900000,0.987870877153255,5384,10,68.0,40.0,False
1786207200000,0.8133797942008741,6671,9,67.0,39.0,False
1786207500000,0.6268585195749881,5372,10,65.0,39.0,False
1786207800000,0.21160470621696512,8593,9,57.0,38.0,False
1786208100000,0.08396591036886693,8454,10,71.0,38.0,False
1786208400000,0.06801190228316265,9300,9,80.0,37.0,False
1786208700000,0.44203495159506334,7497,10,76.0,36.0,False
1786209000000,0.9048094245594687,6522,10,70.0,36.0,False
1786209300000,0.9220062687812869,7244,9,48.0,36.0,False
1786209600000,0.7189117184164483,4791,10,54.0,36.0,False
1786209900000,0.5589439377385722,5633,9,37.0,35.0,False
1786210200000,0.5236059390992642,5046,9,42.0,35.0,False
1786210500000,0.03499554060086819,8333,10,54.0,35.0,False
1786210800000,0.087412408952959,8245,9,58.0,35.0,False
1786211100000,0.040689555987695976,8512,10,61.0,34.0,False
1786211400000,0.11933007810497887,9230,9,56.0,34.0,False
1786211700000,0.035406352766520356,9634,10,60.0,34.0,False
1786212000000,0.19811195300054318,9614,9,56.0,33.0,False
1786212300000,0.20737172667673845,9948,10,48.0,32.0,False
1786212600000,0.5412139381103099,7304,9,49.0,32.0,False
1786212900000,0.27283960770302346,5491,8,46.0,32.0,False
1786213200000,0.4354202392389882,5016,8,60.0,32.0,False
1786213500000,0.24520410880300592,6196,9,74.0,31.0,False
1786214700000,0.32368709564281317,919,2,67.0,30.0,False
1786215600000,0.0,2,1,53.0,30.0,False
1786215900000,0.0,3,1,62.0,29.0,False
1786216200000,0.5500061086818817,1562,6,40.0,29.0,False
1786216500000,0.08150617514438957,1719,3,86.0,28.0,False
1786216800000,0.3280252469864091,2046,5,90.0,28.0,False
1786275000000,0.7230603041882654,4375,6,42.0,76.0,False
1786390800000,0.44213984549304164,7738,8,59.0,22.0,False
1786393200000,0.5360157410111528,5562,7,67.0,21.0,False
1786393500000,0.6843302310007926,2085,4,54.0,21.0,False
1786393800000,0.43959113635609287,3887,5,60.0,20.0,False
1786394100000,0.0,1,1,82.0,20.0,False
1786396200000,0.40690570845006935,6827,6,81.0,17.0,False
1786444800000,0.6506934076912159,5815,9,44.0,66.0,False
1786445100000,0.23443357349670102,284,4,69.0,65.0,False
1786445400000,0.8043190551767138,1653,4,63.0,64.0,False
1786445700000,0.41676549154339665,5415,5,48.0,64.0,False
1786446000000,0.24910223209588075,1136,3,56.0,63.0,False
1786446300000,0.6560964275947134,3711,10,68.0,62.0,False
1786446600000,0.8814501122502983,6381,8,65.0,62.0,False
1786446900000,0.3492246238612575,10582,10,62.0,62.0,False
1786447200000,0.13347420249437153,10217,9,70.0,60.0,False
1786447500000,0.33792451686200464,10694,10,57.0,60.0,False
1786447800000,0.9156900838353952,8276,9,68.0,60.0,False
1786448100000,0.46161074001720015,3785,8,60.0,58.0,False
1786448400000,0.8057098987309624,10417,10,55.0,58.0,False
1786448700000,0.7217494698816946,5566,8,63.0,58.0,False
1786449000000,0.5280089064881691,3813,9,46.0,57.0,False
1786449300000,0.9456603046006401,33,1,37.0,57.0,False
1786449600000,0.43735105542418307,449,3,85.0,56.0,False
1786449900000,0.8649289673057381,4753,8,57.0,56.0,False
1786450200000,0.587493844695518,4039,9,57.0,55.0,False
1786450500000,0.9867363387177127,5439,10,57.0,54.0,False
1786450800000,0.745068585132086,2708,10,58.0,54.0,False
1786451100000,0.21566433490503914,5637,9,51.0,54.0,False
1786451400000,0.3681538984873365,6475,10,68.0,53.0,False
1786451700000,0.8295903186621626,7155,9,58.0,52.0,False
1786452000000,0.6356169443283742,5936,10,70.0,52.0,False
1786452300000,1.0739317646551687,8192,9,63.0,52.0,False
1786452600000,1.101992659467726,6526,9,59.0,51.0,False
1786452900000,0.7174591817735272,4716,9,66.0,51.0,False
1786453200000,0.5669627508177266,3041,9,62.0,50.0,False
1786453500000,0.5725866710285217,7169,10,68.0,49.0,False
1786453800000,0.8886270775746188,3624,9,46.0,49.0,False
1786454100000,0.7586733260388472,5486,10,54.0,48.0,False
1786454400000,1.0348630764500149,3545,9,55.0,48.0,False
1786454700000,1.1522869303350778,6951,10,52.0,47.0,False
1786455000000,1.3323933891468962,6840,9,50.0,47.0,False
1786455300000,0.7605213299819267,5475,10,54.0,46.0,False
1786455600000,1.072073356719453,8948,10,53.0,46.0,False
1786455900000,0.8895788600901761,7376,9,50.0,46.0,False
1786456200000,0.9236646148620251,6073,10,62.0,46.0,False
1786456500000,0.8561847431021771,4783,9,37.0,45.0,False
1786456800000,0.9805763254069472,7833,10,44.0,45.0,False
1786457100000,1.043772701699821,5788,9,66.0,44.0,False
1786457400000,0.6616761488454983,2284,10,65.0,44.0,False
1786457700000,1.0047298669842937,1589,7,50.0,44.0,False
1786458000000,0.17112474356154234,1341,10,54.0,44.0,False
1786458300000,0.9447575465487661,3781,8,25.0,43.0,False
1786458600000,0.9806438315530144,5772,10,38.0,42.0,False
1786458900000,1.127717728053328,5191,9,40.0,42.0,False
1786459200000,0.9007808575663517,7214,10,34.0,42.0,False
1786459500000,0.8720489992664565,4452,9,38.0,42.0,False
1786459800000,1.0302864688703552,3907,9,30.0,42.0,False
1786460100000,1.0540292869777785,8998,10,34.0,42.0,False
1786460400000,0.9926724726999688,2531,7,38.0,42.0,False
1786460700000,0.5379795055743094,9071,10,41.0,42.0,False
1786461000000,0.42239143158737047,9328,9,33.0,41.0,False
1786461300000,0.5867909772809964,8952,10,53.0,41.0,False
1786461600000,0.44949896225916364,2844,8,30.0,41.0,False
1786461900000,0.47872720058195306,5671,9,29.0,41.0,False
1786462200000,0.3421665522938523,867,5,36.0,40.0,False
1786462500000,0.7351514282295242,1213,5,34.0,40.0,False
1786462800000,0.6041048552708251,3019,7,28.0,40.0,False
1786463100000,0.7059866880105412,1817,7,29.0,40.0,False
1786477800000,0.27061277872979655,4197,6,35.0,26.0,False
1786478100000,0.28132512373122365,2576,5,58.0,25.0,False
1786480200000,0.08409314917445665,528,1,61.0,23.0,False
1786537800000,1.0245725631298352,82,1,78.0,52.0,False
1786538100000,0.7182067832136391,12866,10,70.0,50.0,False
1786538400000,0.8245741413617336,6986,9,68.0,50.0,False
1786538700000,1.0532171894624254,12162,10,55.0,49.0,False
1786539000000,1.0877009558392463,6496,9,41.0,49.0,False
1786539300000,1.031954449730955,7314,10,45.0,49.0,False
1786539600000,0.4858063198366357,4126,7,49.0,48.0,False
1786539900000,0.5959512903842554,9027,10,44.0,48.0,False
1786540200000,0.8147316687827494,5551,9,38.0,48.0,False
1786540500000,0.8619155167825067,3375,10,44.0,47.0,False
1786540800000,0.12002323580433154,7796,10,44.0,46.0,False
1786541100000,0.0666897904265196,8372,9,39.0,46.0,False
1786541400000,0.6628027565784469,5827,10,46.0,46.0,False
1786541700000,1.0657346269883712,5478,7,40.0,45.0,False
1786542000000,0.6534365670975778,5089,10,31.0,45.0,False
1786542300000,0.5113071281158676,10217,9,54.0,45.0,False
1786542600000,0.7739271253122431,7911,10,55.0,44.0,False
1786542900000,0.6651908826343357,2027,5,42.0,44.0,False
1786543200000,0.9119705236400136,8797,10,36.0,44.0,False
1786543500000,0.7336741430827198,8181,10,44.0,44.0,False
1786543800000,0.20398488443241075,10414,9,34.0,43.0,False
1786544100000,0.6238713361771581,4715,8,56.0,43.0,False
1786544400000,0.7091891644990953,4766,8,50.0,42.0,False
1786544700000,0.4535260496477311,12390,10,47.0,42.0,False
1786545000000,0.1384655080627778,12014,9,42.0,41.0,False
1786545300000,0.9915554219823675,6413,9,46.0,41.0,False
1786545600000,0.8697311894839194,5680,10,46.0,40.0,False
1786545900000,0.8612629155695768,7507,9,46.0,40.0,False
1786546200000,0.8952752590379405,8610,10,43.0,40.0,False
1786547100000,0.0,308,1,84.0,38.0,False
1786547400000,1.0142615919987708,8702,10,91.0,38.0,False
1786547700000,1.0819689347298216,2719,6,93.0,37.0,False
1786548000000,1.0251958221375639,8138,10,86.0,36.0,False
1786548300000,1.0963388880762475,7680,9,84.0,36.0,False
1786548600000,1.0210172763429797,7233,10,86.0,35.0,False
1786548900000,1.1237454319984213,9466,9,77.0,35.0,False
1786549200000,0.9270611621546481,11444,10,87.0,34.0,False
1786549500000,0.7939699779387743,12223,10,78.0,34.0,False
1786549800000,1.1856141149173005,5917,9,79.0,33.0,False
1786550100000,0.8507100877835272,4853,10,70.0,33.0,False
1786550400000,0.8655903797781638,6319,7,70.0,32.0,False
1786550700000,1.110736320707531,6345,10,74.0,32.0,False
1786551000000,1.1514272815424016,4218,9,67.0,31.0,False
1786551300000,0.92156888043866,6569,10,75.0,30.0,False
1786551600000,0.9123981681617033,6908,8,55.0,30.0,False
1786551900000,1.0372842297791565,3877,5,54.0,30.0,False
1786552200000,1.002639802016051,6281,10,50.0,30.0,False
1786552500000,0.9570659192712159,4830,9,56.0,29.0,False
1786552800000,0.9966179238469093,4542,9,46.0,29.0,False
1786553100000,0.8844359114743667,5178,8,56.0,28.0,False
1786553400000,0.9341655865023359,8072,10,54.0,28.0,False
1786553700000,1.0801183741970892,4142,9,46.0,28.0,False
1786554000000,1.0491480981409684,5758,10,42.0,28.0,False
1786554300000,0.9707115247880611,6461,9,52.0,27.0,False
1786574700000,0.1156589569998202,1736,5,58.0,8.0,False
1786575000000,0.02576964466067533,563,2,74.0,8.0,False
1786575300000,0.41689085024789624,316,1,88.0,7.0,False
1786612500000,0.42585804675786015,5002,6,80.0,62.0,False
1786612800000,0.7542350335060712,3663,6,82.0,61.0,False
1786613100000,1.0251146289629494,75,2,52.0,61.0,False
1786613400000,0.5653013426939119,4123,9,64.0,60.0,False
1786613700000,0.8038623073867509,9998,10,65.0,59.0,False
1786614000000,0.8261216028403814,6622,9,65.0,58.0,False
1786614300000,0.6998263299544357,7629,10,51.0,58.0,False
1786614600000,1.0537010297994192,6630,9,62.0,57.0,False
1786614900000,0.7524889518557512,9136,10,56.0,57.0,False
1786615200000,0.6413968210767227,9623,10,56.0,56.0,False
1786615500000,0.8925254713839332,8501,9,48.0,56.0,False
1786615800000,0.8380162660109782,8305,10,39.0,55.0,False
1786616100000,0.788378636552947,9414,9,44.0,55.0,False
1786616400000,0.921945497946669,7909,10,53.0,54.0,False
1786616700000,0.8712510917755687,7967,10,49.0,54.0,False
1786617000000,0.7880569319825632,10344,9,46.0,53.0,False
1786617300000,0.8733340978222004,5321,9,40.0,53.0,False
1786617600000,0.6915019468839956,6704,9,38.0,53.0,False
1786617900000,1.0799323854038736,8767,10,38.0,52.0,False
1786618200000,0.6419730231478818,7345,10,30.0,52.0,False
1786618500000,0.6891335344893055,6121,9,36.0,52.0,False
1786618800000,0.8951359035982518,11018,10,42.0,51.0,False
1786619100000,0.8758702097118226,6612,9,30.0,51.0,False
1786619400000,0.32742275255159786,208,3,28.0,51.0,False
1786619700000,1.0054274000968402,4118,10,28.0,51.0,False
1786620000000,0.7443627399467073,7527,9,28.0,50.0,False
1786620300000,0.19567635736340203,10000,10,37.0,50.0,False
1786629900000,0.7293679815629294,6808,10,98.0,40.0,False
1786630200000,1.0264222503977365,4941,9,98.0,39.0,False
1786630500000,0.6529165512949047,1322,6,98.0,38.0,False
1786632300000,0.11560929269834794,11522,10,94.0,36.0,False
1786632600000,1.0251134703304634,3973,10,86.0,36.0,False
1786632900000,0.8314334300698552,3575,9,80.0,35.0,False
1786633200000,0.7744242562958685,5302,9,81.0,34.0,False
1786633500000,0.5119006472719078,2746,9,74.0,34.0,False
1786633800000,0.6984946624519371,3536,9,77.0,33.0,False
1786634100000,1.1670951177333657,4099,10,78.0,32.0,False
1786634400000,1.2044498503556322,2425,6,66.0,32.0,False
1786634700000,0.7912352207038467,4055,10,58.0,31.0,False
1786635000000,0.7679053697873214,5761,10,60.0,31.0,False
1786635300000,0.5061171703461433,4885,9,63.0,30.0,False
1786635600000,0.8413769817609436,5216,9,54.0,30.0,False
1786635900000,0.4195291459555648,1348,6,62.0,30.0,False
1786636200000,0.6532824030127802,4015,9,54.0,30.0,False
1786636500000,1.0387193883730048,4893,10,49.0,29.0,False
1786636800000,0.883950501273331,7165,9,46.0,29.0,False
1786637100000,0.7759393681727514,4527,10,46.0,29.0,False
1786637400000,0.7001211722989691,5530,10,41.0,28.0,False
1786637700000,0.21775630101294652,10901,9,40.0,28.0,False
1786638000000,0.17807543637507858,9148,10,37.0,28.0,False
1786638300000,0.3723259902806673,6096,9,28.0,28.0,False
1786638600000,0.2820083730334328,7907,10,38.0,28.0,False
1786638900000,0.042836224159057516,9461,10,58.0,28.0,False
1786639200000,0.3093430620955146,5982,9,51.0,27.0,False
1786639500000,0.03850929067537871,11209,10,40.0,27.0,False
1786639800000,0.4810016515983806,5943,9,38.0,27.0,False
1786641300000,0.18853586469315034,5386,10,34.0,25.0,False
1786641600000,0.047653920730114416,9889,9,52.0,25.0,False
1786641900000,0.13972475753462946,3781,8,44.0,25.0,False
1786642800000,0.4853054886924908,1097,5,66.0,24.0,False
1786705500000,0.4328965260429004,10343,9,60.0,66.0,False
1786709700000,0.583503701408255,2266,9,96.0,55.0,False
1786710000000,0.5027414906917309,1959,10,94.0,54.0,False
1786710300000,0.7189232153126448,3122,10,93.0,53.0,False
1786710600000,0.6845284240833753,4634,8,90.0,53.0,False
1786710900000,0.6312652511467172,5000,9,85.0,52.0,False
1786711200000,0.8409261180521704,6949,9,84.0,51.0,False
1786711500000,0.8158442118753723,1996,6,86.0,50.0,False
1786800000000,0.9323297501204099,3288,6,19.0,53.0,False
1786800600000,0.6778086046222024,4835,10,18.0,52.0,False
1786800900000,0.4377678693464688,4932,10,17.0,52.0,False
1786801200000,0.3341651985236672,7291,9,18.0,52.0,False
1786801500000,0.49139508867373544,3928,10,19.0,52.0,False
1786803000000,0.8068209163327396,1954,8,15.0,51.0,False
1786803300000,0.34048961869077643,4738,10,18.0,51.0,False
1786803600000,0.35934172220265836,9665,10,32.0,50.0,False
1786803900000,0.257425998288163,2618,6,20.0,50.0,False
1786804200000,0.46006493920546343,787,4,37.0,50.0,False
1786804500000,0.3547915854978393,1392,5,32.0,50.0,False
1786804800000,0.2464708079220977,89,2,24.0,50.0,False
1786805700000,0.6655511310986566,1140,4,21.0,49.0,False
1786806000000,0.1766697303388224,10851,10,26.0,49.0,False
1786806300000,0.048973371548782896,8784,10,28.0,49.0,False
1786806900000,0.3097550636916484,3729,7,44.0,48.0,False
1786807200000,0.6541405416913273,10547,10,22.0,48.0,False
1786807500000,0.6339468694607426,7095,10,29.0,48.0,False
1786839300000,0.13257616537924863,975,4,64.0,11.0,False
1786839900000,0.03760489628352901,2206,7,76.0,10.0,False
1786840200000,0.01987261059598352,386,4,74.0,10.0,False
1786841100000,0.0,7,1,65.0,9.0,False
1786841400000,0.2478063522520475,715,5,22.0,9.0,False
1786863300000,0.0,33,1,10.0,72.0,False
1786915500000,0.10426227274916267,7139,7,19.0,7.0,False
1786915800000,0.09091767086704237,11374,10,24.0,7.0,False
1786916100000,0.2488217492053622,8725,10,38.0,7.0,False
1786916400000,0.0729439742411753,12013,9,43.0,7.0,False
1786916700000,0.1562595920847603,8461,10,21.0,7.0,False
1786917000000,0.24368115348252747,3957,8,28.0,7.0,False
1786918200000,0.05337137171814138,4962,6,46.0,6.0,False
1786918500000,0.06469330840757039,11581,10,21.0,6.0,False
1786918800000,0.1501948106944348,5270,5,46.0,6.0,False
1786919700000,0.30111571529121084,2285,4,58.0,5.0,False
1786920000000,0.3625556703371132,1499,5,64.0,5.0,False
1786920300000,0.25460312697595266,1509,10,28.0,5.0,False
1786920600000,0.039536400507000545,936,6,27.0,5.0,False
1786920900000,0.40820142518254043,3954,8,24.0,5.0,False
1786921200000,0.06419277981576028,365,4,23.0,5.0,False
1786921500000,0.26839982669303675,980,4,44.0,5.0,False
1786921800000,0.2950258021311622,283,3,53.0,5.0,False
1786922100000,0.26942529403272636,2777,5,32.0,5.0,False
1786922400000,0.35484218923973754,1729,3,55.0,5.0,False
1786922700000,0.23095719788959196,3377,8,26.0,5.0,False
1786923000000,0.0,35,1,22.0,5.0,False
1786923600000,0.0,119,1,55.0,5.0,False
1786924200000,0.0,6,1,32.0,5.0,False
1786924800000,0.0,125,1,18.0,5.0,False
1786931700000,0.0,3,1,17.0,19.0,False
1786946400000,0.7327263252028752,1398,3,12.0,64.0,False
1787018100000,0.3492773003678701,7187,7,26.0,39.0,False
1787018400000,0.2785522689464303,5531,9,32.0,38.0,False
1787018700000,0.21876344012195353,4868,8,19.0,37.0,False
1787019000000,0.4521055896911298,7471,10,15.0,37.0,False
1787019300000,0.3618734664647123,5330,8,22.0,37.0,False
1787019900000,0.0,3,1,14.0,37.0,False
1787021100000,0.0,1,1,14.0,39.0,False
1787051700000,0.9102994503938621,4219,8,48.0,94.0,False
1787055000000,0.6735335649765949,3833,6,28.0,87.0,False
1787055300000,0.42442993433194526,2302,5,32.0,87.0,False
1787055600000,0.7303398602095151,4965,7,20.0,87.0,False
1787058300000,0.10023555682437306,8914,10,16.0,84.0,False
1787058600000,0.041919343858645694,9878,10,24.0,83.0,False
1787058900000,0.4992838519722921,6292,10,29.0,82.0,False
1787059200000,0.4093903452871543,5628,10,21.0,82.0,False
1787059500000,0.8940252901339614,4330,8,30.0,82.0,False
1787059800000,0.5535165959527987,254,2,40.0,81.0,False
1787060100000,0.7879534294144807,5473,10,23.0,81.0,False
1787060400000,0.08372104914192188,10840,10,24.0,81.0,False
1787060700000,0.1832386388479254,7871,10,33.0,80.0,False
1787061000000,0.7743026245115363,5504,10,30.0,80.0,False
1787061300000,0.5560735698533338,8422,9,19.0,80.0,False
1787061600000,0.22999542579541374,3093,8,24.0,79.0,False
1787061900000,0.5265188244396228,7381,10,21.0,78.0,False
1787062200000,0.4239606262839797,7123,9,22.0,78.0,False
1787062500000,0.4103489228580857,8813,10,24.0,78.0,False
1787062800000,0.5988419032221647,4509,9,24.0,78.0,False
1787063100000,0.5626296755265159,3493,9,32.0,77.0,False
1787063400000,0.6228189704843526,5724,10,21.0,77.0,False
1787063700000,0.40287982691834207,2889,10,24.0,77.0,False
1787064000000,0.19124932768712463,2152,9,17.0,77.0,False
1787064300000,0.6075425374839621,2534,8,28.0,76.0,False
1787064600000,0.724706502698861,3184,9,17.0,76.0,False
1787064900000,0.9555541253355568,6412,9,15.0,76.0,False
1787065200000,0.2736896941325799,5523,10,15.0,76.0,False
1787065500000,0.056952206304850185,6119,10,22.0,76.0,False
1787065800000,0.6233214641069942,7792,10,22.0,76.0,False
1787066100000,0.24430404147667995,866,5,23.0,75.0,False
1787066400000,0.4804499426246883,7180,10,26.0,75.0,False
1787067000000,0.633814124542706,3337,7,19.0,75.0,False
1787067300000,0.4706252122026376,9324,10,13.0,74.0,False
1787067600000,0.12971131042609596,9945,10,18.0,74.0,False
1787067900000,1.0275302218053226,2297,7,21.0,74.0,False
1787068200000,0.7146816361609368,2411,8,16.0,74.0,False
1787068500000,0.4460959779708225,3064,10,15.0,74.0,False
1787068800000,0.33186406719226497,4249,6,18.0,74.0,False
1787070900000,0.2322883710142429,3959,7,23.0,69.0,False
1787071200000,0.0312077360498542,10704,10,37.0,69.0,False
1787071500000,0.3927771469492501,6394,9,43.0,68.0,False
1787071800000,0.1874590247173196,689,3,25.0,68.0,False
1787072100000,0.0,1,1,24.0,68.0,False
1787072700000,0.12775498856744777,178,2,39.0,67.0,False
1787073000000,0.13303964861069895,108,1,36.0,67.0,False
1787073300000,0.30067181919368047,2565,8,40.0,66.0,False
1787073600000,0.5083724023139481,4689,10,26.0,66.0,False
1787073900000,0.2992230567457126,1350,6,21.0,66.0,False
1787074200000,0.9359235864117341,3006,8,30.0,66.0,False
1787074500000,0.5981405478383135,3897,10,26.0,65.0,False
1787074800000,0.14137592196366466,8443,9,21.0,64.0,False
1787075100000,0.22673782338334186,9149,10,30.0,64.0,False
1787075400000,0.8732455195668672,2750,9,16.0,63.0,False
1787075700000,0.5585134778472423,3632,10,23.0,63.0,False
1787076000000,0.6125188175324592,5862,10,24.0,63.0,False
1787076300000,0.8910604385318518,3746,10,23.0,63.0,False
1787076600000,0.2881456537994015,1862,9,28.0,63.0,False
1787076900000,0.5835611238258143,2022,9,20.0,62.0,False
1787077200000,0.3304132022456793,868,9,23.0,62.0,False
1787077500000,0.38518327909172567,1284,10,26.0,62.0,False
1787077800000,0.8324449733256687,4764,10,22.0,62.0,False
1787078100000,0.7269664715322464,3900,9,28.0,61.0,False
1787078400000,0.8736035383639619,3527,10,25.0,61.0,False
1787078700000,0.47477454834971483,2541,10,27.0,60.0,False
1787079000000,0.40762710353385295,1712,10,24.0,60.0,False
1787079300000,0.7222745082340114,6944,10,25.0,60.0,False
1787079600000,0.927171313056624,4825,10,30.0,60.0,False
1787079900000,0.8011018681787428,10952,10,28.0,60.0,False
1787080200000,0.8032009907166667,4346,10,25.0,59.0,False
1787080500000,0.623007815319225,4512,10,30.0,59.0,False
1787080800000,0.7437164129359056,9260,10,22.0,58.0,False
1787081100000,0.668995455674837,6193,10,21.0,58.0,False
1787081400000,0.41401081014526875,2852,8,24.0,58.0,False
1787081700000,0.5131037153860021,1912,10,18.0,58.0,False
1787082000000,0.6992506444687858,5290,10,19.0,58.0,False
1787082300000,0.5991366096347057,4003,9,22.0,58.0,False
1787082600000,0.657959843700642,6299,9,24.0,58.0,False
1787082900000,0.7917475884397753,4190,10,15.0,57.0,False
1787083200000,0.5265872392222013,2636,10,18.0,57.0,False
1787083500000,0.794113179413164,4728,10,17.0,57.0,False
1787083800000,0.5244958855676569,6385,7,34.0,57.0,False
1787084100000,0.48686554163573525,3563,10,16.0,57.0,False
1787084400000,0.7299897678178158,3051,8,14.0,57.0,False
1787084700000,0.6903343314271646,3852,10,16.0,57.0,False
1787085000000,0.42597353399233134,6255,10,16.0,57.0,False
1787085300000,0.344726000268778,4021,9,12.0,57.0,False
1787085600000,0.08144722922984557,2980,9,13.0,57.0,False
1787085900000,0.8771479713323429,2840,9,18.0,57.0,False
1787086200000,0.5409127111913188,2624,10,14.0,57.0,False
1787086800000,0.750140050285682,1361,6,12.0,57.0,False
1787087100000,0.4101306431107373,1128,5,12.0,57.0,False
1787087400000,0.6926157609280645,3113,10,16.0,57.0,False
1787087700000,0.7824438525947336,2800,7,16.0,57.0,False
1787088300000,0.5659656747124232,3152,7,13.0,57.0,False
1787088600000,0.634403127181973,3288,10,14.0,57.0,False
1787088900000,0.7848448409582641,2681,10,14.0,57.0,False
1787089200000,0.3023520319904001,8367,10,15.0,57.0,False
1787089500000,0.10291267742954538,8826,10,22.0,57.0,False
1787089800000,0.8286301072654403,2742,10,16.0,57.0,False
1787090100000,0.9735361932322633,7251,10,22.0,57.0,False
1787090400000,0.9724743586864916,3591,9,21.0,57.0,False
1787090700000,0.5240987875027068,1358,5,18.0,56.0,False
1787141100000,0.9082665549118513,3438,5,44.0,72.0,False
1787141700000,0.32456248598154597,2706,5,32.0,71.0,False
1787142000000,0.8535459614853029,5452,8,36.0,70.0,False
1787142300000,0.028087476258744342,142,3,48.0,70.0,False
1787144700000,0.0,4,1,66.0,65.0,False
1787145000000,0.7303474663847789,4943,8,35.0,65.0,False
1787145300000,0.7714640345289946,2559,5,46.0,64.0,False
1787145600000,0.7668636817910439,4086,8,40.0,64.0,False
1787145900000,0.4439236494276722,9793,10,48.0,63.0,False
1787146200000,0.49945486337901857,8731,10,53.0,62.0,False
1787146500000,0.9853831352874864,5819,10,58.0,61.0,False
1787146800000,1.020967399817553,2889,9,53.0,60.0,False
1787147100000,0.773443090227025,2616,10,44.0,60.0,False
1787153400000,1.1771027237274307,1043,4,42.0,53.0,False
1787153700000,0.9232320948581633,5929,10,34.0,52.0,False
1787154000000,0.8650340895964629,6769,10,37.0,52.0,False
1787154300000,0.9685157128758921,3093,6,42.0,51.0,False
1787154600000,0.9947694161108126,5231,9,30.0,51.0,False
1787154900000,0.20315574698775704,9772,10,29.0,51.0,False
1787155200000,0.6855109569099178,3949,10,26.0,51.0,False
1787155500000,0.6363929170207349,4857,9,36.0,50.0,False
1787155800000,0.983995862840111,2582,6,33.0,50.0,False
1787156100000,0.7283810677979263,3231,8,35.0,49.0,False
1787156400000,0.0,3,2,38.0,49.0,False
1787156700000,0.0,1,1,55.0,48.0,False
1787158800000,0.1066725945852981,5460,8,54.0,45.0,False
1787159100000,0.0,213,1,48.0,44.0,False
1787163900000,0.9057673601686566,3427,7,35.0,39.0,False
1787164200000,0.539599428805334,6156,10,38.0,39.0,False
1787164500000,0.23153664436724877,8622,9,43.0,38.0,False
1787164800000,0.6212911275596396,5599,10,42.0,38.0,False
1787165100000,1.0272744231089064,3466,10,37.0,38.0,False
1787165400000,1.0238248442529732,5331,10,28.0,37.0,False
1787165700000,0.9611211520817535,5729,10,31.0,37.0,False
1787166000000,0.6457751714331892,2843,10,30.0,37.0,False
1787166300000,0.8557600023852835,4661,10,24.0,37.0,False
1787166600000,0.7590809332849737,6592,10,25.0,37.0,False
1787166900000,0.7593698692941431,8796,10,28.0,37.0,False
1787167200000,0.774709989667044,3416,10,32.0,36.0,False
1787167500000,0.4803007423821975,5030,10,28.0,36.0,False
1787167800000,1.1418531372751841,5746,10,30.0,36.0,False
1787168100000,0.9757860460673238,7621,10,30.0,36.0,False
1787168400000,0.7530742004393224,6128,10,34.0,36.0,False
1787168700000,0.9190027805438143,6221,10,34.0,36.0,False
1787169000000,0.6081926120080434,235,1,20.0,35.0,False
1787169300000,0.0,147,2,36.0,35.0,False
1787169600000,0.9049901355610206,5424,8,34.0,35.0,False
1787169900000,0.9946729241534662,8400,10,22.0,35.0,False
1787170200000,0.9176908135703691,6318,10,20.0,34.0,False
1787170500000,0.5834072762841994,6540,10,23.0,34.0,False
1787170800000,0.44324885959187377,1835,9,24.0,34.0,False
1787172600000,0.5806809586071153,2583,8,22.0,34.0,False
1787172900000,0.3138855456561831,1426,6,19.0,34.0,False
1787173200000,0.5715875278415363,3264,6,14.0,34.0,False
1787173500000,0.0,8,1,13.0,34.0,False
1787175600000,0.42435275000708433,4263,8,20.0,39.0,False
1787175900000,0.22208241439906173,892,9,22.0,39.0,False
1787176200000,0.33737775532122377,1006,6,24.0,39.0,False
1787176500000,0.021851088263724172,376,6,28.0,39.0,False
1787176800000,0.5463522730720463,4178,10,20.0,39.0,False
1787177100000,0.41041222220139933,3262,7,17.0,39.0,False
1787177400000,0.5846272134472853,4562,10,18.0,39.0,False
1787177700000,0.6801538735273097,1109,3,16.0,40.0,False
1787178000000,0.5493793036348557,3898,10,16.0,38.0,False
1787178900000,0.2268816813197812,1089,5,18.0,38.0,False
1787179200000,0.5769632693483489,1588,4,25.0,37.0,False
1787179800000,0.5128399970938606,1167,4,24.0,36.0,False
1787180100000,0.49508664337162384,4895,8,16.0,36.0,False
1787180400000,0.2697961647400107,11701,10,15.0,36.0,False
1787180700000,0.05210565101832078,9859,10,23.0,36.0,False
1787181000000,0.04787224417348779,12390,10,21.0,36.0,False
1787181300000,0.08763609002932168,8456,10,41.0,36.0,False
1787197800000,0.45763680347406305,5071,10,19.0,16.0,False
1787198100000,0.5292682721258462,5654,9,20.0,16.0,False
1787198400000,0.3221556014280436,5379,10,18.0,16.0,False
1787198700000,0.16484065576454057,143,9,18.0,16.0,False
1787199000000,0.0,130,6,20.0,16.0,False
1787199300000,0.3376203984679431,572,3,22.0,16.0,False
1787202600000,0.11467550533614673,65,1,17.0,22.0,False
1787214600000,0.0,1,1,10.0,65.0,False
1787217300000,0.0,2,1,8.0,74.0,False
1787232000000,0.631742500451045,5348,8,60.0,68.0,False
1787232300000,0.13421542547485016,10280,10,74.0,67.0,False
1787232600000,0.689841571723351,7924,10,78.0,66.0,False
1787232900000,0.7434378813270945,8271,9,72.0,66.0,False
1787233200000,0.6441932625253278,6402,9,83.0,65.0,False
1787233500000,0.641495980301876,7294,10,74.0,64.0,False
1787233800000,0.7181837694481281,4947,10,77.0,62.0,False
1787234100000,0.8938458565789954,8301,10,74.0,62.0,False
1787234400000,0.3208448147036357,9849,10,72.0,61.0,False
1787234700000,0.9897865329721777,7209,10,69.0,60.0,False
1787235000000,1.0093256039577894,4877,10,64.0,59.0,False
1787235300000,0.833778385212436,3095,9,49.0,58.0,False
1787235600000,0.742743114674484,2862,7,46.0,58.0,False
1787235900000,0.5850444340473386,5082,10,41.0,58.0,False
1787236200000,0.723906267396986,2224,8,52.0,57.0,False
1787236500000,0.6759614916321887,4068,6,62.0,56.0,False
1787236800000,0.8708238024207785,1635,4,50.0,56.0,False
1787237100000,0.5570309308830066,2591,8,32.0,55.0,False
1787237400000,0.05924838320535124,267,5,32.0,55.0,False
1787237700000,0.5954283551319753,4272,10,44.0,55.0,False
1787238000000,0.9252169606201648,7450,10,34.0,55.0,False
1787238300000,0.4555640429412393,2243,10,40.0,54.0,False
1787238600000,0.4699541664943262,2077,10,24.0,54.0,False
1787238900000,0.9358276316538017,3816,10,28.0,54.0,False
1787239200000,0.47863671102383715,1637,10,30.0,53.0,False
1787239500000,0.989408092439501,3096,9,24.0,53.0,False
1787239800000,0.7373122792300426,4069,10,24.0,53.0,False
1787240100000,0.39158508784336277,1796,5,24.0,53.0,False
1787240400000,0.6827179246987974,4004,10,25.0,53.0,False
1787240700000,0.9573120215340938,4865,10,26.0,52.0,False
1787241000000,0.8117551172759754,3008,10,26.0,52.0,False
1787241300000,0.8351956870651952,5174,10,23.0,52.0,False
1787241600000,0.7348886054426643,8842,10,26.0,52.0,False
1787241900000,0.8502753334650576,9370,10,28.0,52.0,False
1787242200000,0.6448057827174913,4735,10,26.0,52.0,False
1787242500000,0.947020450244562,4607,10,32.0,51.0,False
1787242800000,1.018726822417824,4160,10,25.0,50.0,False
1787243100000,0.7156585413872234,7933,10,25.0,50.0,False
1787243400000,0.7176890769808987,6905,10,35.0,50.0,False
1787243700000,0.6940842919745334,7577,10,34.0,50.0,False
1787244000000,0.9395828763982397,4826,10,31.0,50.0,False
1787244300000,0.8812067402359416,6709,10,36.0,49.0,False
1787244600000,0.9058766334660179,6584,10,28.0,48.0,False
1787244900000,1.0728793147676317,5811,10,47.0,48.0,False
1787245200000,0.741731705404027,4276,10,33.0,48.0,False
1787245500000,0.5129018978009025,3935,10,29.0,48.0,False
1787245800000,0.7250831872401071,2782,10,32.0,48.0,False
1787246100000,0.7552831827835891,2584,9,26.0,47.0,False
1787246400000,0.8095608126821642,2344,7,30.0,47.0,False
1787250600000,1.0285844227572483,2444,5,36.0,41.0,False
1787250900000,0.7053387865461065,9675,10,39.0,41.0,False
1787251200000,1.0233821145003208,6646,10,38.0,41.0,False
1787251500000,0.7409589171076207,4964,10,42.0,40.0,False
1787251800000,0.2356536481983215,6719,10,44.0,40.0,False
1787252100000,0.2197624500424859,10952,10,46.0,40.0,False
1787252400000,0.5249767732992676,6109,10,43.0,40.0,False
1787252700000,0.3029614541995256,1341,6,55.0,39.0,False
1787253000000,0.7545058711849969,7731,10,26.0,39.0,False
1787253300000,1.016821884618351,6295,10,30.0,38.0,False
1787253600000,0.6778149476725456,3444,10,26.0,38.0,False
1787253900000,0.7263424525344011,3032,10,28.0,38.0,False
1787254200000,0.7461590542455939,5126,9,40.0,38.0,False
1787254500000,0.7372637968384274,3583,10,37.0,37.0,False
1787254800000,0.8239023291065287,2546,10,30.0,37.0,False
1787263500000,0.7172849323090024,4360,8,72.0,26.0,False
1787263800000,0.853027851818124,2454,9,67.0,26.0,False
1787264100000,0.6212874181445981,3618,7,64.0,26.0,False
1787264400000,0.5111857257397284,3387,8,55.0,25.0,False
1787264700000,0.28722639933640026,3931,8,44.0,25.0,False
1787267100000,1.0743643040617248,1240,2,49.0,23.0,False
1787268300000,0.5935405465644464,1811,6,21.0,23.0,False
1787268600000,0.8929197901894111,7400,9,19.0,22.0,False
1787268900000,0.6487225642602236,2895,4,18.0,22.0,False
1787269500000,0.8201963571154555,353,3,22.0,22.0,False
1787269800000,0.6334590475574291,175,1,47.0,22.0,False
1787271900000,0.9513144742975987,3228,4,24.0,22.0,False
1787272200000,0.49287354362020136,3697,6,17.0,22.0,False
1787272500000,0.521136916559005,1038,4,21.0,22.0,False
1787272800000,0.6793317937547338,7330,10,22.0,22.0,False
1787273100000,0.6788706838900153,5853,9,18.0,21.0,False
1787273400000,0.5940379231477763,4592,8,22.0,21.0,False
1787273700000,0.7563196487933064,4101,5,17.0,21.0,False
1787313900000,0.3525284458724897,613,4,80.0,90.0,False
1787321700000,0.9180592992154174,507,2,79.0,76.0,False
1787322000000,0.5294618464331914,2759,8,66.0,75.0,False
1787322600000,0.3459156996315395,537,1,70.0,74.0,False
1787322900000,0.7710787194096929,7134,10,68.0,72.0,False
1787323200000,0.630533649447764,7298,10,61.0,72.0,False
1787323500000,0.5271951469790251,3869,7,66.0,70.0,False
1787323800000,0.8052985644229593,9664,10,61.0,70.0,False
1787324100000,0.7048302495287877,4538,9,73.0,69.0,False
1787324400000,0.8338563240435332,5781,9,57.0,68.0,False
1787324700000,0.7193524451130064,5749,10,58.0,68.0,False
1787325000000,0.3371389463935258,5228,10,52.0,67.0,False
1787325300000,0.6859514705725188,10070,10,56.0,66.0,False
1787325600000,1.0194877741816781,9519,10,65.0,66.0,False
1787325900000,1.0601312689361957,8464,10,62.0,65.0,False
1787326200000,0.8058092993625557,3626,8,77.0,64.0,False
1787326500000,0.6214467543525676,1366,3,53.0,64.0,False
1787326800000,0.23677061947062614,4505,10,46.0,63.0,False
1787327100000,0.7099981212621802,3413,10,65.0,63.0,False
1787327400000,0.4308515422800309,2643,10,66.0,62.0,False
1787327700000,0.6051458752418963,4672,10,49.0,62.0,False
1787328000000,0.6671135784624355,5092,10,60.0,61.0,False
1787328300000,0.05937064407779635,10122,10,50.0,60.0,False
1787328600000,0.2390550945699781,7546,10,70.0,60.0,False
1787328900000,0.4215854423394365,1738,10,60.0,59.0,False
1787329200000,0.6936057840656544,2057,8,46.0,58.0,False
1787329500000,1.115497739844399,6618,10,55.0,58.0,False
1787329800000,0.8350365050627516,7229,10,55.0,58.0,False
1787330100000,0.943553079911346,3940,9,64.0,57.0,False
1787330400000,0.9709584895164274,5548,8,46.0,56.0,False
1787330700000,0.8564259918811289,2959,6,33.0,56.0,False
1787331000000,0.43427003152911564,607,4,56.0,56.0,False
1787331600000,0.9863104168487907,5232,9,34.0,55.0,False
1787337000000,0.8595518266328086,2602,4,56.0,47.0,False
1787337300000,0.8060724362553513,3122,10,59.0,46.0,False
1787337600000,1.0759569911798175,4685,10,58.0,46.0,False
1787337900000,0.40234969443481605,2043,10,64.0,46.0,False
1787338200000,0.7197253705753874,3740,10,60.0,45.0,False
1787338500000,1.2687645727840846,1603,4,47.0,45.0,False
1787338800000,0.7128817291796821,7133,9,46.0,45.0,False
1787339100000,0.37552290420074763,1488,5,56.0,44.0,False
1787340600000,0.0,88,1,60.0,42.0,False
1787341800000,0.22842415125606286,425,1,55.0,41.0,False
1787342100000,0.6974304239883344,3368,9,49.0,41.0,False
1787342400000,0.5290671643615962,4086,8,24.0,40.0,False
1787342700000,0.5494414576895585,3519,9,30.0,40.0,False
1787343000000,0.6644649654862513,4091,10,20.0,40.0,False
1787343300000,0.6518831316432437,9258,10,28.0,40.0,False
1787343600000,0.5986485811870054,3222,10,24.0,40.0,False
1787343900000,0.5201689253391937,3688,10,35.0,40.0,False
1787344200000,0.785146476711741,4247,10,23.0,40.0,False
1787344500000,0.6867676230286515,4822,9,23.0,39.0,False
1787344800000,0.405969439888363,3181,10,19.0,39.0,False
1787345100000,0.5421502677360068,3633,10,22.0,39.0,False
1787345400000,0.49234568976663856,3421,10,24.0,39.0,False
1787345700000,0.2108263004462078,3809,10,24.0,39.0,False
1787346000000,0.5755585331356052,3703,10,24.0,39.0,False
1787346300000,0.5665473967860828,1361,10,24.0,39.0,False
1787346600000,0.9299378527456996,4817,10,30.0,39.0,False
1787346900000,0.1037850671146143,1135,10,28.0,39.0,False
1787347200000,0.5576568233721619,5150,10,27.0,38.0,False
1787347500000,0.14800669780515613,9915,10,47.0,38.0,False
1787347800000,0.32691356842494973,4300,9,34.0,38.0,False
1787348100000,0.6194757786797183,1494,5,22.0,38.0,False
1787348400000,1.2589599665114821,3793,10,42.0,38.0,False
1787349000000,0.5898827633853189,616,2,61.0,37.0,False
1787349600000,1.4023865487060834,292,1,42.0,36.0,False
1787349900000,0.519163418421849,165,2,31.0,36.0,False
1787355000000,0.0,2,1,39.0,31.0,False
1787430300000,0.851855389190052,5337,8,46.0,42.0,False
1787430600000,0.5728355323214763,6101,8,52.0,41.0,False
1787430900000,0.4283903474628108,7632,10,60.0,40.0,False
1787431200000,0.45144690554391453,4641,9,49.0,40.0,False
1787431500000,0.5510224251492942,4168,10,51.0,40.0,False
1787431800000,0.6845727855664083,6279,8,50.0,40.0,False
1787432100000,1.110192888562129,4745,8,50.0,39.0,False
1787432400000,0.0,353,2,46.0,39.0,False
1787432700000,0.5300901949235718,2740,10,58.0,39.0,False
1787433000000,0.5624546719180863,4007,10,31.0,39.0,False
1787433300000,0.4937461385345322,3015,9,28.0,39.0,False
1787433600000,0.7903094746722057,3561,9,34.0,38.0,False
1787433900000,0.801444922265467,3302,9,45.0,38.0,False
1787434200000,0.5626058934426519,614,6,41.0,37.0,False
1787434500000,0.8872847061733194,6453,10,44.0,37.0,False
1787434800000,0.9732823035880817,7092,10,50.0,37.0,False
1787435100000,0.6243772326629611,4572,10,32.0,37.0,False
1787435400000,0.8622205114426512,3079,7,39.0,36.0,False
1787435700000,0.0,524,3,24.0,36.0,False
1787436000000,0.7904208914051729,2272,9,50.0,36.0,False
1787436300000,0.8891708109542316,4534,9,29.0,35.0,False
1787436600000,0.967774212715962,2463,5,55.0,35.0,False
1787436900000,0.9393007443040703,5074,8,28.0,35.0,False
1787437200000,1.0900893665080278,9142,10,24.0,35.0,False
1787437500000,0.7969057513688707,8345,10,28.0,35.0,False
1787437800000,1.1287066790967026,6653,9,30.0,35.0,False
1787438100000,0.7144463879775428,6093,10,24.0,34.0,False
1787438400000,0.7736902355258302,6591,10,21.0,34.0,False
1787438700000,0.8540390082344086,3451,10,22.0,34.0,False
1787439000000,0.5792467019704997,3754,10,23.0,34.0,False
1787439300000,0.5879117364253812,4368,10,26.0,34.0,False
1787439600000,0.9712370955021038,4563,10,22.0,34.0,False
1787439900000,0.5983056198222415,8018,10,20.0,34.0,False
1787440200000,0.041450668355125266,11607,10,28.0,34.0,False
1787440500000,0.7793235617779904,6281,10,24.0,34.0,False
1787440800000,0.4788277077917555,7848,10,24.0,34.0,False
1787441100000,0.041332912487427764,12318,10,34.0,34.0,False
1787441400000,0.4991874058631701,6767,10,30.0,34.0,False
1787442000000,0.7871267262965701,5587,9,23.0,33.0,False
1787443200000,0.699652475136122,3880,9,49.0,32.0,False
1787443800000,0.4398234341525176,3819,8,28.0,32.0,False
1787444100000,0.8003363845200505,3194,10,26.0,32.0,False
1787444700000,0.3297651425692155,2303,7,46.0,31.0,False
1787445000000,0.6255315016046397,3959,10,24.0,31.0,False
1787445300000,0.6790152136798724,9612,10,29.0,31.0,False
1787445600000,0.9967398391098957,9172,10,28.0,31.0,False
1787445900000,0.9780008806297236,10658,10,26.0,31.0,False
1787446200000,0.9372097301406711,6658,10,33.0,31.0,False
1787446500000,0.8409455068886534,4624,9,25.0,31.0,False
1787446800000,0.5664290942498502,2883,10,20.0,30.0,False
1787458200000,0.3333333333333333,9,3,64.0,23.0,False
1787502000000,0.6979728859034913,5537,10,18.0,15.0,False
1787503500000,0.0,20,1,47.0,14.0,False
1787516100000,0.324699285285926,4035,4,42.0,5.0,False
1787516400000,0.7493236825109343,5696,6,26.0,5.0,False
1787516700000,0.4807900004035405,5446,8,47.0,5.0,False
1787517000000,0.2755787829500148,3813,5,39.0,5.0,False
1787517300000,0.5779106280168357,1120,4,32.0,5.0,False
1787517600000,0.4032278638866623,2604,4,28.0,5.0,False
1787517900000,0.3190696601705174,4124,8,22.0,5.0,False
1787518200000,0.8276928790041073,1954,4,32.0,5.0,False
1787518500000,0.1523625392937218,159,1,34.0,5.0,False
1787518800000,0.5683622693566792,4910,9,32.0,5.0,False
1787519100000,0.5975506716558432,4924,5,22.0,5.0,False
1787519400000,1.1377844920800906,2161,3,20.0,5.0,False
1787520300000,0.6040215238852108,2218,5,23.0,5.0,False
1787520600000,0.5679793372736486,2960,7,22.0,5.0,False
1787520900000,0.536513929209964,6670,9,20.0,5.0,False
1787521200000,0.664976879578094,6706,10,24.0,5.0,False
1787521500000,0.9760065189903768,6469,10,20.0,5.0,False
1787521800000,0.5105454100475889,1046,6,17.0,5.0,False
1787522100000,0.9402346599217992,3557,8,19.0,5.0,False
1787522400000,0.7778364447268331,4409,10,22.0,5.0,False
1787522700000,0.9404084957599611,6284,10,20.0,5.0,False
1787523000000,0.5993780464266967,9296,10,22.0,5.0,False
1787523300000,1.0344179931960031,6466,10,19.0,5.0,False
1787523600000,0.6256289109800907,3024,9,21.0,5.0,False
1787523900000,0.32456954740925137,5106,10,21.0,5.0,False
1787524200000,0.03344897553074118,9885,10,18.0,5.0,False
1787524500000,0.08845239946023717,7983,10,21.0,5.0,False
1787524800000,0.7440328891188609,3780,7,18.0,5.0,False
1787525100000,0.5232714170414915,2151,5,20.0,5.0,False
1787525400000,0.20247493274059775,1480,7,14.0,5.0,False
1787525700000,0.9585847552242251,3799,9,14.0,5.0,False
1787526000000,0.40664815301926865,2202,7,16.0,6.0,False
1787526300000,0.2965976207754823,2418,7,17.0,6.0,False
1787526600000,0.7399190847043736,2722,7,16.0,6.0,False
1787526900000,0.9563238935596057,3749,9,20.0,7.0,False
1787527200000,0.4480395140827314,3883,10,16.0,7.0,False
1787527500000,0.6848242592180329,5455,10,13.0,7.0,False
1787527800000,0.44998866784499725,3129,10,14.0,7.0,False
1787528100000,0.8800860476754467,4639,9,16.0,7.0,False
1787528400000,0.8210609680791559,4934,10,16.0,8.0,False
1787528700000,0.5932185156893994,9755,10,18.0,8.0,False
1787529000000,0.5093287799485363,4882,10,16.0,8.0,False
1787529300000,0.8311915285272864,4591,10,19.0,8.0,False
1787529600000,0.7439300925714768,4120,10,19.0,8.0,False
1787529900000,0.6698299636603842,2843,9,14.0,8.0,False
1787530200000,0.47709386147275923,2170,10,13.0,9.0,False
1787530500000,0.8468374620256747,5787,10,14.0,9.0,False
1787530800000,0.5547975939025485,2100,4,27.0,9.0,False
1787533200000,0.06984388297468484,1234,3,22.0,9.0,False
1787533500000,0.6197482650720111,5577,8,18.0,9.0,False
1787533800000,0.04629168170727895,391,1,18.0,9.0,False
1787534400000,0.0,17,1,18.0,9.0,False
1787572800000,0.37111674811509193,2593,6,24.0,86.0,False
1787573400000,0.9989234709174666,233,1,31.0,85.0,False
1787574000000,0.15667507011570594,1017,3,33.0,84.0,False
1787574300000,0.6799412626035359,1716,8,46.0,83.0,False
1787574600000,0.6011270244981434,3736,9,32.0,82.0,False
1787574900000,0.544682693755521,3353,7,32.0,81.0,False
1787575200000,0.07687109016438094,355,2,34.0,80.0,False
1787575500000,0.5611584351491701,2895,9,41.0,80.0,False
1787575800000,0.48172972467314096,5588,10,48.0,79.0,False
1787576100000,0.8145241606430079,5338,9,49.0,78.0,False
1787576400000,0.38262558666729996,934,5,60.0,78.0,False
1787576700000,0.713959827918251,2866,5,46.0,77.0,False
1787577600000,0.0,3,1,41.0,75.0,False
1787578200000,0.0,17,1,51.0,74.0,False
1787578500000,0.46707574734270896,2510,5,44.0,73.0,False
1787578800000,0.42882733474458706,320,3,58.0,72.0,False
1787586600000,0.8992343215559847,4285,10,49.0,56.0,False
1787586900000,1.2143899019344453,3399,10,29.0,56.0,False
1787587200000,0.9093266947173267,5943,10,43.0,56.0,False
1787587500000,0.8195570437011663,3127,9,44.0,56.0,False
1787587800000,0.8822334048614147,3780,10,38.0,55.0,False
1787588100000,0.5386603653296815,6610,10,38.0,54.0,False
1787588400000,0.9781135512517418,6286,10,36.0,54.0,False
1787588700000,0.09614886107324638,12139,10,37.0,54.0,False
1787589000000,0.3387207189083709,3882,7,45.0,53.0,False
1787597100000,0.7275541031192059,7053,10,35.0,43.0,False
1787597400000,0.8902115805377491,9338,10,47.0,42.0,False
1787597700000,0.8732469124351252,7134,9,40.0,42.0,False
1787598000000,0.804653723940848,9890,10,43.0,42.0,False
1787598300000,0.598189582658285,6579,10,44.0,42.0,False
1787598600000,0.7446721045149693,9439,10,44.0,41.0,False
1787598900000,0.6480899841392104,3626,9,41.0,41.0,False
1787599200000,1.0252134442582652,10563,10,52.0,41.0,False
1787599500000,0.9218787174179883,2848,10,58.0,40.0,False
1787599800000,0.8741489275114921,3737,10,44.0,39.0,False
1787600100000,0.8871188260945274,5987,10,52.0,39.0,False
1787600400000,0.7983218022468124,3640,10,52.0,39.0,False
1787600700000,0.6586799431570094,5950,10,44.0,38.0,False
1787601000000,0.609114486737396,4255,10,36.0,38.0,False
1787601300000,0.8065491263172057,4036,10,43.0,38.0,False
1787601600000,0.7403501003152673,3688,10,32.0,38.0,False
1787601900000,0.9792222251416515,9222,10,43.0,38.0,False
1787612700000,0.21667414054945136,11,3,37.0,27.0,False
1787613000000,0.45034265661274675,2518,4,46.0,27.0,False
1787613300000,0.47908433155895785,3326,9,58.0,26.0,False
1787613600000,0.7792776157300312,8271,10,33.0,26.0,False
1787613900000,0.19608654301567682,13105,10,26.0,26.0,False
1787614200000,0.09816219714550142,4997,5,53.0,26.0,False
1787628300000,0.607785023920038,3752,8,30.0,19.0,False
1787628600000,0.5685415287476766,1726,3,15.0,19.0,False
1787659800000,0.6651021708427071,3240,7,24.0,84.0,False
1787660100000,0.6471727815362209,4425,9,24.0,84.0,False
1787660400000,0.7146790291864533,9689,10,24.0,83.0,False
1787666400000,1.0176693037717963,767,1,54.0,72.0,False
1787667300000,0.9073384342070957,671,1,39.0,71.0,False
1787669100000,0.7407474212965063,4521,5,37.0,68.0,False
1787669400000,0.9044943116703543,8008,10,46.0,66.0,False
1787669700000,0.9368940297024316,6568,10,49.0,66.0,False
1787670000000,0.8262653055933036,574,5,65.0,66.0,False
1787670300000,0.38271257381284507,1786,8,30.0,65.0,False
1787670600000,0.6620733249880798,5199,9,42.0,64.0,False
1787670900000,0.8605355372834091,4340,10,46.0,64.0,False
1787671200000,0.9271109658084589,9440,10,37.0,63.0,False
1787671500000,0.9368368976543847,7139,10,47.0,63.0,False
1787671800000,0.9161500619469164,3860,9,52.0,62.0,False
1787672100000,0.8705284592797463,2659,10,40.0,62.0,False
1787672400000,0.7743150650012844,2815,10,40.0,61.0,False
1787672700000,1.0303065146904378,2506,10,40.0,61.0,False
1787673000000,0.9303485537949534,4686,10,42.0,60.0,False
1787673300000,0.9974134826166132,4581,10,37.0,60.0,False
1787673600000,0.9352295831557,4623,10,34.0,60.0,False
1787673900000,0.8296536614294152,4956,9,28.0,59.0,False
1787674800000,0.8402373054171595,4317,8,28.0,58.0,False
1787675100000,0.38938309124836773,2834,10,31.0,58.0,False
1787675400000,0.7419718561801955,3715,10,38.0,57.0,False
1787675700000,0.6125087632050382,4135,10,32.0,57.0,False
1787676000000,0.8228023818995194,3160,10,34.0,57.0,False
1787676300000,0.8003793346286912,2334,10,36.0,56.0,False
1787676600000,0.6123854250751011,2889,10,37.0,56.0,False
1787676900000,0.4238432943575086,3516,10,34.0,56.0,False
1787677200000,0.48336157459823464,2890,9,31.0,55.0,False
1787679000000,0.22937308833653078,1354,4,71.0,52.0,False
1787679300000,0.03520629537413813,299,4,40.0,51.0,False
1787679600000,0.3010168483026079,1866,7,63.0,51.0,False
1787679900000,0.43325534244459496,726,2,56.0,50.0,False
1787681400000,0.0,4,1,80.0,47.0,False
1787682000000,0.0,2,1,56.0,46.0,False
1787682300000,0.8866351568650652,4983,10,49.0,45.0,False
1787682600000,1.0658979335821366,4463,10,48.0,45.0,False
1787682900000,1.1291453932520714,7147,10,56.0,44.0,False
1787683200000,0.7341693174039171,5620,10,48.0,44.0,False
1787683500000,0.9281759765806632,6002,10,50.0,44.0,False
1787683800000,0.658704782441711,3352,10,42.0,43.0,False
1787684100000,0.520319514419602,2387,10,51.0,43.0,False
1787684400000,0.6434987906134078,2489,10,54.0,42.0,False
1787684700000,1.0154169445530496,5144,10,52.0,42.0,False
1787685000000,0.9435924558557371,2829,10,52.0,41.0,False
1787685300000,0.909205827250204,2033,5,46.0,41.0,False
1787685900000,0.26271977308551026,268,1,69.0,40.0,False
1787686200000,0.6799678717719678,4434,10,36.0,40.0,False
1787686500000,0.7093146237821465,5494,10,43.0,39.0,False
1787686800000,0.896490990342758,4101,10,40.0,39.0,False
1787687100000,1.0062196505239984,6213,10,30.0,39.0,False
1787687400000,0.6943245541117296,3335,10,40.0,39.0,False
1787687700000,0.7196110665808078,3568,9,38.0,38.0,False
1787688000000,0.791939402524534,2898,6,42.0,38.0,False
1787688300000,0.6106395114456151,2512,3,34.0,38.0,False
1787688600000,0.8974544241872995,3180,10,43.0,38.0,False
1787688900000,0.9160452174567055,4926,10,37.0,37.0,False
1787689200000,0.6442025892735039,5325,10,32.0,37.0,False
1787689500000,0.7449775077164242,3633,10,25.0,37.0,False
1787689800000,0.5074508101831581,2442,10,28.0,37.0,False
1787690100000,0.7533277385329646,3956,9,32.0,36.0,False
1787690400000,0.4050123361470169,2704,7,38.0,36.0,False
1787690700000,0.6931612299180181,5601,10,32.0,36.0,False
1787691000000,0.4567804938527415,2426,6,34.0,36.0,False
1787691300000,0.5076255020606342,588,2,61.0,35.0,False
1787691600000,0.0,2,1,27.0,35.0,False
1787691900000,0.0,2,1,23.0,35.0,False
1787692200000,0.6238994245501162,309,3,36.0,34.0,False
1787692500000,0.5715388105538257,1001,5,25.0,34.0,False
1787692800000,0.2505797976333643,991,8,26.0,34.0,False
1787693100000,0.011083782407346152,837,7,25.0,34.0,False
1787693400000,0.6766040823122934,5861,10,30.0,34.0,False
1787693700000,0.5933421836035405,323,2,49.0,34.0,False
1787694300000,0.7838052577789767,2337,7,38.0,33.0,False
1787694600000,1.3658094572932389,1450,4,43.0,33.0,False
1787694900000,0.5957885634081627,6787,10,42.0,33.0,False
1787695200000,0.7245351634206004,1908,4,25.0,32.0,False
1787697000000,0.7806392504918374,5176,10,25.0,30.0,False
1787697600000,0.3505730632745764,56,1,37.0,30.0,False
1787697900000,0.0,2,1,42.0,30.0,False
1787698200000,0.13848207486528366,241,1,32.0,29.0,False
1787698500000,0.0,306,4,31.0,29.0,False
1787704200000,0.48051947171886883,1035,3,52.0,25.0,False
1787705100000,0.4566613159568682,230,3,68.0,24.0,False
1787749500000,0.3732798315599668,2356,3,24.0,79.0,False
1787749800000,0.6887573904032434,8253,9,23.0,79.0,False
1787750100000,0.8352298671134181,9770,10,34.0,78.0,False
1787750400000,0.7258694824271048,4735,6,26.0,78.0,False
1787750700000,0.7523678897203283,8049,10,41.0,78.0,False
1787751000000,0.9713206653760155,4274,7,22.0,77.0,False
1787751300000,0.8313684964104239,6577,8,38.0,77.0,False
1787751600000,0.7113887382167798,4651,7,34.0,77.0,False
1787751900000,0.6523192978954181,2174,7,40.0,76.0,False
1787752800000,0.29570727782691214,207,3,43.0,74.0,False
1787753100000,0.4083777405360597,501,4,62.0,74.0,False
1787753400000,0.8792083751457167,8048,10,30.0,73.0,False
1787753700000,0.29340900152553917,2447,5,48.0,72.0,False
1787754000000,0.2448174755156814,2025,5,32.0,72.0,False
1787754300000,0.503780069163773,578,2,31.0,71.0,False
1787754600000,0.23275993363513187,1297,4,44.0,71.0,False
1787754900000,0.6523629873305014,6178,10,39.0,70.0,False
1787755200000,0.3073941936977396,10384,10,58.0,70.0,False
1787755500000,0.7711146617700468,3523,9,54.0,69.0,False
1787755800000,0.9747702482912477,5344,10,44.0,68.0,False
1787756100000,0.9490005550633956,5254,10,37.0,68.0,False
1787756400000,1.0128133125902952,6739,10,42.0,67.0,False
1787756700000,0.5721618443852124,3770,10,44.0,66.0,False
1787757000000,0.5218114583104174,2020,10,32.0,66.0,False
1787757300000,0.37958965909658493,2474,10,40.0,66.0,False
1787757600000,0.31713934981277275,1623,10,30.0,65.0,False
1787757900000,0.6552289820918188,3887,10,23.0,65.0,False
1787758200000,0.8773540413318491,5234,10,32.0,65.0,False
1787758500000,0.8072319779650317,7338,9,30.0,64.0,False
1787758800000,0.6304118642498107,10819,10,29.0,64.0,False
1787759100000,0.8656713665535232,13349,10,25.0,64.0,False
1787759400000,0.591325386508774,1908,10,31.0,63.0,False
1787759700000,0.8140087352697785,6397,10,24.0,63.0,False
1787760000000,0.8941683147294123,8828,10,28.0,63.0,False
1787760300000,0.5363485284580553,5102,10,30.0,62.0,False
1787760600000,0.5693977320699946,4469,10,24.0,62.0,False
1787760900000,0.7612229470290611,7201,10,25.0,62.0,False
1787761200000,0.5960174696443991,2705,10,30.0,61.0,False
1787761500000,0.7464322767097933,1977,9,42.0,61.0,False
1787766000000,0.7438130273876159,771,4,44.0,54.0,False
1787766300000,0.8083440614006966,1181,6,57.0,53.0,False
1787766900000,0.7201151503361217,1595,4,38.0,53.0,False
1787767200000,0.4669331357655734,5703,10,35.0,52.0,False
1787767500000,0.21963942048936197,4692,10,34.0,52.0,False
1787767800000,0.053078940141345315,1934,8,29.0,51.0,False
1787768400000,0.588286103578918,4382,8,37.0,50.0,False
1787768700000,0.3998273784560363,2978,6,28.0,50.0,False
1787769000000,0.19943763215144442,1842,5,43.0,50.0,False
1787769300000,0.8122409087711013,3096,9,54.0,50.0,False
1787769600000,1.0928802494392416,3568,10,37.0,49.0,False
1787769900000,1.0405606196125439,5607,10,41.0,49.0,False
1787770200000,0.963201217765892,2304,9,34.0,49.0,False
1787770500000,0.9778897614440984,3082,10,38.0,48.0,False
1787770800000,0.31178868155477946,5964,8,47.0,48.0,False
1787771100000,0.5343673927707725,4198,9,33.0,47.0,False
1787771400000,0.7137852019419944,4242,10,25.0,47.0,False
1787771700000,0.8302276219571976,6237,10,31.0,47.0,False
1787772000000,0.3680978913363535,6820,10,46.0,46.0,False
1787772300000,0.2026227328995941,3498,9,46.0,46.0,False
1787772600000,0.44248727628251094,7363,10,53.0,46.0,False
1787772900000,0.7635478145706511,4729,10,62.0,45.0,False
1787773200000,0.694301688164334,6314,10,55.0,45.0,False
1787773500000,0.4945463983464552,3637,10,55.0,44.0,False
1787773800000,0.6618783899134018,5243,10,48.0,44.0,False
1787774100000,0.647484934819027,6134,10,51.0,43.0,False
1787774400000,0.7996044491185719,4543,10,46.0,43.0,False
1787774700000,0.677338371210716,3920,10,48.0,42.0,False
1787775000000,0.6116294796842312,7871,9,34.0,42.0,False
1787775300000,0.8343025910849603,1827,7,34.0,42.0,False
1787775600000,0.5912961488803191,1242,5,40.0,41.0,False
1787775900000,0.8553976173223543,3376,10,43.0,41.0,False
1787776200000,0.5894334857951712,5838,10,46.0,41.0,False
1787776500000,1.0716625065744272,6388,10,51.0,40.0,False
1787776800000,0.9074555090939672,7518,10,59.0,40.0,False
1787777100000,0.8329406581614738,5222,10,42.0,40.0,False
1787777400000,0.7163044065518815,2550,10,44.0,40.0,False
1787777700000,0.9895188608052597,5543,10,43.0,39.0,False
1787778000000,0.747804757739742,5142,10,37.0,39.0,False
1787778300000,0.8755749297594912,5472,10,44.0,38.0,False
1787778600000,0.41965776996630105,1725,10,43.0,38.0,False
1787778900000,0.26824675408574944,9783,10,31.0,38.0,False
1787779200000,0.1817873375368697,11012,10,46.0,38.0,False
1787840400000,0.5441569250147372,5029,7,65.0,62.0,False
1787840700000,0.08380594969510449,1051,4,67.0,62.0,False
1787841000000,0.6181914469267661,5934,8,63.0,61.0,False
1787841300000,0.44701381113194083,8983,10,56.0,60.0,False
1787841600000,0.6250345323295178,8750,8,46.0,60.0,False
1787841900000,0.8379724167834628,10155,10,38.0,60.0,False
1787842200000,0.5960925166357648,5610,10,46.0,59.0,False
1787842500000,0.8999201652016882,5181,8,45.0,59.0,False
1787842800000,0.5096399058249876,5727,10,48.0,59.0,False
1787843100000,0.5100722381097916,4442,10,38.0,58.0,False
1787843400000,0.4855097629072164,5891,9,52.0,58.0,False
1787843700000,0.8119870354646584,4888,10,33.0,58.0,False
1787844000000,0.5658636522852669,2716,8,46.0,57.0,False
1787844300000,0.5151498840473915,5415,8,28.0,56.0,False
1787844600000,0.7559838621813141,1882,8,49.0,56.0,False
1787848800000,0.46939649575843473,2137,5,69.0,50.0,False
1787849100000,0.2787558442295702,4156,9,68.0,50.0,False
1787849400000,0.31566591701990215,1907,5,49.0,49.0,False
1787849700000,0.384421067428908,6796,10,55.0,49.0,False
1787850000000,0.031450328925894964,955,6,52.0,48.0,False
1787850300000,0.39825240104794435,1963,7,25.0,48.0,False
1787851200000,0.3013443365201555,6217,9,52.0,47.0,False
1787851500000,0.023459086839812574,1637,6,81.0,47.0,False
1787851800000,0.4266869876377064,2955,6,63.0,46.0,False
1787852100000,0.05182571948095062,1330,8,63.0,46.0,False
1787852400000,0.5302851472232211,4532,10,54.0,45.0,False
1787852700000,0.7046784194834569,4176,9,52.0,45.0,False
1787853600000,0.9842488492796291,3288,8,47.0,44.0,False
1787853900000,0.7586570568326352,4297,10,66.0,43.0,False
1787854200000,0.2005927733927933,1503,10,68.0,42.0,False
1787854500000,0.8103348032238765,4422,10,52.0,42.0,False
1787854800000,0.7535951926330563,3013,10,48.0,42.0,False
1787855100000,0.6569445848014953,2412,10,54.0,41.0,False
1787855400000,0.46302628687934827,1643,10,43.0,41.0,False
1787855700000,0.5916818637341847,2257,10,50.0,41.0,False
1787856000000,0.5813661432650963,3373,10,48.0,41.0,False
1787856300000,0.5429381062821126,3411,10,52.0,40.0,False
1787856600000,0.7823362775655873,3103,8,38.0,40.0,False
1787856900000,0.8525211678909752,7474,10,40.0,40.0,False
1787857200000,0.8559913147236914,5416,10,46.0,40.0,False
1787857500000,0.6461919949100217,6373,10,44.0,39.0,False
1787857800000,0.6590964688252317,2992,10,47.0,38.0,False
1787858100000,0.6295199304167888,9372,10,41.0,38.0,False
1787858400000,0.5207105773543833,1160,10,42.0,38.0,False
1787858700000,0.5095504229234502,4452,10,40.0,38.0,False
1787859000000,0.6910949412938061,2342,9,42.0,38.0,False
1787859300000,0.4568154379528847,3315,10,38.0,38.0,False
1787859600000,0.9387313417520149,6699,10,43.0,37.0,False
1787859900000,0.9960766458329429,10658,10,40.0,37.0,False
1787860200000,0.784876061215601,3403,10,50.0,36.0,False
1787860500000,0.6360610743549283,7593,10,44.0,36.0,False
1787860800000,0.7985188429631304,5828,10,52.0,36.0,False
1787861100000,0.4582865760634493,5451,10,38.0,36.0,False
1787861400000,0.49045715426627157,5807,10,45.0,36.0,False
1787861700000,0.6190666733123923,2920,10,46.0,36.0,False
1787862000000,1.0143103432963845,4562,10,50.0,35.0,False
1787862300000,0.578799806875107,4061,10,34.0,35.0,False
1787862600000,0.7038640674174483,2900,9,50.0,34.0,False
1787862900000,0.7116776948828303,3156,10,58.0,34.0,False
1787863200000,0.8722456623150987,3635,9,34.0,34.0,False
1787867700000,0.6321596785209662,6353,10,50.0,30.0,False
1787868000000,0.4853122957729397,8948,10,40.0,29.0,False
1787868300000,0.5046716999831733,4537,10,46.0,29.0,False
1787868600000,0.9370890842965365,6416,10,40.0,29.0,False
1787868900000,0.7361300028876592,2269,5,37.0,29.0,False
1787869200000,0.8381345987136216,4191,6,36.0,29.0,False
1787869500000,0.34876499288260604,1412,4,25.0,29.0,False
1787869800000,0.19701793191491254,3278,9,35.0,28.0,False
1787870400000,1.0011729786902235,3538,5,54.0,28.0,False
1787870700000,0.44368904246252383,5914,10,34.0,28.0,False
1787871000000,0.46409268495743095,1189,6,36.0,27.0,False
1787886000000,0.5351648102805222,1523,5,22.0,19.0,False
1787886300000,0.3735935905606692,3203,7,37.0,19.0,False
1787887500000,0.6230921957365787,823,2,28.0,18.0,False
1787887800000,0.4811293579429946,6330,10,24.0,18.0,False
1787888100000,0.14048854945002448,1711,9,24.0,18.0,False
1787888400000,0.36835027408772325,5727,7,23.0,18.0,False
1787888700000,0.10749871378229696,4123,8,24.0,18.0,False
1787889000000,0.2429527269543302,3958,10,20.0,18.0,False
1787889300000,0.1574757517745446,5308,10,17.0,18.0,False
1787889600000,0.42936735089078837,8524,10,18.0,18.0,False
1787889900000,0.20701189690809546,4497,10,19.0,18.0,False
1787890200000,0.26862750041553546,6388,10,19.0,18.0,False
1787890500000,0.3133937549069333,8055,10,16.0,18.0,False
1787890800000,0.390713286031418,5394,7,36.0,20.0,False
1787891100000,0.6193821946787638,13,1,18.0,20.0,False
1787924100000,1.067720286031592,1911,3,76.0,74.0,False
1787924400000,0.8964629151931781,6267,10,58.0,73.0,False
1787924700000,0.3974469539975278,5793,8,56.0,72.0,False
1787925000000,0.6250874189997987,4457,8,59.0,72.0,False
1787925300000,0.0945151111181277,3640,9,52.0,71.0,False
1787925600000,0.20491096550710797,6561,10,55.0,70.0,False
1787925900000,0.7755003128573105,2221,3,65.0,69.0,False
1787926200000,0.6167683715383914,7168,10,46.0,69.0,False
1787926500000,0.27064597554676395,10560,10,64.0,68.0,False
1787926800000,0.10948733543977669,12528,10,62.0,68.0,False
1787927100000,0.0424787343835943,11411,10,58.0,67.0,False
1787941800000,0.7292090222895785,3488,4,64.0,36.0,False
1787942100000,0.3726754506944594,6841,9,74.0,36.0,False
1787942400000,0.01019357123822266,3165,9,80.0,35.0,False
1787942700000,0.20781193265665682,3204,9,82.0,35.0,False
1787943000000,0.030079532371814294,7016,10,76.0,34.0,False
1787943300000,0.4895988239569126,5927,10,72.0,34.0,False
1787943600000,1.1551737979300907,526,1,70.0,33.0,False
1788007800000,0.6298832399463397,3601,10,42.0,78.0,False
1788008400000,0.5090718695801095,2513,10,43.0,77.0,False
1788008700000,0.982386296267287,2530,9,43.0,76.0,False
1788012000000,0.6532874196845563,3480,9,42.0,69.0,False
1788012300000,0.6986029974800291,1471,6,40.0,69.0,False
1788012900000,0.6813601134717941,1480,2,50.0,68.0,False
1788013500000,0.0,37,1,47.0,67.0,False
1788013800000,0.053277801502700006,375,1,47.0,66.0,False
1788014100000,1.037817259027425,5094,10,53.0,66.0,False
1788014400000,0.5287331771983566,3746,7,35.0,65.0,False
1788014700000,0.028193633007366676,351,1,55.0,65.0,False
1788015000000,0.7504242698432453,1874,3,50.0,64.0,False
1788015300000,1.0196789355425966,4427,10,62.0,64.0,False
1788015600000,0.9958318677248181,4435,10,47.0,63.0,False
1788015900000,0.9381502900824144,2865,8,58.0,62.0,False
1788016200000,0.6851428103741457,2964,9,63.0,62.0,False
1788016500000,0.8190883614668935,5576,14,63.0,61.0,False
1788016800000,0.8119939263691331,9622,17,50.0,61.0,False
1788017100000,0.503247884976101,17618,19,34.0,60.0,False
1788017400000,0.0729061878890191,21211,19,44.0,60.0,False
1788017700000,0.33021539675896394,22985,20,47.0,60.0,False
1788018000000,0.47203708906214975,20840,19,30.0,59.0,False
1788018300000,0.8334455461829705,28406,19,35.0,59.0,False
1788018600000,0.7975249049239235,10955,20,31.0,59.0,False
1788018900000,0.6248172726444523,15653,16,24.0,59.0,False
1788019200000,1.0760047836488142,5403,10,40.0,58.0,False
1788019800000,0.5331856763473362,3010,5,29.0,58.0,False
1788020100000,0.6187141146483531,6048,16,33.0,57.0,False
1788020400000,0.0,2,2,74.0,56.0,False
1788020700000,0.0,4,2,67.0,56.0,False
1788021300000,0.0,8,3,39.0,55.0,False
1788022200000,0.019005664087242708,118,7,45.0,54.0,False
1788022500000,0.11847784091520983,290,16,42.0,53.0,False
1788022800000,0.35123040256389415,10615,19,48.0,53.0,False
1788023100000,0.3559610497247825,4437,10,53.0,52.0,False
1788023400000,0.09021189549743318,10578,19,29.0,52.0,False
1788023700000,0.29657527494716246,3621,11,45.0,52.0,False
1788024000000,0.5931058756722288,9233,9,27.0,51.0,False
1788024300000,0.34364745321299367,6905,10,47.0,51.0,False
1788024600000,0.16098504738548117,4077,5,49.0,51.0,False
1788024900000,0.03494457487696367,290,7,42.0,50.0,False
1788025200000,0.06699937051275447,62,7,34.0,50.0,False
1788025500000,0.2668181610809401,2548,9,32.0,50.0,False
1788025800000,0.2192273963125621,6783,10,36.0,50.0,False
1788026100000,0.27968283531912463,2108,5,26.0,49.0,False
1788026400000,0.47573000589238446,7887,8,60.0,49.0,False
1788026700000,0.2958562397904262,1475,5,28.0,49.0,False
1788027000000,0.0,10,3,34.0,49.0,False
1788027300000,0.09379911871785625,615,5,32.0,49.0,False
1788027600000,0.5639440245742038,1096,2,35.0,48.0,False
1788027900000,0.9405087507387808,9051,7,34.0,48.0,False
1788028200000,0.4688554302462821,4147,7,35.0,48.0,False
1788028500000,0.7141919123302461,8650,9,36.0,48.0,False
1788028800000,0.17141198963322643,12266,10,32.0,47.0,False
1788029100000,0.047202101641173985,7934,8,45.0,47.0,False
1788029400000,0.8542771391622251,5389,9,53.0,46.0,False
1788029700000,0.5689357829937044,1466,8,61.0,46.0,False
1788030000000,0.9378775272347516,1525,5,59.0,46.0,False
1788030300000,0.7142251886630993,6159,10,55.0,45.0,False
1788030600000,0.04203149141520357,10615,9,41.0,45.0,False
1788030900000,0.17117822829577525,8595,9,52.0,44.0,False
1788031200000,0.1837269362874292,7467,10,50.0,44.0,False
1788031500000,0.7736348248870379,2259,5,66.0,44.0,False
1788032400000,0.6010755913269181,3927,8,34.0,42.0,False
1788032700000,0.29504644375934735,3686,8,33.0,42.0,False
1788033000000,0.0,27,8,38.0,42.0,False
1788033300000,0.0,31,10,36.0,41.0,False
1788033600000,0.12309310846324154,123,8,32.0,41.0,False
1788033900000,0.4325094499591183,2504,8,36.0,41.0,False
1788034200000,0.6643843505171501,2339,10,44.0,41.0,False
1788034500000,1.1097323439574818,3565,9,30.0,41.0,False
1788034800000,0.19149840022572245,4093,8,26.0,40.0,False
1788035100000,0.19747474601884663,5247,9,29.0,40.0,False
1788035400000,0.4730404188135709,7262,10,25.0,40.0,False
1788035700000,0.4284567231442785,5907,9,25.0,40.0,False
1788036000000,0.5183735954499392,3818,9,30.0,40.0,False
1788036300000,0.5875292622721284,5398,9,40.0,40.0,False
1788036600000,0.6051201138373917,5537,9,40.0,39.0,False
1788036900000,0.596425552549686,5285,9,46.0,39.0,False
1788037200000,0.6730771990707625,6191,10,55.0,38.0,False
1788037500000,0.5545711451530969,1452,2,52.0,38.0,False
1788039900000,0.5105914894495405,1515,4,25.0,36.0,False
1788040200000,0.7132659093778815,2870,7,24.0,36.0,False
1788040500000,0.06944852045049653,6052,9,21.0,36.0,False
1788040800000,0.4878080690911253,1065,2,26.0,36.0,False
1788042000000,0.6372579849733423,2107,6,25.0,35.0,False
1788042300000,0.14191345966180713,4021,9,25.0,35.0,False
1788042600000,0.1870100142624999,1598,10,28.0,35.0,False
1788042900000,0.6393431610106101,4232,9,26.0,34.0,False
1788043200000,0.17404211865064764,1445,6,25.0,34.0,False
1788043500000,0.3264417290917206,1679,4,24.0,34.0,False
1788043800000,0.1505754056072724,293,4,26.0,34.0,False
1788044100000,0.44987035748524806,528,2,29.0,34.0,False
1788044700000,0.03942800688727642,312,2,23.0,34.0,False
1788045000000,0.0,2,1,20.0,33.0,False
1788045300000,0.5800154761154268,1771,5,18.0,33.0,False
1788045600000,0.32291445724677187,1048,8,22.0,33.0,False
1788045900000,0.6244870624502128,1589,8,23.0,33.0,False
1788046200000,0.09828527850951346,929,9,19.0,33.0,False
1788046500000,0.12810384804216568,44,3,22.0,33.0,False
1788046800000,0.0,203,5,25.0,33.0,False
1788047100000,0.38795800729283886,3424,9,22.0,33.0,False
1788047400000,0.17452977142518789,7324,9,30.0,33.0,False
1788047700000,0.03814956994092583,9322,9,23.0,33.0,False
1788048000000,0.042477470061870526,8519,10,25.0,33.0,False
1788048300000,0.0385020751543601,8820,9,26.0,33.0,False
1788048600000,0.5925968365872558,7094,10,49.0,33.0,False
1788048900000,1.0216866078833644,3781,9,28.0,33.0,False
1788049200000,0.7668345838579966,6420,11,29.0,33.0,False
1788049500000,0.9178972915469348,25158,19,26.0,32.0,False
1788049800000,0.9612628555673055,17761,19,26.0,32.0,False
1788050100000,0.6002257391425632,16115,19,28.0,32.0,False
1788050400000,1.1498974766175412,7323,19,40.0,32.0,False
1788050700000,0.6023035669485325,3790,12,48.0,31.0,False
1788051600000,0.9231934561054442,6315,8,30.0,31.0,False
1788051900000,0.0,3,1,40.0,31.0,False
1788053100000,0.7364879668455072,2201,4,34.0,30.0,False
1788053400000,0.3298814075677977,715,3,30.0,29.0,False
1788053700000,0.9460885569029093,2797,3,30.0,29.0,False
1788054600000,1.2176711625680339,269,1,55.0,29.0,False
1788097800000,0.6354215501465909,6957,7,49.0,84.0,False
1788103200000,0.0,1,1,78.0,70.0,False
1788103500000,0.7663883936445193,17802,20,60.0,69.0,False
1788103800000,0.8375372691839292,17543,19,68.0,68.0,False
1788104100000,0.7696245842687783,8450,19,79.0,68.0,False
1788104400000,0.9449184010064549,8424,20,84.0,66.0,False
1788104700000,1.000848844450807,4873,18,76.0,66.0,False
1788105000000,0.500868316174752,8694,20,80.0,66.0,False
1788105300000,0.6552595867320367,11437,19,70.0,65.0,False
1788105600000,0.5300643883654453,15739,19,70.0,64.0,False
1788105900000,1.000877101877458,11075,20,62.0,64.0,False
1788106200000,0.48652976836360556,8047,19,73.0,63.0,False
1788106500000,0.8356497523902637,14510,18,66.0,62.0,False
1788106800000,0.7120846389158528,9440,19,48.0,62.0,False
1788107100000,0.8968213243519931,8879,20,60.0,61.0,False
1788107400000,0.9660606911032303,6190,19,67.0,60.0,False
1788107700000,0.7167388947318798,5981,20,58.0,60.0,False
1788108000000,0.2633060809550525,4103,16,76.0,59.0,False
1788108300000,0.9077014112619919,7426,19,68.0,58.0,False
1788108600000,0.8067229645127505,12757,20,64.0,58.0,False
1788108900000,1.0729952479979452,8358,18,60.0,57.0,False
1788109200000,0.6112333842059727,8943,19,60.0,57.0,False
1788109500000,0.6352955212579408,3980,16,63.0,56.0,False
1788109800000,0.33015683312198235,158,2,71.0,55.0,False
1788111300000,0.31933071423573756,2890,7,50.0,54.0,False
1788111600000,0.5703429698516949,13937,20,64.0,53.0,False
1788111900000,0.5405601122277511,8207,14,62.0,52.0,False
1788112200000,0.455991998877579,2736,13,62.0,52.0,False
1788112500000,0.7784742876974763,11830,12,40.0,52.0,False
1788120000000,0.23717271878111984,258,4,68.0,41.0,False
1788120300000,1.0507345852219747,214,2,75.0,40.0,False
1788145200000,0.0,4,2,70.0,12.0,False
1788145500000,0.7955351193943982,10835,11,65.0,12.0,False
1788145800000,0.22584570674724067,22483,20,52.0,12.0,False
1788146100000,0.22841688764074936,13410,16,54.0,12.0,False
1788146400000,0.7128421578252306,12959,17,49.0,12.0,False
1788175500000,0.9428240964302348,11614,13,61.0,58.0,False
1788175800000,0.6610070087899188,2994,5,70.0,57.0,False
1788176400000,0.5165251011208327,3695,6,44.0,56.0,False
1788176700000,0.6613747656085109,20025,19,58.0,56.0,False
1788177000000,0.7345296706593537,14482,14,53.0,55.0,False
1788177600000,0.426336225703442,11774,17,66.0,54.0,False
1788177900000,0.367470433679084,4138,8,64.0,53.0,False
1788178500000,0.31159890858309747,1442,2,72.0,52.0,False
1788178800000,0.3884717476383533,270,2,68.0,52.0,False
1788179100000,0.11887931536267714,476,3,65.0,51.0,False
1788179400000,0.3566417478312451,3877,14,54.0,51.0,False
1788179700000,0.409044293709203,2831,11,59.0,50.0,False
1788180000000,0.40027861033329465,3898,14,39.0,50.0,False
1788180300000,0.6118624354712362,6672,16,56.0,50.0,False
1788180600000,0.07788305580786888,3509,14,54.0,49.0,False
1788180900000,0.56258626289396,9601,16,56.0,49.0,False
1788182700000,0.46471421188016554,3025,6,59.0,47.0,False
1788183000000,0.7904671569209568,18981,18,38.0,46.0,False
1788183300000,1.0209471409681627,16864,19,54.0,46.0,False
1788183600000,0.6632896466969629,13470,20,61.0,46.0,False
1788190500000,0.17310575359108785,136,1,68.0,38.0,False
1788190800000,0.8378388468199001,9687,19,63.0,37.0,False
1788191100000,0.8084965035170815,6462,19,64.0,37.0,False
1788191400000,0.3848436605284017,4600,20,72.0,36.0,False
1788191700000,0.607706142656621,3144,19,65.0,36.0,False
1788192000000,0.6835706189213114,2895,12,53.0,36.0,False
1788193800000,0.415950481399283,3168,20,71.0,33.0,False
1788194100000,0.08932364716967778,22097,19,66.0,33.0,False
1788194400000,0.21076501703000275,14524,19,85.0,33.0,False
1788194700000,0.5022342998943847,2598,20,68.0,32.0,False
1788195000000,0.49474278253790327,6272,18,55.0,32.0,False
1788195300000,0.9036231202462328,8136,19,68.0,32.0,False
1788195600000,0.7849325011541763,9016,20,66.0,32.0,False
1788195900000,1.0649761963367805,9586,19,64.0,31.0,False
1788196200000,1.1669197093135306,6178,19,59.0,31.0,False
1788196500000,1.0412838487146323,8526,15,64.0,30.0,False
1788196800000,0.9101709660224877,8326,10,72.0,30.0,False
1788197100000,0.8887044669139811,5541,9,71.0,29.0,False
1788197400000,1.0770887798702817,4431,8,67.0,29.0,False
1788197700000,0.8419516984908559,11467,14,56.0,29.0,False
1788198000000,0.8491889926855565,11846,20,58.0,29.0,False
1788198300000,0.9815416325411582,4377,16,59.0,29.0,False
1788198600000,0.581057053042154,5391,8,50.0,28.0,False
1788198900000,0.6955844917836702,7459,9,58.0,28.0,False
1788199200000,0.864892437968638,5906,9,54.0,28.0,False
1788199500000,0.7881595095684654,1760,4,41.0,28.0,False
1788199800000,0.9925688895925503,4682,9,43.0,27.0,False
1788200100000,0.5068601741533783,5332,9,52.0,27.0,False
1788200400000,0.08453017003942989,14894,10,56.0,27.0,False
1788200700000,0.8473881353892204,3637,9,65.0,27.0,False
1788201000000,0.7185823864223397,3632,10,60.0,26.0,False
1788201300000,1.3821833343469017,143,1,48.0,26.0,False
1788202500000,1.1244500798322523,3013,3,58.0,25.0,False
1788202800000,0.9555608925771677,11296,18,54.0,25.0,False
1788203100000,1.0224503140287844,20699,20,48.0,25.0,False
1788203400000,0.7916397489326331,7287,19,64.0,25.0,False
1788203700000,0.6627538172711143,9920,17,43.0,25.0,False
1788204000000,0.7067654397323067,18486,18,45.0,24.0,False
1788204300000,0.7447739708289798,15789,19,46.0,24.0,False
1788204600000,0.8146084496409653,14306,20,38.0,24.0,False
1788204900000,0.726880884175092,10651,14,46.0,24.0,False
1788205200000,0.6410143745599993,4855,15,57.0,23.0,False
1788205500000,0.8772122790374578,13602,19,49.0,23.0,False
1788205800000,0.8980108437360722,8401,13,66.0,23.0,False
1788206100000,0.7631273978876353,3878,9,64.0,23.0,False
1788206400000,0.7349513278291627,2752,9,51.0,23.0,False
1788206700000,0.6272418695279495,2785,10,51.0,23.0,False
1788207000000,0.7437535655299163,2777,9,66.0,22.0,False
1788207300000,0.7437251792861151,7116,11,56.0,22.0,False
1788207600000,0.5733721201967283,6958,12,52.0,22.0,False
1788207900000,0.8834464059703969,3489,11,43.0,21.0,False
1788208200000,0.8501873471774397,6154,20,44.0,21.0,False
1788208500000,0.9170146384498893,10921,19,50.0,21.0,False
1788208800000,0.6176069098891701,16007,20,50.0,21.0,False
1788209100000,0.6768303266729683,9347,17,52.0,21.0,False
1788209400000,0.918361314590143,15502,19,54.0,20.0,False
1788209700000,0.5100653543186944,3190,19,39.0,20.0,False
1788210000000,0.5286224606487593,5696,19,60.0,20.0,False
1788210300000,0.7454935541161705,10306,17,58.0,20.0,False
1788210600000,0.6968748534710424,11528,19,58.0,20.0,False
1788210900000,0.7760223373291723,6791,19,62.0,19.0,False
1788211200000,0.7458082983533976,10167,20,52.0,19.0,False
1788211500000,0.7508599288476447,4988,18,46.0,19.0,False
1788211800000,0.8197975390694247,10109,19,52.0,19.0,False
1788212100000,0.997423458798408,5528,13,58.0,18.0,False
1788212400000,0.8894836508389717,13688,19,61.0,18.0,False
1788212700000,0.9908018296789982,17119,19,60.0,18.0,False
1788213000000,1.0254817402382108,10019,19,55.0,18.0,False
1788213300000,0.8544905243997203,3739,9,48.0,18.0,False
1788213600000,0.7679774464593861,6243,15,37.0,18.0,False
1788213900000,0.45291639666078065,4579,19,46.0,18.0,False
1788214200000,0.6694606080447519,10377,20,45.0,17.0,False
1788214500000,1.3850906262986402,2716,4,38.0,17.0,False
1788225600000,0.4498198955652518,1931,2,61.0,8.0,False
1788225900000,0.7085662349232774,15715,17,73.0,7.0,False
1788226200000,1.0178122271440946,18456,19,64.0,7.0,False
1788226500000,0.8899725812780881,12852,19,62.0,7.0,False
1788227100000,0.8711829290086099,18052,13,49.0,7.0,False
1788227400000,1.0447141464088592,18146,14,61.0,6.0,False
1788262200000,0.23732062988968014,1705,2,73.0,59.0,False
1788262800000,0.0,40,1,69.0,58.0,False
1788263100000,0.10704806818110002,928,2,74.0,57.0,False
1788263400000,0.8125009000166626,4322,10,53.0,56.0,False
1788263700000,0.5066508429437051,2418,9,43.0,56.0,False
1788264000000,0.8734958822669572,1998,5,32.0,56.0,False
1788264300000,0.6001421143742023,954,2,48.0,56.0,False
1788264600000,0.6235044717153788,2428,9,55.0,55.0,False
1788264900000,0.7120236252051728,2184,8,49.0,55.0,False
1788265200000,0.18974400615409906,4434,8,62.0,54.0,False
1788265500000,0.5868586258176085,2629,7,55.0,54.0,False
1788271800000,0.6835237749626096,3166,6,58.0,48.0,False
1788272100000,0.7767813191040511,5933,10,67.0,47.0,False
1788272400000,0.9143212489091669,6734,9,64.0,46.0,False
1788272700000,1.1185606260913108,6915,10,78.0,46.0,False
1788273000000,0.9980209966881896,8482,10,76.0,46.0,False
1788273300000,0.9862612481969115,7317,10,70.0,45.0,False
1788273600000,0.6555031736814848,9142,10,63.0,45.0,False
1788273900000,0.6557508071868174,8204,10,62.0,44.0,False
1788274200000,0.8904789391897874,5433,10,72.0,44.0,False
1788274500000,0.8292672046606876,5517,10,61.0,43.0,False
1788274800000,0.6788610843288747,8663,10,72.0,43.0,False
1788275100000,0.828329085833676,8126,10,68.0,42.0,False
1788275700000,0.6306917018423611,5151,7,45.0,41.0,False
1788278700000,0.3248200401795367,652,3,54.0,40.0,False
1788279000000,0.5966016573006946,2197,3,79.0,40.0,False
1788279300000,0.48202788655930295,798,2,70.0,39.0,False
1788279600000,0.650497823829488,1418,3,64.0,38.0,False
1788279900000,0.0,469,2,67.0,38.0,False
1788280200000,0.29186531057130793,828,4,63.0,38.0,False
1788280500000,0.7200588221863923,4875,9,69.0,37.0,False
1788280800000,0.7766743973516104,9584,10,43.0,37.0,False
1788281100000,0.3497489940264239,2820,7,51.0,36.0,False
1788281400000,0.7184613184569026,2169,9,67.0,36.0,False
1788281700000,0.8353450852281462,1764,8,46.0,35.0,False
1788282900000,0.8819324676396917,1300,4,82.0,34.0,False
1788288000000,0.906157206803641,6109,10,73.0,28.0,False
1788288300000,0.8200447071070155,3620,10,70.0,27.0,False
1788288600000,0.6633286624100497,3748,9,76.0,27.0,False
1788288900000,0.14089514502592526,262,6,78.0,27.0,False
1788289200000,0.45332997681510534,3132,8,78.0,26.0,False
1788289500000,0.8317934442833211,2118,7,74.0,26.0,False
1788289800000,0.807612751108068,3387,9,79.0,26.0,False
1788290100000,0.8033900636786261,3584,9,72.0,25.0,False
1788290400000,0.7181750629625847,6530,8,62.0,25.0,False
1788290700000,0.6249748226173611,3261,10,52.0,25.0,False
1788291000000,0.8217499895470382,3819,9,56.0,25.0,False
1788291300000,0.6412479315252317,2532,10,49.0,24.0,False
1788291600000,0.8755062074241433,9664,10,51.0,24.0,False
1788291900000,1.027279012964206,10123,9,53.0,24.0,False
1788292200000,0.6845438658443463,4035,10,48.0,23.0,False
1788292500000,0.5809007013605605,2730,10,58.0,23.0,False
1788292800000,0.8914590669278478,5755,10,55.0,23.0,False
1788293100000,0.6973394654209795,8485,10,48.0,23.0,False
1788293400000,0.02532113403311609,11097,9,48.0,23.0,False
1788293700000,0.6018439235696396,9079,10,52.0,22.0,False
1788294000000,0.9729248752544162,4717,10,54.0,22.0,False
1788294300000,0.7632257665296851,3293,10,43.0,22.0,False
1788294600000,0.7227755618077977,2494,10,62.0,21.0,False
1788294900000,0.7119096793770234,4219,10,60.0,21.0,False
1788295200000,0.8479259529440635,2846,10,55.0,21.0,False
1788295500000,0.8312295407165261,5034,9,46.0,21.0,False
1788295800000,1.2076600487752782,5765,10,44.0,21.0,False
1788296100000,0.9469454255216959,3757,10,44.0,21.0,False
1788296400000,1.0958622801132532,4641,10,44.0,20.0,False
1788296700000,0.6550687438188366,1332,6,58.0,20.0,False
1788297000000,0.7881747275948465,2198,10,43.0,20.0,False
1788297300000,0.6934854093917708,3260,10,38.0,20.0,False
1788297600000,0.9137261217845459,3686,10,38.0,20.0,False
1788297900000,0.4195557285727099,2627,10,43.0,19.0,False
1788298200000,0.5936615066567144,2295,6,40.0,19.0,False
1788299100000,0.8171124738999873,5203,10,52.0,18.0,False
1788299400000,0.6064559155346934,2890,9,54.0,18.0,False
