hour_utc,app_switches,n_input_bins,keys,clicks,moves,scrolls,entropy_mean,move_rate,tab_switches,tabs_touched,domains,stress_mean,stress_n,stress_max,bb_first,bb_last,bb_delta,present,idle_min,active_min,workout,local,date,hour,dow,weekend,phase,dynamism,dyn_rate
1781294400000,112.0,21.0,685.0,97.0,9273.0,2521.0,0.7569172930400716,14.719047619047618,0.0,0.0,0.0,,0.0,,,,,True,4.845933333333333,55.154066666666665,False,2026-06-12 22:00,2026-06-12,22,4,False,EVENING,112.0,2.030675284143448
1781298000000,21.0,16.0,518.0,83.0,8376.0,1118.0,0.6949410696171076,17.45,0.0,0.0,0.0,,0.0,,,,,True,51.1861,8.813899999999997,False,2026-06-12 23:00,2026-06-12,23,4,False,EVENING,21.0,2.3826002110303053
1781341200000,55.0,92.0,2807.0,416.0,57234.0,13774.0,0.7049375746396663,20.736956521739128,0.0,0.0,0.0,,0.0,,,,,True,11.879816666666667,48.12018333333333,False,2026-06-13 11:00,2026-06-13,11,5,True,MORNING,55.0,1.1429715389696147
1781344800000,33.0,52.0,3902.0,93.0,11043.0,3206.0,0.7741711611178134,7.078846153846154,1.0,0.0,1.0,,0.0,,,,,True,35.07286666666667,24.92713333333333,False,2026-06-13 12:00,2026-06-13,12,5,True,MORNING,34.0,1.3639755340231663
1781352000000,1.0,1.0,0.0,1.0,128.0,0.0,0.065490821314727,4.266666666666667,0.0,0.0,0.0,,0.0,,,,,True,59.840983333333334,0.15901666666666614,False,2026-06-13 14:00,2026-06-13,14,5,True,AFTERNOON,1.0,6.288648988575642
1781355600000,23.0,27.0,471.0,88.0,10062.0,1970.0,0.492074566230416,12.422222222222222,13.0,0.0,5.0,,0.0,,,,,True,43.57821666666667,16.42178333333333,False,2026-06-13 15:00,2026-06-13,15,5,True,AFTERNOON,36.0,2.1922101436405104
1781359200000,34.0,27.0,1381.0,120.0,9383.0,2649.0,0.8968932916542655,11.583950617283952,0.0,0.0,0.0,,0.0,,,,,True,45.624233333333336,14.375766666666664,False,2026-06-13 16:00,2026-06-13,16,5,True,AFTERNOON,34.0,2.3650912531041826
1781362800000,63.0,81.0,2620.0,301.0,30159.0,12820.0,0.7799305736993805,12.41111111111111,45.0,0.0,12.0,,0.0,,,,,True,0.0,60.0,False,2026-06-13 17:00,2026-06-13,17,5,True,AFTERNOON,108.0,1.8
1781366400000,26.0,29.0,623.0,94.0,9756.0,2410.0,0.6261012550776865,11.213793103448275,8.0,0.0,4.0,,0.0,,,,,True,44.2786,15.721400000000003,False,2026-06-13 18:00,2026-06-13,18,5,True,AFTERNOON,34.0,2.162657269708804
1781370000000,53.0,72.0,1633.0,341.0,46794.0,7295.0,0.5113826925535198,21.663888888888888,45.0,0.0,8.0,,0.0,,,,,True,22.793383333333335,37.20661666666666,False,2026-06-13 19:00,2026-06-13,19,5,True,EVENING,98.0,2.633940110114823
1781373600000,75.0,103.0,2278.0,537.0,62265.0,26481.0,0.8369878168396182,20.150485436893202,82.0,4.0,22.0,,0.0,,,,,True,7.536866666666667,52.46313333333333,False,2026-06-13 20:00,2026-06-13,20,5,True,EVENING,157.0,2.9925776450002353
1781377200000,58.0,59.0,1050.0,226.0,37007.0,3512.0,0.3834637407715395,20.907909604519773,18.0,7.0,5.0,,0.0,,,,,True,26.883633333333332,33.116366666666664,False,2026-06-13 21:00,2026-06-13,21,5,True,EVENING,76.0,2.2949377498135366
1781380800000,29.0,67.0,1891.0,193.0,23959.0,6514.0,0.6413682870878024,11.919900497512437,17.0,11.0,7.0,,0.0,,,,,True,24.97215,35.02785,False,2026-06-13 22:00,2026-06-13,22,5,True,EVENING,46.0,1.3132407498604681
1781384400000,20.0,53.0,1167.0,153.0,23479.0,3997.0,0.47801617374182087,14.766666666666667,6.0,3.0,3.0,,0.0,,,,,True,24.382916666666667,35.61708333333333,False,2026-06-13 23:00,2026-06-13,23,5,True,EVENING,26.0,0.7299867806881061
1781388000000,0.0,12.0,50.0,95.0,7625.0,441.0,0.2599115417351045,21.180555555555554,6.0,2.0,3.0,,0.0,,,,,True,55.2414,4.758600000000001,False,2026-06-14 00:00,2026-06-14,0,6,True,EVENING,6.0,1.2608750472828139
1781391600000,0.0,7.0,8.0,44.0,4603.0,303.0,0.2980543409573709,21.919047619047618,3.0,2.0,2.0,,0.0,,,,,True,56.07751666666667,3.922483333333332,False,2026-06-14 01:00,2026-06-14,1,6,True,EVENING,3.0,0.7648216053605499
1781395200000,17.0,58.0,136.0,120.0,17609.0,2987.0,0.23620886225516466,10.120114942528737,14.0,8.0,3.0,,0.0,,,,,True,10.692483333333334,49.307516666666665,False,2026-06-14 02:00,2026-06-14,2,6,True,EVENING,31.0,0.6287073877512253
1781424000000,6.0,11.0,157.0,20.0,5221.0,1731.0,0.6088824565317736,15.82121212121212,1.0,1.0,1.0,,0.0,,,,,True,54.075966666666666,5.924033333333334,False,2026-06-14 10:00,2026-06-14,10,6,True,MORNING,7.0,1.1816273822452044
1781427600000,12.0,26.0,67.0,75.0,9884.0,3988.0,0.5835292849045991,12.671794871794871,16.0,9.0,6.0,,0.0,,,,,True,2.0440833333333335,57.95591666666667,False,2026-06-14 11:00,2026-06-14,11,6,True,MORNING,28.0,0.4831258240818093
1781431200000,113.0,98.0,5618.0,509.0,44939.0,12143.0,0.8031819478407309,15.285374149659864,42.0,16.0,13.0,,0.0,,,,,True,8.681316666666667,51.31868333333333,False,2026-06-14 12:00,2026-06-14,12,6,True,MORNING,155.0,3.020342493848082
1781434800000,106.0,110.0,4041.0,571.0,66033.0,19794.0,0.7852712243289249,20.009999999999998,4.0,4.0,4.0,,0.0,,,,,True,5.45765,54.54235,False,2026-06-14 13:00,2026-06-14,13,6,True,AFTERNOON,110.0,2.0167814551444887
1781438400000,38.0,47.0,1534.0,130.0,10566.0,4332.0,0.6168163154511092,7.493617021276595,2.0,2.0,2.0,,0.0,,,,,True,33.69481666666667,26.305183333333332,False,2026-06-14 14:00,2026-06-14,14,6,True,AFTERNOON,40.0,1.5206128576687359
1781442000000,19.0,11.0,52.0,58.0,6232.0,910.0,0.40176138146336043,18.884848484848483,11.0,3.0,2.0,,0.0,,,,,True,54.148983333333334,5.851016666666666,False,2026-06-14 15:00,2026-06-14,15,6,True,AFTERNOON,30.0,5.127314056531486
1781445600000,8.0,13.0,64.0,49.0,4912.0,258.0,0.31555608672439533,12.594871794871796,10.0,2.0,2.0,,0.0,,,,,True,49.703583333333334,10.296416666666666,False,2026-06-14 16:00,2026-06-14,16,6,True,AFTERNOON,18.0,1.748181001481098
1781449200000,51.0,35.0,776.0,200.0,21782.0,7399.0,0.7267847063040292,20.744761904761905,26.0,16.0,10.0,,0.0,,,,,True,42.9454,17.0546,False,2026-06-14 17:00,2026-06-14,17,6,True,AFTERNOON,77.0,4.5149109331206825
1781452800000,0.0,1.0,1.0,0.0,0.0,0.0,0.0,0.0,0.0,0.0,0.0,,0.0,,,,,True,59.93841666666667,0.061583333333331325,False,2026-06-14 18:00,2026-06-14,18,6,True,AFTERNOON,0.0,0.0
1781456400000,63.0,77.0,3184.0,372.0,33123.0,12297.0,0.892109705293495,14.338961038961038,14.0,11.0,7.0,,0.0,,,,,True,17.531033333333333,42.46896666666667,False,2026-06-14 19:00,2026-06-14,19,6,True,EVENING,77.0,1.8130886160796629
1781460000000,20.0,34.0,1561.0,105.0,10261.0,3690.0,0.6823362824497852,10.059803921568628,4.0,2.0,2.0,,0.0,,,,,True,42.0768,17.9232,False,2026-06-14 20:00,2026-06-14,20,6,True,EVENING,24.0,1.339046598821639
1781463600000,87.0,111.0,5379.0,540.0,64213.0,19531.0,0.7465318270259078,19.28318318318318,124.0,30.0,19.0,,0.0,,,,,True,2.4278333333333335,57.57216666666667,False,2026-06-14 21:00,2026-06-14,21,6,True,EVENING,211.0,3.6649654202117343
1781467200000,16.0,33.0,1692.0,44.0,8326.0,4893.0,0.868276290265088,8.41010101010101,0.0,0.0,0.0,,0.0,,,,,True,35.9247,24.0753,False,2026-06-14 22:00,2026-06-14,22,6,True,EVENING,16.0,0.6645815420783957
1781510400000,15.0,7.0,176.0,20.0,2136.0,695.0,0.5348376720969492,10.171428571428573,2.0,2.0,2.0,,0.0,,,,,True,3.997716666666667,56.00228333333333,False,2026-06-15 10:00,2026-06-15,10,0,False,MORNING,17.0,0.3035590513124911
1781514000000,29.0,19.0,430.0,67.0,7468.0,1532.0,0.46368324809170214,13.101754385964911,5.0,4.0,2.0,,0.0,,,,,True,0.0,60.0,False,2026-06-15 11:00,2026-06-15,11,0,False,MORNING,34.0,0.5666666666666667
1781521200000,11.0,4.0,87.0,11.0,1794.0,260.0,0.619244189621057,14.95,2.0,2.0,2.0,,0.0,,,,,True,56.97425,3.025750000000002,False,2026-06-15 13:00,2026-06-15,13,0,False,AFTERNOON,13.0,4.29645542427497
1781524800000,59.0,66.0,125.0,187.0,34279.0,5946.0,0.35037715956004745,17.312626262626264,13.0,4.0,4.0,,0.0,,,,,True,17.918233333333333,42.08176666666667,False,2026-06-15 14:00,2026-06-15,14,0,False,AFTERNOON,72.0,1.7109547840592878
1781528400000,51.0,29.0,348.0,60.0,9479.0,2805.0,0.5133743444087044,10.895402298850575,0.0,0.0,0.0,,0.0,,,,,True,44.11513333333333,15.884866666666667,False,2026-06-15 15:00,2026-06-15,15,0,False,AFTERNOON,51.0,3.2106029638272067
1781532000000,19.0,18.0,107.0,19.0,2727.0,117.0,0.13369113773365615,5.05,0.0,0.0,0.0,,0.0,,,,,True,47.94348333333333,12.056516666666667,False,2026-06-15 16:00,2026-06-15,16,0,False,AFTERNOON,19.0,1.575911229196935
1781535600000,7.0,10.0,10.0,34.0,4857.0,1971.0,0.6830307108769078,16.19,3.0,2.0,2.0,,0.0,,,,,True,55.292,4.707999999999998,False,2026-06-15 17:00,2026-06-15,17,0,False,AFTERNOON,10.0,2.1240441801189474
1781546400000,18.0,6.0,362.0,21.0,1842.0,318.0,0.817620631290314,10.233333333333333,0.0,0.0,0.0,,0.0,,,,,True,56.74195,3.2580499999999972,False,2026-06-15 20:00,2026-06-15,20,0,False,EVENING,18.0,5.5247770905910025
1781550000000,56.0,60.0,1976.0,298.0,26989.0,9573.0,0.8059667304742627,14.993888888888888,18.0,13.0,10.0,,0.0,,,,,True,29.47155,30.52845,False,2026-06-15 21:00,2026-06-15,21,0,False,EVENING,74.0,2.423968462204927
1781553600000,1.0,4.0,12.0,7.0,674.0,454.0,0.7441362783389152,5.616666666666666,1.0,1.0,1.0,,0.0,,,,,True,0.0,60.0,False,2026-06-15 22:00,2026-06-15,22,0,False,EVENING,2.0,0.03333333333333333
1781604000000,51.0,23.0,1294.0,169.0,12735.0,3846.0,0.9178829212934528,18.456521739130434,0.0,0.0,0.0,,0.0,,,,,True,47.936283333333336,12.063716666666664,False,2026-06-16 12:00,2026-06-16,12,1,False,MORNING,51.0,4.22755286858804
1781607600000,146.0,50.0,2000.0,352.0,30813.0,6244.0,0.7453004296126566,20.541999999999998,28.0,8.0,9.0,,0.0,,,,,True,31.50336666666667,28.49663333333333,False,2026-06-16 13:00,2026-06-16,13,1,False,AFTERNOON,174.0,6.105984449625044
1781614800000,16.0,2.0,19.0,21.0,1501.0,0.0,0.1903134180311593,25.016666666666666,0.0,0.0,0.0,,0.0,,,,,True,9.984983333333334,50.01501666666667,False,2026-06-16 15:00,2026-06-16,15,1,False,AFTERNOON,16.0,0.31990392218870267
1781618400000,62.0,57.0,393.0,291.0,33428.0,8283.0,0.4720592007187073,19.548538011695904,38.0,20.0,14.0,,0.0,,,,,True,16.441516666666665,43.558483333333335,False,2026-06-16 16:00,2026-06-16,16,1,False,AFTERNOON,100.0,2.295764047493236
1781622000000,99.0,86.0,2209.0,252.0,26574.0,8605.0,0.519264765379647,10.3,36.0,18.0,8.0,,0.0,,,,,True,6.996266666666667,53.00373333333333,False,2026-06-16 17:00,2026-06-16,17,1,False,AFTERNOON,135.0,2.546990400676179
1781625600000,51.0,67.0,4744.0,285.0,25010.0,9736.0,0.9435673184688431,12.44278606965174,18.0,7.0,4.0,,0.0,,,,,True,26.702133333333332,33.297866666666664,False,2026-06-16 18:00,2026-06-16,18,1,False,AFTERNOON,69.0,2.072204825934795
1781629200000,0.0,4.0,338.0,1.0,181.0,0.0,0.16737252118372398,1.5083333333333333,0.0,0.0,0.0,,0.0,,,,,True,58.3425,1.6574999999999989,False,2026-06-16 19:00,2026-06-16,19,1,False,EVENING,0.0,0.0
1781632800000,47.0,60.0,1613.0,175.0,27502.0,7562.0,0.5465014600722611,15.27888888888889,30.0,15.0,9.0,,0.0,,,,,True,28.695233333333334,31.304766666666666,False,2026-06-16 20:00,2026-06-16,20,1,False,EVENING,77.0,2.4596893124902173
1781636400000,15.0,17.0,310.0,51.0,4708.0,3976.0,0.5252742490556669,9.231372549019607,2.0,2.0,1.0,,0.0,,,,,True,51.004666666666665,8.995333333333335,False,2026-06-16 21:00,2026-06-16,21,1,False,EVENING,17.0,1.8898688208700805
1781640000000,12.0,8.0,292.0,13.0,1130.0,128.0,0.3990197025647257,4.708333333333333,0.0,0.0,0.0,,0.0,,,,,True,57.55855,2.4414500000000032,False,2026-06-16 22:00,2026-06-16,22,1,False,EVENING,12.0,4.915111921194366
1781643600000,24.0,41.0,2265.0,62.0,9104.0,3844.0,0.6106641583036229,7.401626016260163,5.0,4.0,4.0,,0.0,,,,,True,35.5694,24.4306,False,2026-06-16 23:00,2026-06-16,23,1,False,EVENING,29.0,1.1870359303496436
1781647200000,73.0,56.0,1521.0,152.0,24463.0,13101.0,0.7347011974516308,14.561309523809523,0.0,0.0,0.0,,0.0,,,,,True,0.0,60.0,False,2026-06-17 00:00,2026-06-17,0,2,False,EVENING,73.0,1.2166666666666666
1781686800000,49.0,25.0,604.0,90.0,12757.0,6023.0,0.7721671154318323,17.009333333333334,10.0,6.0,3.0,,0.0,,,,,True,47.049816666666665,12.950183333333335,False,2026-06-17 11:00,2026-06-17,11,2,False,MORNING,59.0,4.555920057759799
1781690400000,15.0,14.0,188.0,42.0,4649.0,1772.0,0.4836493111815212,11.069047619047618,9.0,6.0,6.0,,0.0,,,,,True,55.850566666666666,4.149433333333334,False,2026-06-17 12:00,2026-06-17,12,2,False,MORNING,24.0,5.783922302643733
1781694000000,9.0,6.0,11.0,18.0,2022.0,1285.0,0.4270845842876456,11.233333333333333,4.0,2.0,2.0,,0.0,,,,,True,11.417016666666667,48.58298333333333,False,2026-06-17 13:00,2026-06-17,13,2,False,AFTERNOON,13.0,0.2675834028306894
1781697600000,66.0,52.0,1566.0,230.0,26641.0,11690.0,0.7000583169753501,17.077564102564104,47.0,23.0,18.0,,0.0,,,,,True,23.663183333333333,36.336816666666664,False,2026-06-17 14:00,2026-06-17,14,2,False,AFTERNOON,113.0,3.1097936023564716
1781701200000,4.0,25.0,41.0,55.0,10268.0,444.0,0.13468817520472473,13.690666666666667,21.0,4.0,2.0,,0.0,,,,,True,44.3194,15.680599999999998,False,2026-06-17 15:00,2026-06-17,15,2,False,AFTERNOON,25.0,1.594326747700981
1781704800000,31.0,16.0,315.0,30.0,5756.0,1001.0,0.6120451491695683,11.991666666666667,2.0,2.0,2.0,,0.0,,,,,True,43.0,17.0,False,2026-06-17 16:00,2026-06-17,16,2,False,AFTERNOON,33.0,1.9411764705882353
1781712000000,106.0,87.0,2374.0,424.0,58564.0,18772.0,0.652560500600851,22.43831417624521,73.0,35.0,26.0,,0.0,,,,,True,11.413033333333333,48.58696666666667,False,2026-06-17 18:00,2026-06-17,18,2,False,AFTERNOON,179.0,3.6841155618550654
1781715600000,52.0,44.0,908.0,164.0,31602.0,4452.0,0.4663352576805684,23.94090909090909,12.0,4.0,4.0,,0.0,,,,,True,0.0,60.0,False,2026-06-17 19:00,2026-06-17,19,2,False,EVENING,64.0,1.0666666666666667
1781719200000,33.0,47.0,1084.0,95.0,17585.0,5927.0,0.5505112899571108,12.47163120567376,9.0,6.0,4.0,,0.0,,,,,True,34.477466666666665,25.522533333333335,False,2026-06-17 20:00,2026-06-17,20,2,False,EVENING,42.0,1.645604668293116
1781722800000,4.0,6.0,12.0,30.0,3213.0,2365.0,0.8728326556209675,17.85,5.0,4.0,1.0,,0.0,,,,,True,57.57973333333333,2.42026666666667,False,2026-06-17 21:00,2026-06-17,21,2,False,EVENING,9.0,3.7185985015425245
1781726400000,7.0,2.0,16.0,3.0,266.0,240.0,1.0838706215113318,4.433333333333334,0.0,0.0,0.0,,0.0,,,,,True,52.277316666666664,7.722683333333336,False,2026-06-17 22:00,2026-06-17,22,2,False,EVENING,7.0,0.906420695742628
1781798400000,18.0,9.0,284.0,39.0,4231.0,1046.0,0.8697118171364573,15.67037037037037,0.0,0.0,0.0,,0.0,,,,,True,55.354816666666665,4.645183333333335,False,2026-06-18 18:00,2026-06-18,18,3,False,AFTERNOON,18.0,3.874981611777072
1781802000000,12.0,5.0,261.0,21.0,2542.0,1393.0,0.9026654278504029,16.946666666666665,0.0,0.0,0.0,,0.0,,,,,True,39.61963333333333,20.380366666666667,False,2026-06-18 19:00,2026-06-18,19,3,False,EVENING,12.0,0.5888019679070217
1781805600000,2.0,1.0,1.0,1.0,324.0,39.0,0.5439661127530067,10.8,0.0,0.0,0.0,,0.0,,,,,True,24.754283333333333,35.24571666666667,False,2026-06-18 20:00,2026-06-18,20,3,False,EVENING,2.0,0.056744483845081885
1781816400000,21.0,7.0,17.0,19.0,3419.0,2088.0,0.6484147685209908,16.28095238095238,0.0,0.0,0.0,,0.0,,,,,True,24.146616666666667,35.85338333333333,False,2026-06-18 23:00,2026-06-18,23,3,False,EVENING,21.0,0.5857187815375862
1781848800000,67.0,65.0,2634.0,205.0,20019.0,6291.0,0.7302389639245297,10.266153846153847,5.0,4.0,4.0,,0.0,,,,,True,14.4216,45.5784,False,2026-06-19 08:00,2026-06-19,8,4,False,MORNING,72.0,1.579695645305671
1781852400000,154.0,79.0,3859.0,377.0,40728.0,5622.0,0.5479555410180218,17.18481012658228,11.0,6.0,2.0,,0.0,,,,,True,0.0,60.0,False,2026-06-19 09:00,2026-06-19,9,4,False,MORNING,165.0,2.75
1781856000000,114.0,111.0,5676.0,261.0,29621.0,16135.0,0.5436278898582093,8.895195195195194,18.0,11.0,5.0,,0.0,,,,,True,3.1174833333333334,56.88251666666667,False,2026-06-19 10:00,2026-06-19,10,4,False,MORNING,132.0,2.3205724313065144
1781859600000,114.0,111.0,6568.0,230.0,23188.0,10988.0,0.5648494913602117,6.963363363363363,0.0,0.0,0.0,,0.0,,,,,True,0.0,60.0,False,2026-06-19 11:00,2026-06-19,11,4,False,MORNING,114.0,1.9
1781863200000,36.0,90.0,3768.0,103.0,10524.0,8492.0,0.47300889054505363,3.897777777777778,0.0,0.0,0.0,,0.0,,,,,True,12.959716666666667,47.040283333333335,False,2026-06-19 12:00,2026-06-19,12,4,False,MORNING,36.0,0.7653015128522822
1781866800000,4.0,15.0,137.0,24.0,1479.0,526.0,0.2394514819210899,3.2866666666666666,0.0,0.0,0.0,,0.0,,,,,True,2.93555,57.06445,False,2026-06-19 13:00,2026-06-19,13,4,False,AFTERNOON,4.0,0.07009618072197314
1781910000000,4.0,7.0,111.0,36.0,3528.0,17.0,0.5667009111558762,16.8,0.0,0.0,0.0,,0.0,,,,,True,57.58835,2.4116500000000016,False,2026-06-20 01:00,2026-06-20,1,5,True,EVENING,4.0,1.658615470735802
1781913600000,2.0,12.0,41.0,85.0,8977.0,282.0,0.24810985918943848,24.936111111111114,12.0,3.0,3.0,,0.0,,,,,True,51.645633333333336,8.354366666666664,False,2026-06-20 02:00,2026-06-20,2,5,True,EVENING,14.0,1.6757703556224095
1781917200000,0.0,5.0,12.0,11.0,1818.0,138.0,0.21683873061621167,12.120000000000001,1.0,1.0,1.0,,0.0,,,,,True,58.41995,1.58005,False,2026-06-20 03:00,2026-06-20,3,5,True,NIGHT,1.0,0.6328913641973355
1781920800000,0.0,6.0,18.0,17.0,3126.0,125.0,0.19198109892712303,17.366666666666667,3.0,2.0,2.0,,0.0,,,,,True,58.339983333333336,1.6600166666666638,False,2026-06-20 04:00,2026-06-20,4,5,True,NIGHT,3.0,1.8072107709761982
1782223200000,21.0,23.0,290.0,59.0,11988.0,3219.0,0.5146949268921116,17.37391304347826,7.0,5.0,4.0,,0.0,,,,,True,46.245016666666665,13.754983333333335,False,2026-06-23 16:00,2026-06-23,16,1,False,AFTERNOON,28.0,2.035625876197596
1782226800000,55.0,67.0,258.0,269.0,31059.0,10905.0,0.5942489992843651,15.452238805970149,65.0,24.0,22.0,,0.0,,,,,True,20.157366666666668,39.84263333333333,False,2026-06-23 17:00,2026-06-23,17,1,False,AFTERNOON,120.0,3.0118491163987655
1782230400000,64.0,63.0,2922.0,211.0,22964.0,4373.0,0.5784633907147595,12.15026455026455,63.0,17.0,14.0,,0.0,,,,,True,26.932766666666666,33.067233333333334,False,2026-06-23 18:00,2026-06-23,18,1,False,AFTERNOON,127.0,3.8406599886897097
1782234000000,97.0,107.0,5905.0,265.0,31880.0,14317.0,0.7495838532851496,9.931464174454828,22.0,12.0,12.0,,0.0,,,,,True,6.458166666666667,53.54183333333333,False,2026-06-23 19:00,2026-06-23,19,1,False,EVENING,119.0,2.222561174906849
1782241200000,22.0,9.0,181.0,32.0,3330.0,1813.0,0.6966153695685874,12.333333333333334,0.0,0.0,0.0,,0.0,,,,,True,55.400333333333336,4.599666666666664,False,2026-06-23 21:00,2026-06-23,21,1,False,EVENING,22.0,4.782955286614975
1782244800000,125.0,80.0,1672.0,455.0,48765.0,15556.0,0.8133485664212351,20.31875,57.0,20.0,18.0,,0.0,,,,,True,21.212183333333332,38.78781666666667,False,2026-06-23 22:00,2026-06-23,22,1,False,EVENING,182.0,4.692195014843578
1782248400000,95.0,97.0,3484.0,312.0,32308.0,9718.0,0.5907314026724633,11.102405498281788,32.0,16.0,13.0,,0.0,,,,,True,10.868033333333333,49.13196666666667,False,2026-06-23 23:00,2026-06-23,23,1,False,EVENING,127.0,2.5848751559575263
1782252000000,119.0,117.0,4719.0,415.0,44096.0,16104.0,0.8551768397048155,12.562962962962963,38.0,22.0,14.0,,0.0,,,,,True,0.0,60.0,False,2026-06-24 00:00,2026-06-24,0,2,False,EVENING,157.0,2.6166666666666667
1782255600000,123.0,77.0,1719.0,186.0,24842.0,4569.0,0.500869426646332,10.754112554112554,40.0,10.0,6.0,,0.0,,,,,True,19.018116666666668,40.98188333333333,False,2026-06-24 01:00,2026-06-24,1,2,False,EVENING,163.0,3.9773672350343428
1782259200000,17.0,15.0,134.0,48.0,8478.0,2686.0,0.5927266497309773,18.84,6.0,4.0,3.0,,0.0,,,,,True,52.180883333333334,7.819116666666666,False,2026-06-24 02:00,2026-06-24,2,2,False,EVENING,23.0,2.941508738199328
1782288000000,10.0,11.0,18.0,42.0,5988.0,1404.0,0.6135789132645691,18.145454545454545,7.0,6.0,6.0,,0.0,,,,,True,41.072433333333336,18.927566666666664,False,2026-06-24 10:00,2026-06-24,10,2,False,MORNING,17.0,0.8981608835085335
1782291600000,77.0,57.0,1517.0,240.0,31209.0,11816.0,0.790511440904849,18.250877192982454,31.0,15.0,14.0,,0.0,,,,,True,31.135483333333333,28.864516666666667,False,2026-06-24 11:00,2026-06-24,11,2,False,MORNING,108.0,3.741618169020672
1782295200000,29.0,62.0,730.0,188.0,28217.0,6415.0,0.49432745811216827,15.170430107526881,50.0,14.0,5.0,,0.0,,,,,True,23.684166666666666,36.31583333333333,False,2026-06-24 12:00,2026-06-24,12,2,False,MORNING,79.0,2.1753596915945757
1782298800000,95.0,89.0,3044.0,384.0,44951.0,12839.0,0.6998432068586616,16.835580524344568,82.0,22.0,19.0,,0.0,,,,,True,14.643383333333333,45.35661666666667,False,2026-06-24 13:00,2026-06-24,13,2,False,AFTERNOON,177.0,3.9024074767481554
1782302400000,104.0,90.0,1435.0,273.0,37271.0,10176.0,0.5349537573616552,13.804074074074073,43.0,13.0,9.0,,0.0,,,,,True,11.05605,48.94395,False,2026-06-24 14:00,2026-06-24,14,2,False,AFTERNOON,147.0,3.0034355625158984
1782306000000,132.0,91.0,2082.0,463.0,50249.0,24102.0,0.7588001904673924,18.406227106227107,50.0,22.0,16.0,,0.0,,,,,True,13.169016666666666,46.830983333333336,False,2026-06-24 15:00,2026-06-24,15,2,False,AFTERNOON,182.0,3.886316003756772
1782309600000,71.0,113.0,4049.0,414.0,50631.0,13834.0,0.6964604675387616,14.935398230088497,85.0,22.0,14.0,,0.0,,,,,True,0.0,60.0,False,2026-06-24 16:00,2026-06-24,16,2,False,AFTERNOON,156.0,2.6
1782313200000,119.0,86.0,860.0,368.0,45810.0,5628.0,0.37719087404146373,17.75581395348837,29.0,7.0,4.0,,0.0,,,,,True,15.0973,44.902699999999996,False,2026-06-24 17:00,2026-06-24,17,2,False,AFTERNOON,148.0,3.2960156070793074
1782316800000,84.0,74.0,2141.0,154.0,32813.0,3924.0,0.46206803422909,14.78063063063063,12.0,6.0,3.0,,0.0,,,,,True,20.807616666666668,39.19238333333333,False,2026-06-24 18:00,2026-06-24,18,2,False,AFTERNOON,96.0,2.449455527710954
1782320400000,99.0,117.0,1145.0,341.0,99528.0,3606.0,0.23030503233815555,28.355555555555554,11.0,7.0,6.0,,0.0,,,,,True,0.0,60.0,False,2026-06-24 19:00,2026-06-24,19,2,False,EVENING,110.0,1.8333333333333333
1782324000000,86.0,59.0,83.0,229.0,24888.0,4178.0,0.2882616597886117,14.061016949152542,31.0,6.0,6.0,,0.0,,,,,True,22.2428,37.7572,False,2026-06-24 20:00,2026-06-24,20,2,False,EVENING,117.0,3.098746729100675
1782327600000,118.0,77.0,2370.0,414.0,48248.0,10595.0,0.6736588105474849,20.886580086580086,85.0,16.0,10.0,,0.0,,,,,True,18.680666666666667,41.31933333333333,False,2026-06-24 21:00,2026-06-24,21,2,False,EVENING,203.0,4.912954387776505
1782331200000,36.0,38.0,1275.0,101.0,12939.0,3806.0,0.6353025401783001,11.35,9.0,6.0,8.0,,0.0,,,,,True,39.83853333333333,20.16146666666667,False,2026-06-24 22:00,2026-06-24,22,2,False,EVENING,45.0,2.2319804776107555
1782334800000,112.0,68.0,1444.0,129.0,18131.0,8180.0,0.5081770650981204,8.887745098039215,2.0,2.0,2.0,,0.0,,,,,True,20.570266666666665,39.42973333333333,False,2026-06-24 23:00,2026-06-24,23,2,False,EVENING,114.0,2.891219147648306
1782338400000,0.0,2.0,2.0,2.0,575.0,0.0,0.06229961343197049,9.583333333333334,0.0,0.0,0.0,,0.0,,,,,True,59.37625,0.6237500000000011,False,2026-06-25 00:00,2026-06-25,0,3,False,EVENING,0.0,0.0
1782342000000,0.0,3.0,3.0,11.0,1169.0,69.0,0.4540254806620689,12.988888888888889,0.0,0.0,0.0,,0.0,,,,,True,23.299366666666668,36.70063333333333,False,2026-06-25 01:00,2026-06-25,1,3,False,EVENING,0.0,0.0
1782378000000,26.0,17.0,284.0,27.0,4266.0,1409.0,0.4577005503386923,8.364705882352942,4.0,3.0,2.0,,0.0,,,,,True,47.96986666666667,12.030133333333332,False,2026-06-25 11:00,2026-06-25,11,3,False,MORNING,30.0,2.493737946933257
1782381600000,38.0,84.0,811.0,222.0,51360.0,4908.0,0.27654047387322567,20.380952380952383,47.0,8.0,7.0,,0.0,,,,,True,16.35905,43.640950000000004,False,2026-06-25 12:00,2026-06-25,12,3,False,MORNING,85.0,1.947711954024832
1782385200000,0.0,5.0,0.0,33.0,3520.0,8.0,0.10680532490038333,23.466666666666665,0.0,0.0,0.0,,0.0,,,,,True,9.576866666666668,50.42313333333333,False,2026-06-25 13:00,2026-06-25,13,3,False,AFTERNOON,0.0,0.0
1782403200000,52.0,45.0,999.0,111.0,15879.0,7290.0,0.5828743893644521,11.762222222222222,18.0,8.0,6.0,,0.0,,,,,True,7.7291,52.2709,False,2026-06-25 18:00,2026-06-25,18,3,False,AFTERNOON,70.0,1.3391772477611827
1782406800000,0.0,2.0,0.0,0.0,0.0,103.0,0.0,0.0,0.0,0.0,0.0,,0.0,,,,,True,57.93501666666667,2.0649833333333305,False,2026-06-25 19:00,2026-06-25,19,3,False,EVENING,0.0,0.0
1782414000000,2.0,4.0,28.0,0.0,879.0,455.0,0.5842094437339436,7.325,0.0,0.0,0.0,60.333333333333336,3.0,70.0,76.0,74.0,-2.0,True,44.9757,15.024299999999997,False,2026-06-25 21:00,2026-06-25,21,3,False,EVENING,2.0,0.1331176826873798
1782417600000,0.0,0.0,0.0,0.0,0.0,0.0,,,0.0,0.0,0.0,66.18181818181819,11.0,82.0,73.0,64.0,-9.0,False,0.0,,False,2026-06-25 22:00,2026-06-25,22,3,False,EVENING,0.0,
1782421200000,0.0,0.0,0.0,0.0,0.0,0.0,,,0.0,0.0,0.0,46.81818181818182,11.0,82.0,64.0,60.0,-4.0,False,0.0,,False,2026-06-25 23:00,2026-06-25,23,3,False,EVENING,0.0,
1782424800000,0.0,0.0,0.0,0.0,0.0,0.0,,,0.0,0.0,0.0,23.714285714285715,7.0,64.0,59.0,60.0,1.0,False,0.0,,False,2026-06-26 00:00,2026-06-26,0,4,False,EVENING,0.0,
1782428400000,0.0,0.0,0.0,0.0,0.0,0.0,,,0.0,0.0,0.0,3.0833333333333335,12.0,6.0,61.0,71.0,10.0,False,0.0,,False,2026-06-26 01:00,2026-06-26,1,4,False,EVENING,0.0,
1782432000000,0.0,0.0,0.0,0.0,0.0,0.0,,,0.0,0.0,0.0,3.25,12.0,10.0,72.0,83.0,11.0,False,0.0,,False,2026-06-26 02:00,2026-06-26,2,4,False,EVENING,0.0,
1782435600000,0.0,0.0,0.0,0.0,0.0,0.0,,,0.0,0.0,0.0,2.25,12.0,4.0,84.0,95.0,11.0,False,0.0,,False,2026-06-26 03:00,2026-06-26,3,4,False,NIGHT,0.0,
1782439200000,0.0,0.0,0.0,0.0,0.0,0.0,,,0.0,0.0,0.0,4.333333333333333,12.0,8.0,96.0,100.0,4.0,False,10.7844,,False,2026-06-26 04:00,2026-06-26,4,4,False,NIGHT,0.0,
1782442800000,0.0,0.0,0.0,0.0,0.0,0.0,,,0.0,0.0,0.0,4.083333333333333,12.0,12.0,100.0,100.0,0.0,False,60.0,,False,2026-06-26 05:00,2026-06-26,5,4,False,NIGHT,0.0,
1782446400000,0.0,0.0,0.0,0.0,0.0,0.0,,,0.0,0.0,0.0,5.666666666666667,12.0,11.0,100.0,100.0,0.0,False,60.0,,False,2026-06-26 06:00,2026-06-26,6,4,False,NIGHT,0.0,
1782450000000,0.0,0.0,0.0,0.0,0.0,0.0,,,0.0,0.0,0.0,4.166666666666667,12.0,8.0,100.0,100.0,0.0,False,60.0,,False,2026-06-26 07:00,2026-06-26,7,4,False,MORNING,0.0,
1782453600000,0.0,0.0,0.0,0.0,0.0,0.0,,,0.0,0.0,0.0,7.333333333333333,12.0,32.0,100.0,100.0,0.0,False,60.0,,False,2026-06-26 08:00,2026-06-26,8,4,False,MORNING,0.0,
1782457200000,11.0,20.0,42.0,51.0,21305.0,233.0,0.09731903060962267,35.50833333333333,4.0,2.0,2.0,33.22222222222222,9.0,46.0,99.0,92.0,-7.0,True,49.9319,10.068100000000001,False,2026-06-26 09:00,2026-06-26,9,4,False,MORNING,15.0,1.4898540936224312
1782460800000,60.0,116.0,1433.0,625.0,94713.0,8925.0,0.3676079266568771,27.21637931034483,25.0,16.0,15.0,44.75,12.0,57.0,91.0,83.0,-8.0,True,0.0,60.0,False,2026-06-26 10:00,2026-06-26,10,4,False,MORNING,85.0,1.4166666666666667
1782464400000,94.0,102.0,4307.0,286.0,29949.0,13570.0,0.7274256008734247,9.787254901960784,22.0,10.0,8.0,28.181818181818183,11.0,38.0,82.0,79.0,-3.0,True,3.1987833333333335,56.80121666666667,True,2026-06-26 11:00,2026-06-26,11,4,False,MORNING,116.0,2.0422097766098317
1782468000000,17.0,32.0,1867.0,53.0,8721.0,4698.0,0.6782691186707795,9.084375,7.0,5.0,3.0,54.5,8.0,96.0,78.0,71.0,-7.0,True,42.55295,17.447049999999997,False,2026-06-26 12:00,2026-06-26,12,4,False,MORNING,24.0,1.3755907159089935
1782471600000,4.0,6.0,499.0,10.0,1156.0,526.0,0.8369606217992422,6.422222222222222,2.0,2.0,2.0,49.6,5.0,63.0,70.0,65.0,-5.0,True,56.775816666666664,3.224183333333336,False,2026-06-26 13:00,2026-06-26,13,4,False,AFTERNOON,6.0,1.8609363611457148
1782475200000,52.0,117.0,6306.0,336.0,40143.0,16736.0,0.7365718327545163,11.436752136752137,24.0,11.0,8.0,53.75,12.0,71.0,65.0,59.0,-6.0,True,0.0,60.0,False,2026-06-26 14:00,2026-06-26,14,4,False,AFTERNOON,76.0,1.2666666666666666
1782478800000,71.0,115.0,3726.0,335.0,44174.0,15786.0,0.6978994026094653,12.804057971014492,42.0,14.0,7.0,38.166666666666664,12.0,48.0,58.0,55.0,-3.0,True,0.0,60.0,False,2026-06-26 15:00,2026-06-26,15,4,False,AFTERNOON,113.0,1.8833333333333333
1782482400000,105.0,109.0,3485.0,468.0,48220.0,7741.0,0.6328955663245287,14.746177370030582,67.0,24.0,14.0,59.90909090909091,11.0,86.0,55.0,49.0,-6.0,True,3.3253166666666667,56.674683333333334,False,2026-06-26 16:00,2026-06-26,16,4,False,AFTERNOON,172.0,3.0348647735423313
1782486000000,110.0,89.0,3976.0,358.0,36380.0,12145.0,0.6856270847917735,13.625468164794007,87.0,22.0,17.0,54.1,10.0,70.0,48.0,44.0,-4.0,True,16.182966666666665,43.817033333333335,False,2026-06-26 17:00,2026-06-26,17,4,False,AFTERNOON,197.0,4.495968462797192
1782489600000,27.0,73.0,599.0,281.0,65491.0,1045.0,0.16825427941170365,29.904566210045665,18.0,11.0,7.0,47.375,8.0,58.0,43.0,40.0,-3.0,True,23.20681666666667,36.79318333333333,False,2026-06-26 18:00,2026-06-26,18,4,False,AFTERNOON,45.0,1.2230526397326318
1782493200000,57.0,40.0,1408.0,104.0,8718.0,1931.0,0.5278130129861645,7.265,6.0,5.0,4.0,52.44444444444444,9.0,96.0,39.0,35.0,-4.0,True,36.35288333333333,23.64711666666667,False,2026-06-26 19:00,2026-06-26,19,4,False,EVENING,63.0,2.664172587637534
1782496800000,0.0,0.0,0.0,0.0,0.0,0.0,,,0.0,0.0,0.0,69.75,4.0,98.0,35.0,31.0,-4.0,False,60.0,,False,2026-06-26 20:00,2026-06-26,20,4,False,EVENING,0.0,
1782500400000,0.0,0.0,0.0,0.0,0.0,0.0,,,0.0,0.0,0.0,55.166666666666664,12.0,71.0,30.0,27.0,-3.0,False,60.0,,False,2026-06-26 21:00,2026-06-26,21,4,False,EVENING,0.0,
1782504000000,0.0,0.0,0.0,0.0,0.0,0.0,,,0.0,0.0,0.0,60.0,12.0,81.0,27.0,23.0,-4.0,False,60.0,,False,2026-06-26 22:00,2026-06-26,22,4,False,EVENING,0.0,
1782507600000,0.0,0.0,0.0,0.0,0.0,0.0,,,0.0,0.0,0.0,64.0,10.0,84.0,23.0,19.0,-4.0,False,60.0,,False,2026-06-26 23:00,2026-06-26,23,4,False,EVENING,0.0,
1782511200000,0.0,0.0,0.0,0.0,0.0,0.0,,,0.0,0.0,0.0,60.72727272727273,11.0,80.0,19.0,16.0,-3.0,False,60.0,,False,2026-06-27 00:00,2026-06-27,0,5,True,EVENING,0.0,
1782514800000,0.0,0.0,0.0,0.0,0.0,0.0,,,0.0,0.0,0.0,60.0,1.0,60.0,15.0,13.0,-2.0,False,60.0,,False,2026-06-27 01:00,2026-06-27,1,5,True,EVENING,0.0,
1782518400000,0.0,0.0,0.0,0.0,0.0,0.0,,,0.0,0.0,0.0,69.0909090909091,11.0,95.0,13.0,10.0,-3.0,False,59.9999,,False,2026-06-27 02:00,2026-06-27,2,5,True,EVENING,0.0,
1782522000000,0.0,0.0,0.0,0.0,0.0,0.0,,,0.0,0.0,0.0,51.0,12.0,74.0,10.0,8.0,-2.0,False,60.0,,False,2026-06-27 03:00,2026-06-27,3,5,True,NIGHT,0.0,
1782525600000,0.0,0.0,0.0,0.0,0.0,0.0,,,0.0,0.0,0.0,61.583333333333336,12.0,74.0,7.0,7.0,0.0,False,60.0,,False,2026-06-27 04:00,2026-06-27,4,5,True,NIGHT,0.0,
1782529200000,0.0,0.0,0.0,0.0,0.0,0.0,,,0.0,0.0,0.0,51.25,12.0,74.0,7.0,9.0,2.0,False,60.0,,False,2026-06-27 05:00,2026-06-27,5,5,True,NIGHT,0.0,
1782532800000,0.0,0.0,0.0,0.0,0.0,0.0,,,0.0,0.0,0.0,34.166666666666664,12.0,48.0,9.0,14.0,5.0,False,60.0,,False,2026-06-27 06:00,2026-06-27,6,5,True,NIGHT,0.0,
1782536400000,0.0,0.0,0.0,0.0,0.0,0.0,,,0.0,0.0,0.0,43.5,12.0,62.0,15.0,21.0,6.0,False,60.0,,False,2026-06-27 07:00,2026-06-27,7,5,True,MORNING,0.0,
1782540000000,0.0,0.0,0.0,0.0,0.0,0.0,,,0.0,0.0,0.0,18.75,12.0,34.0,21.0,27.0,6.0,False,60.0,,False,2026-06-27 08:00,2026-06-27,8,5,True,MORNING,0.0,
1782543600000,0.0,0.0,0.0,0.0,0.0,0.0,,,0.0,0.0,0.0,18.666666666666668,12.0,25.0,27.0,31.0,4.0,False,60.0,,False,2026-06-27 09:00,2026-06-27,9,5,True,MORNING,0.0,
1782547200000,0.0,0.0,0.0,0.0,0.0,0.0,,,0.0,0.0,0.0,14.333333333333334,12.0,21.0,32.0,39.0,7.0,False,60.0,,False,2026-06-27 10:00,2026-06-27,10,5,True,MORNING,0.0,
1782550800000,1.0,14.0,455.0,22.0,2629.0,2697.0,0.5867806063493107,6.2595238095238095,4.0,2.0,2.0,21.25,12.0,38.0,39.0,42.0,3.0,True,53.33233333333333,6.667666666666669,False,2026-06-27 11:00,2026-06-27,11,5,True,MORNING,5.0,0.7498875168724689
1782554400000,10.0,79.0,442.0,142.0,26336.0,8041.0,0.2835066870922767,11.112236286919831,53.0,17.0,10.0,25.583333333333332,12.0,39.0,42.0,42.0,0.0,True,14.374066666666666,45.625933333333336,False,2026-06-27 12:00,2026-06-27,12,5,True,MORNING,63.0,1.380793671435397
1782558000000,11.0,57.0,180.0,123.0,21735.0,4987.0,0.3796092894978481,12.710526315789474,23.0,7.0,5.0,22.5,10.0,32.0,42.0,41.0,-1.0,True,28.062683333333332,31.937316666666668,False,2026-06-27 13:00,2026-06-27,13,5,True,AFTERNOON,34.0,1.0645853674828663
1782561600000,4.0,34.0,167.0,43.0,9697.0,458.0,0.2286140868413275,9.506862745098038,13.0,6.0,2.0,53.111111111111114,9.0,93.0,41.0,37.0,-4.0,True,38.230983333333334,21.769016666666666,False,2026-06-27 14:00,2026-06-27,14,5,True,AFTERNOON,17.0,0.7809264084046057
1782565200000,35.0,76.0,804.0,210.0,33469.0,14233.0,0.5207689626219045,14.679385964912282,21.0,7.0,4.0,65.16666666666667,12.0,90.0,36.0,32.0,-4.0,True,13.892633333333333,46.107366666666664,False,2026-06-27 15:00,2026-06-27,15,5,True,AFTERNOON,56.0,1.2145564591630695
1782568800000,0.0,8.0,0.0,27.0,8456.0,0.0,0.02905669756984527,35.233333333333334,2.0,1.0,1.0,60.72727272727273,11.0,76.0,32.0,27.0,-5.0,True,0.0,60.0,False,2026-06-27 16:00,2026-06-27,16,5,True,AFTERNOON,2.0,0.03333333333333333
1782572400000,0.0,36.0,71.0,30.0,8349.0,2101.0,0.18160852410749614,7.730555555555555,7.0,4.0,1.0,45.90909090909091,11.0,73.0,26.0,24.0,-2.0,True,25.04445,34.95555,False,2026-06-27 17:00,2026-06-27,17,5,True,AFTERNOON,7.0,0.20025432299019755
1782576000000,13.0,43.0,147.0,116.0,28327.0,3645.0,0.2928729223554961,21.95891472868217,12.0,4.0,5.0,31.916666666666668,12.0,54.0,24.0,22.0,-2.0,True,36.282983333333334,23.717016666666666,False,2026-06-27 18:00,2026-06-27,18,5,True,AFTERNOON,25.0,1.0540954771573996
1782579600000,18.0,44.0,184.0,170.0,43164.0,1933.0,0.19332685085173493,32.7,28.0,6.0,6.0,16.166666666666668,12.0,26.0,23.0,25.0,2.0,True,37.99928333333333,22.00071666666667,False,2026-06-27 19:00,2026-06-27,19,5,True,EVENING,46.0,2.090840980180191
1782583200000,2.0,37.0,96.0,103.0,22037.0,1018.0,0.21735514907045972,19.85315315315315,23.0,12.0,5.0,19.2,5.0,31.0,25.0,25.0,0.0,True,41.75856666666667,18.241433333333333,False,2026-06-27 20:00,2026-06-27,20,5,True,EVENING,25.0,1.3705063381349785
1782586800000,0.0,32.0,93.0,44.0,7401.0,2003.0,0.3328394119069747,7.709375,20.0,6.0,4.0,37.0,10.0,59.0,25.0,23.0,-2.0,True,35.20398333333333,24.796016666666667,False,2026-06-27 21:00,2026-06-27,21,5,True,EVENING,20.0,0.8065811645822145
1782590400000,6.0,81.0,219.0,54.0,14465.0,2664.0,0.19451610867874905,5.9526748971193415,6.0,5.0,1.0,41.166666666666664,12.0,62.0,23.0,20.0,-3.0,True,7.937083333333334,52.062916666666666,False,2026-06-27 22:00,2026-06-27,22,5,True,EVENING,12.0,0.2304903522180695
1782594000000,0.0,59.0,177.0,55.0,9811.0,3286.0,0.1895323891476212,5.542937853107345,17.0,5.0,3.0,20.272727272727273,11.0,31.0,20.0,20.0,0.0,True,20.124066666666668,39.875933333333336,False,2026-06-27 23:00,2026-06-27,23,5,True,EVENING,17.0,0.4263223096972443
1782597600000,0.0,37.0,65.0,46.0,6390.0,10775.0,0.510832723285855,5.756756756756757,13.0,5.0,4.0,18.363636363636363,11.0,30.0,19.0,22.0,3.0,True,38.11801666666667,21.88198333333333,False,2026-06-28 00:00,2026-06-28,0,6,True,EVENING,13.0,0.5940960561923471
1782601200000,0.0,7.0,10.0,2.0,683.0,69.0,0.13464762532308433,3.2523809523809524,0.0,0.0,0.0,10.083333333333334,12.0,18.0,22.0,29.0,7.0,True,57.04501666666667,2.954983333333331,False,2026-06-28 01:00,2026-06-28,1,6,True,EVENING,0.0,0.0
1782604800000,0.0,0.0,0.0,0.0,0.0,0.0,,,0.0,0.0,0.0,4.333333333333333,12.0,8.0,30.0,42.0,12.0,False,60.0,,False,2026-06-28 02:00,2026-06-28,2,6,True,EVENING,0.0,
1782608400000,0.0,0.0,0.0,0.0,0.0,0.0,,,0.0,0.0,0.0,5.75,12.0,10.0,44.0,58.0,14.0,False,60.0,,False,2026-06-28 03:00,2026-06-28,3,6,True,NIGHT,0.0,
1782612000000,0.0,0.0,0.0,0.0,0.0,0.0,,,0.0,0.0,0.0,8.333333333333334,12.0,13.0,60.0,71.0,11.0,False,60.0,,False,2026-06-28 04:00,2026-06-28,4,6,True,NIGHT,0.0,
1782615600000,0.0,0.0,0.0,0.0,0.0,0.0,,,0.0,0.0,0.0,11.083333333333334,12.0,19.0,72.0,81.0,9.0,False,60.0,,False,2026-06-28 05:00,2026-06-28,5,6,True,NIGHT,0.0,
1782619200000,0.0,0.0,0.0,0.0,0.0,0.0,,,0.0,0.0,0.0,6.416666666666667,12.0,16.0,82.0,91.0,9.0,False,60.0,,False,2026-06-28 06:00,2026-06-28,6,6,True,NIGHT,0.0,
1782622800000,0.0,0.0,0.0,0.0,0.0,0.0,,,0.0,0.0,0.0,8.416666666666666,12.0,13.0,92.0,96.0,4.0,False,60.0,,False,2026-06-28 07:00,2026-06-28,7,6,True,MORNING,0.0,
1782626400000,0.0,0.0,0.0,0.0,0.0,0.0,,,0.0,0.0,0.0,4.5,12.0,8.0,96.0,99.0,3.0,False,60.0,,False,2026-06-28 08:00,2026-06-28,8,6,True,MORNING,0.0,
1782630000000,0.0,0.0,0.0,0.0,0.0,0.0,,,0.0,0.0,0.0,8.333333333333334,12.0,16.0,99.0,98.0,-1.0,False,60.0,,False,2026-06-28 09:00,2026-06-28,9,6,True,MORNING,0.0,
1782633600000,0.0,0.0,0.0,0.0,0.0,0.0,,,0.0,0.0,0.0,25.666666666666668,3.0,31.0,98.0,86.0,-12.0,False,60.0,,True,2026-06-28 10:00,2026-06-28,10,6,True,MORNING,0.0,
1782637200000,0.0,0.0,0.0,0.0,0.0,0.0,,,0.0,0.0,0.0,,0.0,,86.0,70.0,-16.0,False,60.0,,True,2026-06-28 11:00,2026-06-28,11,6,True,MORNING,0.0,
1782640800000,0.0,0.0,0.0,0.0,0.0,0.0,,,0.0,0.0,0.0,,0.0,,70.0,57.0,-13.0,False,60.0,,True,2026-06-28 12:00,2026-06-28,12,6,True,MORNING,0.0,
1782644400000,0.0,0.0,0.0,0.0,0.0,0.0,,,0.0,0.0,0.0,,0.0,,57.0,47.0,-10.0,False,60.0,,True,2026-06-28 13:00,2026-06-28,13,6,True,AFTERNOON,0.0,
1782648000000,0.0,0.0,0.0,0.0,0.0,0.0,,,0.0,0.0,0.0,93.5,2.0,94.0,46.0,42.0,-4.0,False,60.0,,True,2026-06-28 14:00,2026-06-28,14,6,True,AFTERNOON,0.0,
1782651600000,0.0,0.0,0.0,0.0,0.0,0.0,,,0.0,0.0,0.0,80.66666666666667,9.0,86.0,42.0,36.0,-6.0,False,60.0,,False,2026-06-28 15:00,2026-06-28,15,6,True,AFTERNOON,0.0,
1782655200000,0.0,0.0,0.0,0.0,0.0,0.0,,,0.0,0.0,0.0,85.66666666666667,3.0,94.0,35.0,31.0,-4.0,False,60.0,,False,2026-06-28 16:00,2026-06-28,16,6,True,AFTERNOON,0.0,
1782658800000,0.0,0.0,0.0,0.0,0.0,0.0,,,0.0,0.0,0.0,75.66666666666667,6.0,92.0,31.0,27.0,-4.0,False,60.0,,False,2026-06-28 17:00,2026-06-28,17,6,True,AFTERNOON,0.0,
1782662400000,0.0,0.0,0.0,0.0,0.0,0.0,,,0.0,0.0,0.0,73.11111111111111,9.0,88.0,27.0,24.0,-3.0,False,60.0,,False,2026-06-28 18:00,2026-06-28,18,6,True,AFTERNOON,0.0,
1782666000000,0.0,0.0,0.0,0.0,0.0,0.0,,,0.0,0.0,0.0,86.83333333333333,6.0,98.0,24.0,20.0,-4.0,False,60.0,,False,2026-06-28 19:00,2026-06-28,19,6,True,EVENING,0.0,
1782669600000,0.0,0.0,0.0,0.0,0.0,0.0,,,0.0,0.0,0.0,52.142857142857146,7.0,98.0,20.0,17.0,-3.0,False,60.0,,False,2026-06-28 20:00,2026-06-28,20,6,True,EVENING,0.0,
1782673200000,0.0,0.0,0.0,0.0,0.0,0.0,,,0.0,0.0,0.0,69.88888888888889,9.0,92.0,17.0,14.0,-3.0,False,60.0,,False,2026-06-28 21:00,2026-06-28,21,6,True,EVENING,0.0,
1782676800000,0.0,0.0,0.0,0.0,0.0,0.0,,,0.0,0.0,0.0,79.28571428571429,7.0,94.0,14.0,11.0,-3.0,False,60.0,,False,2026-06-28 22:00,2026-06-28,22,6,True,EVENING,0.0,
1782680400000,0.0,0.0,0.0,0.0,0.0,0.0,,,0.0,0.0,0.0,50.2,10.0,59.0,11.0,9.0,-2.0,False,60.0,,False,2026-06-28 23:00,2026-06-28,23,6,True,EVENING,0.0,
1782684000000,0.0,0.0,0.0,0.0,0.0,0.0,,,0.0,0.0,0.0,7.333333333333333,6.0,14.0,9.0,12.0,3.0,False,60.0,,False,2026-06-29 00:00,2026-06-29,0,0,False,EVENING,0.0,
1782687600000,0.0,0.0,0.0,0.0,0.0,0.0,,,0.0,0.0,0.0,3.8333333333333335,12.0,9.0,12.0,24.0,12.0,False,60.0,,False,2026-06-29 01:00,2026-06-29,1,0,False,EVENING,0.0,
1782691200000,0.0,0.0,0.0,0.0,0.0,0.0,,,0.0,0.0,0.0,4.916666666666667,12.0,11.0,24.0,40.0,16.0,False,60.0,,False,2026-06-29 02:00,2026-06-29,2,0,False,EVENING,0.0,
1782694800000,0.0,0.0,0.0,0.0,0.0,0.0,,,0.0,0.0,0.0,4.0,12.0,10.0,42.0,58.0,16.0,False,60.0,,False,2026-06-29 03:00,2026-06-29,3,0,False,NIGHT,0.0,
1782698400000,0.0,0.0,0.0,0.0,0.0,0.0,,,0.0,0.0,0.0,5.4,10.0,11.0,60.0,71.0,11.0,False,60.0,,False,2026-06-29 04:00,2026-06-29,4,0,False,NIGHT,0.0,
1782702000000,0.0,0.0,0.0,0.0,0.0,0.0,,,0.0,0.0,0.0,5.75,12.0,14.0,71.0,78.0,7.0,False,60.0,,False,2026-06-29 05:00,2026-06-29,5,0,False,NIGHT,0.0,
1782705600000,0.0,0.0,0.0,0.0,0.0,0.0,,,0.0,0.0,0.0,4.75,12.0,15.0,78.0,90.0,12.0,False,60.0,,False,2026-06-29 06:00,2026-06-29,6,0,False,NIGHT,0.0,
1782709200000,0.0,0.0,0.0,0.0,0.0,0.0,,,0.0,0.0,0.0,4.666666666666667,12.0,6.0,91.0,99.0,8.0,False,60.0,,False,2026-06-29 07:00,2026-06-29,7,0,False,MORNING,0.0,
1782712800000,0.0,0.0,0.0,0.0,0.0,0.0,,,0.0,0.0,0.0,14.090909090909092,11.0,37.0,99.0,97.0,-2.0,False,60.0,,False,2026-06-29 08:00,2026-06-29,8,0,False,MORNING,0.0,
1782716400000,0.0,0.0,0.0,0.0,0.0,0.0,,,0.0,0.0,0.0,47.25,4.0,56.0,97.0,88.0,-9.0,False,60.0,,False,2026-06-29 09:00,2026-06-29,9,0,False,MORNING,0.0,
1782720000000,10.0,12.0,74.0,37.0,6048.0,1197.0,0.4293592442802419,16.8,4.0,4.0,2.0,49.75,12.0,63.0,88.0,79.0,-9.0,True,52.09531666666667,7.904683333333331,False,2026-06-29 10:00,2026-06-29,10,0,False,MORNING,14.0,1.7711019416759268
1782723600000,30.0,58.0,314.0,170.0,54579.0,947.0,0.11164859641760584,31.367241379310347,9.0,3.0,2.0,42.0,2.0,44.0,78.0,72.0,-6.0,True,32.80813333333333,27.19186666666667,False,2026-06-29 11:00,2026-06-29,11,0,False,MORNING,39.0,1.434252399001662
1782727200000,82.0,116.0,1112.0,434.0,93020.0,10754.0,0.3644434175172383,26.729885057471265,29.0,13.0,7.0,,0.0,,72.0,66.0,-6.0,True,0.0,60.0,False,2026-06-29 12:00,2026-06-29,12,0,False,MORNING,111.0,1.85
1782730800000,22.0,66.0,634.0,143.0,23091.0,3661.0,0.31575750713770556,11.662121212121212,49.0,21.0,11.0,,0.0,,66.0,60.0,-6.0,True,18.888383333333334,41.11161666666666,False,2026-06-29 13:00,2026-06-29,13,0,False,AFTERNOON,71.0,1.7270057895233992
1782734400000,35.0,66.0,200.0,117.0,21097.0,9214.0,0.4892825172091968,10.655050505050504,45.0,11.0,8.0,23.181818181818183,11.0,34.0,60.0,58.0,-2.0,True,18.109733333333335,41.89026666666666,False,2026-06-29 14:00,2026-06-29,14,0,False,AFTERNOON,80.0,1.9097515094994226
1782738000000,26.0,62.0,560.0,197.0,45465.0,4080.0,0.33117406997482113,24.443548387096772,33.0,17.0,8.0,19.9,10.0,28.0,58.0,57.0,-1.0,True,25.92118333333333,34.07881666666667,False,2026-06-29 15:00,2026-06-29,15,0,False,AFTERNOON,59.0,1.7312807711926617
1782741600000,68.0,37.0,71.0,64.0,9201.0,4625.0,0.31250700963786526,8.28918918918919,8.0,3.0,2.0,19.727272727272727,11.0,24.0,57.0,56.0,-1.0,True,39.929916666666664,20.070083333333336,False,2026-06-29 16:00,2026-06-29,16,0,False,AFTERNOON,76.0,3.786730664629361
1782745200000,10.0,3.0,23.0,6.0,669.0,514.0,0.5847522043032224,7.433333333333334,0.0,0.0,0.0,,0.0,,56.0,49.0,-7.0,True,29.8789,30.1211,True,2026-06-29 17:00,2026-06-29,17,0,False,AFTERNOON,10.0,0.3319931874997925
1782748800000,0.0,0.0,0.0,0.0,0.0,0.0,,,0.0,0.0,0.0,,0.0,,49.0,45.0,-4.0,False,60.0,,True,2026-06-29 18:00,2026-06-29,18,0,False,AFTERNOON,0.0,
1782752400000,0.0,0.0,0.0,0.0,0.0,0.0,,,0.0,0.0,0.0,60.09090909090909,11.0,80.0,44.0,39.0,-5.0,False,60.0,,True,2026-06-29 19:00,2026-06-29,19,0,False,EVENING,0.0,
1782756000000,0.0,0.0,0.0,0.0,0.0,0.0,,,0.0,0.0,0.0,72.0909090909091,11.0,86.0,38.0,32.0,-6.0,False,60.0,,False,2026-06-29 20:00,2026-06-29,20,0,False,EVENING,0.0,
1782759600000,0.0,0.0,0.0,0.0,0.0,0.0,,,0.0,0.0,0.0,69.18181818181819,11.0,85.0,31.0,26.0,-5.0,False,60.0,,False,2026-06-29 21:00,2026-06-29,21,0,False,EVENING,0.0,
1782763200000,0.0,0.0,0.0,0.0,0.0,0.0,,,0.0,0.0,0.0,72.0,10.0,98.0,26.0,21.0,-5.0,False,60.0,,False,2026-06-29 22:00,2026-06-29,22,0,False,EVENING,0.0,
1782766800000,0.0,0.0,0.0,0.0,0.0,0.0,,,0.0,0.0,0.0,54.0,10.0,98.0,20.0,18.0,-2.0,False,60.0,,False,2026-06-29 23:00,2026-06-29,23,0,False,EVENING,0.0,
1782770400000,0.0,0.0,0.0,0.0,0.0,0.0,,,0.0,0.0,0.0,69.91666666666667,12.0,84.0,17.0,13.0,-4.0,False,60.0,,False,2026-06-30 00:00,2026-06-30,0,1,False,EVENING,0.0,
1782774000000,0.0,0.0,0.0,0.0,0.0,0.0,,,0.0,0.0,0.0,22.166666666666668,12.0,53.0,13.0,16.0,3.0,False,60.0,,False,2026-06-30 01:00,2026-06-30,1,1,False,EVENING,0.0,
1782777600000,0.0,0.0,0.0,0.0,0.0,0.0,,,0.0,0.0,0.0,9.583333333333334,12.0,13.0,16.0,28.0,12.0,False,60.0,,False,2026-06-30 02:00,2026-06-30,2,1,False,EVENING,0.0,
1782781200000,0.0,0.0,0.0,0.0,0.0,0.0,,,0.0,0.0,0.0,4.916666666666667,12.0,13.0,29.0,46.0,17.0,False,60.0,,False,2026-06-30 03:00,2026-06-30,3,1,False,NIGHT,0.0,
1782784800000,0.0,0.0,0.0,0.0,0.0,0.0,,,0.0,0.0,0.0,5.0,12.0,11.0,46.0,59.0,13.0,False,60.0,,False,2026-06-30 04:00,2026-06-30,4,1,False,NIGHT,0.0,
1782788400000,0.0,0.0,0.0,0.0,0.0,0.0,,,0.0,0.0,0.0,5.083333333333333,12.0,8.0,60.0,70.0,10.0,False,60.0,,False,2026-06-30 05:00,2026-06-30,5,1,False,NIGHT,0.0,
1782792000000,0.0,0.0,0.0,0.0,0.0,0.0,,,0.0,0.0,0.0,4.166666666666667,12.0,8.0,70.0,79.0,9.0,False,60.0,,False,2026-06-30 06:00,2026-06-30,6,1,False,NIGHT,0.0,
1782795600000,0.0,0.0,0.0,0.0,0.0,0.0,,,0.0,0.0,0.0,6.333333333333333,12.0,11.0,80.0,88.0,8.0,False,60.0,,False,2026-06-30 07:00,2026-06-30,7,1,False,MORNING,0.0,
1782799200000,32.0,41.0,455.0,267.0,30873.0,11071.0,0.8134854493982008,25.1,21.0,6.0,5.0,13.818181818181818,11.0,30.0,89.0,89.0,0.0,True,39.75051666666667,20.24948333333333,False,2026-06-30 08:00,2026-06-30,8,1,False,MORNING,53.0,2.617350730759386
1782802800000,11.0,37.0,194.0,195.0,26287.0,8589.0,0.5251527869218734,23.681981981981984,36.0,13.0,10.0,20.4,5.0,29.0,89.0,81.0,-8.0,True,41.1799,18.820099999999996,False,2026-06-30 09:00,2026-06-30,9,1,False,MORNING,47.0,2.4973299823061517
1782806400000,0.0,8.0,39.0,23.0,3074.0,734.0,0.31802260036393404,12.808333333333334,7.0,5.0,5.0,59.0,7.0,97.0,81.0,72.0,-9.0,True,47.69671666666667,12.303283333333333,False,2026-06-30 10:00,2026-06-30,10,1,False,MORNING,7.0,0.5689538158513242
1782810000000,0.0,0.0,0.0,0.0,0.0,0.0,,,0.0,0.0,0.0,43.857142857142854,7.0,64.0,71.0,64.0,-7.0,False,60.0,,False,2026-06-30 11:00,2026-06-30,11,1,False,MORNING,0.0,
1782813600000,0.0,0.0,0.0,0.0,0.0,0.0,,,0.0,0.0,0.0,47.25,4.0,55.0,63.0,56.0,-7.0,False,60.0,,False,2026-06-30 12:00,2026-06-30,12,1,False,MORNING,0.0,
1782817200000,0.0,0.0,0.0,0.0,0.0,0.0,,,0.0,0.0,0.0,36.36363636363637,11.0,50.0,56.0,52.0,-4.0,False,60.0,,False,2026-06-30 13:00,2026-06-30,13,1,False,AFTERNOON,0.0,
1782820800000,0.0,0.0,0.0,0.0,0.0,0.0,,,0.0,0.0,0.0,33.666666666666664,9.0,52.0,52.0,47.0,-5.0,False,60.0,,False,2026-06-30 14:00,2026-06-30,14,1,False,AFTERNOON,0.0,
1782824400000,0.0,0.0,0.0,0.0,0.0,0.0,,,0.0,0.0,0.0,53.888888888888886,9.0,79.0,46.0,42.0,-4.0,False,60.0,,False,2026-06-30 15:00,2026-06-30,15,1,False,AFTERNOON,0.0,
1782828000000,0.0,0.0,0.0,0.0,0.0,0.0,,,0.0,0.0,0.0,27.583333333333332,12.0,34.0,41.0,39.0,-2.0,False,60.0,,False,2026-06-30 16:00,2026-06-30,16,1,False,AFTERNOON,0.0,
1782831600000,0.0,0.0,0.0,0.0,0.0,0.0,,,0.0,0.0,0.0,29.333333333333332,12.0,42.0,38.0,37.0,-1.0,False,60.0,,False,2026-06-30 17:00,2026-06-30,17,1,False,AFTERNOON,0.0,
1782835200000,0.0,0.0,0.0,0.0,0.0,0.0,,,0.0,0.0,0.0,22.416666666666668,12.0,28.0,36.0,36.0,0.0,False,60.0,,False,2026-06-30 18:00,2026-06-30,18,1,False,AFTERNOON,0.0,
1782838800000,0.0,0.0,0.0,0.0,0.0,0.0,,,0.0,0.0,0.0,17.416666666666668,12.0,24.0,36.0,38.0,2.0,False,60.0,,False,2026-06-30 19:00,2026-06-30,19,1,False,EVENING,0.0,
1782842400000,0.0,0.0,0.0,0.0,0.0,0.0,,,0.0,0.0,0.0,27.428571428571427,7.0,38.0,38.0,35.0,-3.0,False,60.0,,False,2026-06-30 20:00,2026-06-30,20,1,False,EVENING,0.0,
1782846000000,0.0,0.0,0.0,0.0,0.0,0.0,,,0.0,0.0,0.0,41.55555555555556,9.0,51.0,34.0,30.0,-4.0,False,60.0,,False,2026-06-30 21:00,2026-06-30,21,1,False,EVENING,0.0,
1782849600000,0.0,0.0,0.0,0.0,0.0,0.0,,,0.0,0.0,0.0,29.0,2.0,33.0,30.0,27.0,-3.0,False,60.0,,False,2026-06-30 22:00,2026-06-30,22,1,False,EVENING,0.0,
1782853200000,0.0,0.0,0.0,0.0,0.0,0.0,,,0.0,0.0,0.0,,0.0,,27.0,23.0,-4.0,False,60.0,,False,2026-06-30 23:00,2026-06-30,23,1,False,EVENING,0.0,
1782856800000,0.0,0.0,0.0,0.0,0.0,0.0,,,0.0,0.0,0.0,,0.0,,23.0,20.0,-3.0,False,60.0,,False,2026-07-01 00:00,2026-07-01,0,2,False,EVENING,0.0,
1782860400000,0.0,0.0,0.0,0.0,0.0,0.0,,,0.0,0.0,0.0,20.0,11.0,26.0,20.0,20.0,0.0,False,60.0,,False,2026-07-01 01:00,2026-07-01,1,2,False,EVENING,0.0,
1782864000000,0.0,0.0,0.0,0.0,0.0,0.0,,,0.0,0.0,0.0,3.8333333333333335,12.0,20.0,20.0,28.0,8.0,False,60.0,,False,2026-07-01 02:00,2026-07-01,2,2,False,EVENING,0.0,
1782867600000,0.0,0.0,0.0,0.0,0.0,0.0,,,0.0,0.0,0.0,5.0,12.0,17.0,30.0,43.0,13.0,False,60.0,,False,2026-07-01 03:00,2026-07-01,3,2,False,NIGHT,0.0,
1782871200000,0.0,0.0,0.0,0.0,0.0,0.0,,,0.0,0.0,0.0,1.8333333333333333,12.0,5.0,44.0,61.0,17.0,False,60.0,,False,2026-07-01 04:00,2026-07-01,4,2,False,NIGHT,0.0,
1782874800000,0.0,0.0,0.0,0.0,0.0,0.0,,,0.0,0.0,0.0,4.916666666666667,12.0,13.0,62.0,76.0,14.0,False,60.0,,False,2026-07-01 05:00,2026-07-01,5,2,False,NIGHT,0.0,
1782878400000,0.0,0.0,0.0,0.0,0.0,0.0,,,0.0,0.0,0.0,3.3333333333333335,12.0,6.0,76.0,85.0,9.0,False,60.0,,False,2026-07-01 06:00,2026-07-01,6,2,False,NIGHT,0.0,
1782882000000,0.0,0.0,0.0,0.0,0.0,0.0,,,0.0,0.0,0.0,5.166666666666667,12.0,8.0,86.0,91.0,5.0,False,60.0,,False,2026-07-01 07:00,2026-07-01,7,2,False,MORNING,0.0,
1782885600000,0.0,0.0,0.0,0.0,0.0,0.0,,,0.0,0.0,0.0,4.166666666666667,12.0,15.0,91.0,95.0,4.0,False,60.0,,False,2026-07-01 08:00,2026-07-01,8,2,False,MORNING,0.0,
1782889200000,0.0,0.0,0.0,0.0,0.0,0.0,,,0.0,0.0,0.0,7.416666666666667,12.0,11.0,95.0,98.0,3.0,False,60.0,,False,2026-07-01 09:00,2026-07-01,9,2,False,MORNING,0.0,
1782892800000,0.0,0.0,0.0,0.0,0.0,0.0,,,0.0,0.0,0.0,13.5,12.0,54.0,98.0,99.0,1.0,False,60.0,,False,2026-07-01 10:00,2026-07-01,10,2,False,MORNING,0.0,
1782896400000,0.0,0.0,0.0,0.0,0.0,0.0,,,0.0,0.0,0.0,39.166666666666664,12.0,59.0,98.0,90.0,-8.0,False,60.0,,False,2026-07-01 11:00,2026-07-01,11,2,False,MORNING,0.0,
1782900000000,0.0,0.0,0.0,0.0,0.0,0.0,,,0.0,0.0,0.0,54.0,4.0,66.0,90.0,80.0,-10.0,False,60.0,,False,2026-07-01 12:00,2026-07-01,12,2,False,MORNING,0.0,
1782903600000,0.0,0.0,0.0,0.0,0.0,0.0,,,0.0,0.0,0.0,45.4,5.0,67.0,80.0,72.0,-8.0,False,60.0,,False,2026-07-01 13:00,2026-07-01,13,2,False,AFTERNOON,0.0,
1782907200000,0.0,0.0,0.0,0.0,0.0,0.0,,,0.0,0.0,0.0,47.63636363636363,11.0,63.0,71.0,65.0,-6.0,False,60.0,,False,2026-07-01 14:00,2026-07-01,14,2,False,AFTERNOON,0.0,
1782910800000,0.0,0.0,0.0,0.0,0.0,0.0,,,0.0,0.0,0.0,64.5,8.0,75.0,64.0,57.0,-7.0,False,60.0,,False,2026-07-01 15:00,2026-07-01,15,2,False,AFTERNOON,0.0,
1782914400000,0.0,0.0,0.0,0.0,0.0,0.0,,,0.0,0.0,0.0,56.666666666666664,6.0,74.0,56.0,51.0,-5.0,False,60.0,,False,2026-07-01 16:00,2026-07-01,16,2,False,AFTERNOON,0.0,
1782918000000,0.0,0.0,0.0,0.0,0.0,0.0,,,0.0,0.0,0.0,55.55555555555556,9.0,83.0,50.0,46.0,-4.0,False,60.0,,False,2026-07-01 17:00,2026-07-01,17,2,False,AFTERNOON,0.0,
1782921600000,0.0,0.0,0.0,0.0,0.0,0.0,,,0.0,0.0,0.0,53.09090909090909,11.0,66.0,46.0,42.0,-4.0,False,60.0,,False,2026-07-01 18:00,2026-07-01,18,2,False,AFTERNOON,0.0,
1782925200000,0.0,0.0,0.0,0.0,0.0,0.0,,,0.0,0.0,0.0,56.36363636363637,11.0,73.0,41.0,37.0,-4.0,False,60.0,,False,2026-07-01 19:00,2026-07-01,19,2,False,EVENING,0.0,
1782928800000,0.0,0.0,0.0,0.0,0.0,0.0,,,0.0,0.0,0.0,67.5,6.0,89.0,36.0,32.0,-4.0,False,60.0,,False,2026-07-01 20:00,2026-07-01,20,2,False,EVENING,0.0,
1782932400000,0.0,0.0,0.0,0.0,0.0,0.0,,,0.0,0.0,0.0,68.5,4.0,72.0,32.0,28.0,-4.0,False,60.0,,False,2026-07-01 21:00,2026-07-01,21,2,False,EVENING,0.0,
1782936000000,0.0,0.0,0.0,0.0,0.0,0.0,,,0.0,0.0,0.0,,0.0,,28.0,27.0,-1.0,False,60.0,,False,2026-07-01 22:00,2026-07-01,22,2,False,EVENING,0.0,
1782939600000,0.0,0.0,0.0,0.0,0.0,0.0,,,0.0,0.0,0.0,43.888888888888886,9.0,52.0,27.0,24.0,-3.0,False,60.0,,False,2026-07-01 23:00,2026-07-01,23,2,False,EVENING,0.0,
1782943200000,0.0,0.0,0.0,0.0,0.0,0.0,,,0.0,0.0,0.0,64.125,8.0,78.0,24.0,19.0,-5.0,False,60.0,,False,2026-07-02 00:00,2026-07-02,0,3,False,EVENING,0.0,
1782946800000,0.0,0.0,0.0,0.0,0.0,0.0,,,0.0,0.0,0.0,62.8,5.0,76.0,19.0,18.0,-1.0,False,60.0,,False,2026-07-02 01:00,2026-07-02,1,3,False,EVENING,0.0,
1782950400000,0.0,0.0,0.0,0.0,0.0,0.0,,,0.0,0.0,0.0,53.5,2.0,60.0,18.0,15.0,-3.0,False,60.0,,False,2026-07-02 02:00,2026-07-02,2,3,False,EVENING,0.0,
1782954000000,0.0,0.0,0.0,0.0,0.0,0.0,,,0.0,0.0,0.0,31.0,1.0,31.0,14.0,14.0,0.0,False,60.0,,False,2026-07-02 03:00,2026-07-02,3,3,False,NIGHT,0.0,
1782957600000,0.0,0.0,0.0,0.0,0.0,0.0,,,0.0,0.0,0.0,33.875,8.0,87.0,14.0,12.0,-2.0,False,60.0,,False,2026-07-02 04:00,2026-07-02,4,3,False,NIGHT,0.0,
1782961200000,0.0,0.0,0.0,0.0,0.0,0.0,,,0.0,0.0,0.0,20.09090909090909,11.0,28.0,12.0,12.0,0.0,False,60.0,,False,2026-07-02 05:00,2026-07-02,5,3,False,NIGHT,0.0,
1782964800000,0.0,0.0,0.0,0.0,0.0,0.0,,,0.0,0.0,0.0,4.416666666666667,12.0,15.0,12.0,21.0,9.0,False,60.0,,False,2026-07-02 06:00,2026-07-02,6,3,False,NIGHT,0.0,
1782968400000,0.0,0.0,0.0,0.0,0.0,0.0,,,0.0,0.0,0.0,5.583333333333333,12.0,10.0,21.0,28.0,7.0,False,60.0,,False,2026-07-02 07:00,2026-07-02,7,3,False,MORNING,0.0,
1782972000000,0.0,0.0,0.0,0.0,0.0,0.0,,,0.0,0.0,0.0,3.6666666666666665,12.0,12.0,28.0,34.0,6.0,False,60.0,,False,2026-07-02 08:00,2026-07-02,8,3,False,MORNING,0.0,
1782975600000,0.0,0.0,0.0,0.0,0.0,0.0,,,0.0,0.0,0.0,22.555555555555557,9.0,52.0,34.0,33.0,-1.0,False,60.0,,False,2026-07-02 09:00,2026-07-02,9,3,False,MORNING,0.0,
1782979200000,0.0,0.0,0.0,0.0,0.0,0.0,,,0.0,0.0,0.0,36.375,8.0,47.0,32.0,27.0,-5.0,False,60.0,,False,2026-07-02 10:00,2026-07-02,10,3,False,MORNING,0.0,
1782982800000,0.0,0.0,0.0,0.0,0.0,0.0,,,0.0,0.0,0.0,25.727272727272727,11.0,67.0,26.0,26.0,0.0,False,60.0,,False,2026-07-02 11:00,2026-07-02,11,3,False,MORNING,0.0,
1782986400000,0.0,0.0,0.0,0.0,0.0,0.0,,,0.0,0.0,0.0,8.666666666666666,12.0,15.0,26.0,35.0,9.0,False,60.0,,False,2026-07-02 12:00,2026-07-02,12,3,False,MORNING,0.0,
1782990000000,0.0,0.0,0.0,0.0,0.0,0.0,,,0.0,0.0,0.0,7.25,12.0,19.0,35.0,47.0,12.0,False,60.0,,False,2026-07-02 13:00,2026-07-02,13,3,False,AFTERNOON,0.0,
1782993600000,0.0,0.0,0.0,0.0,0.0,0.0,,,0.0,0.0,0.0,8.75,12.0,46.0,48.0,65.0,17.0,False,60.0,,False,2026-07-02 14:00,2026-07-02,14,3,False,AFTERNOON,0.0,
1782997200000,0.0,0.0,0.0,0.0,0.0,0.0,,,0.0,0.0,0.0,5.083333333333333,12.0,10.0,65.0,76.0,11.0,False,60.0,,False,2026-07-02 15:00,2026-07-02,15,3,False,AFTERNOON,0.0,
1783000800000,0.0,0.0,0.0,0.0,0.0,0.0,,,0.0,0.0,0.0,4.666666666666667,12.0,23.0,76.0,83.0,7.0,False,60.0,,False,2026-07-02 16:00,2026-07-02,16,3,False,AFTERNOON,0.0,
1783004400000,0.0,0.0,0.0,0.0,0.0,0.0,,,0.0,0.0,0.0,31.666666666666668,9.0,52.0,84.0,79.0,-5.0,False,60.0,,False,2026-07-02 17:00,2026-07-02,17,3,False,AFTERNOON,0.0,
1783008000000,0.0,0.0,0.0,0.0,0.0,0.0,,,0.0,0.0,0.0,61.666666666666664,3.0,74.0,78.0,71.0,-7.0,False,60.0,,False,2026-07-02 18:00,2026-07-02,18,3,False,AFTERNOON,0.0,
1783011600000,73.0,58.0,3448.0,159.0,22639.0,10531.0,0.8154204615920718,13.010919540229885,27.0,15.0,11.0,51.0,5.0,57.0,71.0,64.0,-7.0,True,31.071483333333333,28.928516666666667,True,2026-07-02 19:00,2026-07-02,19,3,False,EVENING,100.0,3.4567966671871067
1783015200000,83.0,90.0,2941.0,338.0,39696.0,11947.0,0.6331267961817787,14.702222222222222,51.0,24.0,13.0,33.083333333333336,12.0,44.0,64.0,59.0,-5.0,True,15.803166666666666,44.19683333333333,False,2026-07-02 20:00,2026-07-02,20,3,False,EVENING,134.0,3.0318914251021
1783018800000,13.0,10.0,277.0,32.0,4291.0,1231.0,0.6450568909291972,14.303333333333335,9.0,6.0,4.0,28.5,12.0,48.0,58.0,54.0,-4.0,True,56.297383333333336,3.702616666666664,False,2026-07-02 21:00,2026-07-02,21,3,False,EVENING,22.0,5.941743901835193
1783022400000,12.0,11.0,587.0,26.0,2861.0,3123.0,0.9672009950160909,8.669696969696968,2.0,2.0,1.0,45.90909090909091,11.0,66.0,54.0,47.0,-7.0,True,54.268566666666665,5.731433333333335,False,2026-07-02 22:00,2026-07-02,22,3,False,EVENING,14.0,2.44266995457797
1783026000000,9.0,13.0,270.0,11.0,1875.0,4120.0,0.5513713379499147,4.8076923076923075,2.0,2.0,2.0,46.4,10.0,67.0,47.0,42.0,-5.0,True,53.82666666666667,6.173333333333332,False,2026-07-02 23:00,2026-07-02,23,3,False,EVENING,11.0,1.781857451403888
1783029600000,0.0,0.0,0.0,0.0,0.0,0.0,,,0.0,0.0,0.0,7.083333333333333,12.0,21.0,42.0,51.0,9.0,False,60.0,,False,2026-07-03 00:00,2026-07-03,0,4,False,EVENING,0.0,
1783033200000,0.0,0.0,0.0,0.0,0.0,0.0,,,0.0,0.0,0.0,2.1666666666666665,12.0,4.0,52.0,64.0,12.0,False,60.0,,False,2026-07-03 01:00,2026-07-03,1,4,False,EVENING,0.0,
1783036800000,0.0,0.0,0.0,0.0,0.0,0.0,,,0.0,0.0,0.0,3.0833333333333335,12.0,8.0,66.0,80.0,14.0,False,60.0,,False,2026-07-03 02:00,2026-07-03,2,4,False,EVENING,0.0,
1783040400000,0.0,0.0,0.0,0.0,0.0,0.0,,,0.0,0.0,0.0,2.8333333333333335,12.0,9.0,81.0,92.0,11.0,False,60.0,,False,2026-07-03 03:00,2026-07-03,3,4,False,NIGHT,0.0,
1783044000000,0.0,0.0,0.0,0.0,0.0,0.0,,,0.0,0.0,0.0,5.0,12.0,12.0,92.0,96.0,4.0,False,60.0,,False,2026-07-03 04:00,2026-07-03,4,4,False,NIGHT,0.0,
1783047600000,0.0,0.0,0.0,0.0,0.0,0.0,,,0.0,0.0,0.0,3.25,12.0,8.0,97.0,100.0,3.0,False,60.0,,False,2026-07-03 05:00,2026-07-03,5,4,False,NIGHT,0.0,
1783051200000,0.0,0.0,0.0,0.0,0.0,0.0,,,0.0,0.0,0.0,2.8333333333333335,12.0,6.0,100.0,100.0,0.0,False,60.0,,False,2026-07-03 06:00,2026-07-03,6,4,False,NIGHT,0.0,
1783054800000,0.0,0.0,0.0,0.0,0.0,0.0,,,0.0,0.0,0.0,15.714285714285714,7.0,40.0,100.0,95.0,-5.0,False,60.0,,False,2026-07-03 07:00,2026-07-03,7,4,False,MORNING,0.0,
1783058400000,0.0,0.0,0.0,0.0,0.0,0.0,,,0.0,0.0,0.0,46.142857142857146,7.0,73.0,94.0,86.0,-8.0,False,60.0,,False,2026-07-03 08:00,2026-07-03,8,4,False,MORNING,0.0,
1783062000000,53.0,26.0,192.0,176.0,21667.0,5670.0,0.6900184169104998,27.778205128205126,69.0,15.0,10.0,42.083333333333336,12.0,50.0,86.0,79.0,-7.0,True,46.89508333333333,13.104916666666668,False,2026-07-03 09:00,2026-07-03,9,4,False,MORNING,122.0,9.309483082049358
1783065600000,77.0,66.0,1994.0,264.0,32585.0,8266.0,0.636431227773869,16.457070707070706,64.0,19.0,15.0,55.8,10.0,66.0,78.0,70.0,-8.0,True,5.622116666666667,54.37788333333333,False,2026-07-03 10:00,2026-07-03,10,4,False,MORNING,141.0,2.5929659515372827
1783069200000,0.0,0.0,0.0,0.0,0.0,0.0,,,0.0,0.0,0.0,52.916666666666664,12.0,66.0,69.0,62.0,-7.0,False,0.0,,False,2026-07-03 11:00,2026-07-03,11,4,False,MORNING,0.0,
1783072800000,0.0,0.0,0.0,0.0,0.0,0.0,,,0.0,0.0,0.0,48.4,5.0,61.0,62.0,58.0,-4.0,False,0.0,,False,2026-07-03 12:00,2026-07-03,12,4,False,MORNING,0.0,
1783076400000,0.0,0.0,0.0,0.0,0.0,0.0,,,0.0,0.0,0.0,43.125,8.0,48.0,58.0,54.0,-4.0,False,42.52301666666666,,False,2026-07-03 13:00,2026-07-03,13,4,False,AFTERNOON,0.0,
1783080000000,0.0,0.0,0.0,0.0,0.0,0.0,,,0.0,0.0,0.0,40.0,8.0,55.0,54.0,50.0,-4.0,False,60.0,,False,2026-07-03 14:00,2026-07-03,14,4,False,AFTERNOON,0.0,
1783083600000,0.0,0.0,0.0,0.0,0.0,0.0,,,0.0,0.0,0.0,42.27272727272727,11.0,53.0,49.0,46.0,-3.0,False,60.0,,False,2026-07-03 15:00,2026-07-03,15,4,False,AFTERNOON,0.0,
1783087200000,0.0,0.0,0.0,0.0,0.0,0.0,,,0.0,0.0,0.0,40.18181818181818,11.0,51.0,46.0,43.0,-3.0,False,60.0,,False,2026-07-03 16:00,2026-07-03,16,4,False,AFTERNOON,0.0,
1783090800000,0.0,0.0,0.0,0.0,0.0,0.0,,,0.0,0.0,0.0,39.083333333333336,12.0,53.0,42.0,39.0,-3.0,False,60.0,,False,2026-07-03 17:00,2026-07-03,17,4,False,AFTERNOON,0.0,
1783094400000,0.0,0.0,0.0,0.0,0.0,0.0,,,0.0,0.0,0.0,37.5,8.0,63.0,39.0,37.0,-2.0,False,60.0,,False,2026-07-03 18:00,2026-07-03,18,4,False,AFTERNOON,0.0,
1783098000000,0.0,0.0,0.0,0.0,0.0,0.0,,,0.0,0.0,0.0,39.45454545454545,11.0,56.0,37.0,34.0,-3.0,False,60.0,,False,2026-07-03 19:00,2026-07-03,19,4,False,EVENING,0.0,
1783101600000,0.0,0.0,0.0,0.0,0.0,0.0,,,0.0,0.0,0.0,29.88888888888889,9.0,35.0,34.0,31.0,-3.0,False,60.0,,False,2026-07-03 20:00,2026-07-03,20,4,False,EVENING,0.0,
1783105200000,0.0,0.0,0.0,0.0,0.0,0.0,,,0.0,0.0,0.0,29.916666666666668,12.0,40.0,31.0,30.0,-1.0,False,60.0,,False,2026-07-03 21:00,2026-07-03,21,4,False,EVENING,0.0,
1783108800000,0.0,0.0,0.0,0.0,0.0,0.0,,,0.0,0.0,0.0,31.727272727272727,11.0,38.0,30.0,28.0,-2.0,False,60.0,,False,2026-07-03 22:00,2026-07-03,22,4,False,EVENING,0.0,
1783112400000,13.0,22.0,110.0,58.0,12873.0,1544.0,0.2748387522703997,19.504545454545454,42.0,12.0,8.0,27.285714285714285,7.0,37.0,28.0,25.0,-3.0,True,42.71886666666666,17.281133333333337,False,2026-07-03 23:00,2026-07-03,23,4,False,EVENING,55.0,3.182661630988708
1783116000000,2.0,39.0,88.0,105.0,19330.0,2531.0,0.28085857050134244,16.52136752136752,21.0,11.0,3.0,17.25,12.0,40.0,24.0,28.0,4.0,True,40.28008333333333,19.71991666666667,False,2026-07-04 00:00,2026-07-04,0,5,True,EVENING,23.0,1.16633352913087
1783119600000,0.0,0.0,0.0,0.0,0.0,0.0,,,0.0,0.0,0.0,18.333333333333332,12.0,35.0,29.0,35.0,6.0,False,60.0,,False,2026-07-04 01:00,2026-07-04,1,5,True,EVENING,0.0,
1783123200000,0.0,0.0,0.0,0.0,0.0,0.0,,,0.0,0.0,0.0,21.75,12.0,57.0,36.0,45.0,9.0,False,60.0,,False,2026-07-04 02:00,2026-07-04,2,5,True,EVENING,0.0,
1783126800000,0.0,0.0,0.0,0.0,0.0,0.0,,,0.0,0.0,0.0,11.0,12.0,21.0,48.0,60.0,12.0,False,60.0,,False,2026-07-04 03:00,2026-07-04,3,5,True,NIGHT,0.0,
1783130400000,0.0,0.0,0.0,0.0,0.0,0.0,,,0.0,0.0,0.0,5.666666666666667,12.0,10.0,60.0,72.0,12.0,False,60.0,,False,2026-07-04 04:00,2026-07-04,4,5,True,NIGHT,0.0,
1783134000000,0.0,0.0,0.0,0.0,0.0,0.0,,,0.0,0.0,0.0,6.25,12.0,25.0,72.0,83.0,11.0,False,60.0,,False,2026-07-04 05:00,2026-07-04,5,5,True,NIGHT,0.0,
1783137600000,0.0,0.0,0.0,0.0,0.0,0.0,,,0.0,0.0,0.0,6.083333333333333,12.0,9.0,84.0,92.0,8.0,False,60.0,,False,2026-07-04 06:00,2026-07-04,6,5,True,NIGHT,0.0,
1783141200000,0.0,0.0,0.0,0.0,0.0,0.0,,,0.0,0.0,0.0,4.583333333333333,12.0,12.0,93.0,100.0,7.0,False,60.0,,False,2026-07-04 07:00,2026-07-04,7,5,True,MORNING,0.0,
1783144800000,0.0,0.0,0.0,0.0,0.0,0.0,,,0.0,0.0,0.0,9.666666666666666,12.0,28.0,100.0,98.0,-2.0,False,60.0,,False,2026-07-04 08:00,2026-07-04,8,5,True,MORNING,0.0,
1783148400000,0.0,0.0,0.0,0.0,0.0,0.0,,,0.0,0.0,0.0,23.5,4.0,64.0,98.0,89.0,-9.0,False,60.0,,True,2026-07-04 09:00,2026-07-04,9,5,True,MORNING,0.0,
1783152000000,0.0,0.0,0.0,0.0,0.0,0.0,,,0.0,0.0,0.0,42.75,12.0,58.0,88.0,80.0,-8.0,False,60.0,,False,2026-07-04 10:00,2026-07-04,10,5,True,MORNING,0.0,
1783155600000,0.0,0.0,0.0,0.0,0.0,0.0,,,0.0,0.0,0.0,54.18181818181818,11.0,72.0,80.0,71.0,-9.0,False,60.0,,False,2026-07-04 11:00,2026-07-04,11,5,True,MORNING,0.0,
1783159200000,0.0,0.0,0.0,0.0,0.0,0.0,,,0.0,0.0,0.0,45.8,5.0,51.0,70.0,65.0,-5.0,False,60.0,,False,2026-07-04 12:00,2026-07-04,12,5,True,MORNING,0.0,
1783162800000,0.0,0.0,0.0,0.0,0.0,0.0,,,0.0,0.0,0.0,,0.0,,65.0,60.0,-5.0,False,60.0,,False,2026-07-04 13:00,2026-07-04,13,5,True,AFTERNOON,0.0,
1783166400000,4.0,49.0,113.0,335.0,28897.0,4002.0,0.35576464337045877,19.6578231292517,31.0,20.0,3.0,36.666666666666664,6.0,73.0,60.0,55.0,-5.0,True,34.76416666666667,25.235833333333332,False,2026-07-04 14:00,2026-07-04,14,5,True,AFTERNOON,35.0,1.3869167519730543
1783170000000,0.0,0.0,0.0,0.0,0.0,0.0,,,0.0,0.0,0.0,46.0,5.0,62.0,54.0,50.0,-4.0,False,60.0,,False,2026-07-04 15:00,2026-07-04,15,5,True,AFTERNOON,0.0,
1783173600000,0.0,0.0,0.0,0.0,0.0,0.0,,,0.0,0.0,0.0,26.333333333333332,12.0,34.0,50.0,48.0,-2.0,False,60.0,,False,2026-07-04 16:00,2026-07-04,16,5,True,AFTERNOON,0.0,
1783177200000,0.0,0.0,0.0,0.0,0.0,0.0,,,0.0,0.0,0.0,40.583333333333336,12.0,56.0,48.0,45.0,-3.0,False,60.0,,False,2026-07-04 17:00,2026-07-04,17,5,True,AFTERNOON,0.0,
1783180800000,0.0,0.0,0.0,0.0,0.0,0.0,,,0.0,0.0,0.0,54.77777777777778,9.0,67.0,44.0,40.0,-4.0,False,60.0,,False,2026-07-04 18:00,2026-07-04,18,5,True,AFTERNOON,0.0,
1783184400000,0.0,0.0,0.0,0.0,0.0,0.0,,,0.0,0.0,0.0,58.6,10.0,82.0,40.0,35.0,-5.0,False,60.0,,False,2026-07-04 19:00,2026-07-04,19,5,True,EVENING,0.0,
1783188000000,0.0,0.0,0.0,0.0,0.0,0.0,,,0.0,0.0,0.0,60.25,12.0,76.0,34.0,30.0,-4.0,False,60.0,,False,2026-07-04 20:00,2026-07-04,20,5,True,EVENING,0.0,
1783191600000,0.0,0.0,0.0,0.0,0.0,0.0,,,0.0,0.0,0.0,62.083333333333336,12.0,71.0,30.0,25.0,-5.0,False,60.0,,False,2026-07-04 21:00,2026-07-04,21,5,True,EVENING,0.0,
1783195200000,0.0,0.0,0.0,0.0,0.0,0.0,,,0.0,0.0,0.0,66.1,10.0,90.0,25.0,21.0,-4.0,False,60.0,,False,2026-07-04 22:00,2026-07-04,22,5,True,EVENING,0.0,
1783198800000,0.0,0.0,0.0,0.0,0.0,0.0,,,0.0,0.0,0.0,63.0,1.0,63.0,21.0,19.0,-2.0,False,60.0,,False,2026-07-04 23:00,2026-07-04,23,5,True,EVENING,0.0,
1783202400000,0.0,0.0,0.0,0.0,0.0,0.0,,,0.0,0.0,0.0,72.57142857142857,7.0,86.0,19.0,14.0,-5.0,False,60.0,,False,2026-07-05 00:00,2026-07-05,0,6,True,EVENING,0.0,
1783206000000,0.0,0.0,0.0,0.0,0.0,0.0,,,0.0,0.0,0.0,67.81818181818181,11.0,85.0,14.0,11.0,-3.0,False,60.0,,False,2026-07-05 01:00,2026-07-05,1,6,True,EVENING,0.0,
1783209600000,0.0,0.0,0.0,0.0,0.0,0.0,,,0.0,0.0,0.0,73.75,8.0,80.0,11.0,7.0,-4.0,False,60.0,,False,2026-07-05 02:00,2026-07-05,2,6,True,EVENING,0.0,
1783213200000,3.0,4.0,22.0,5.0,1028.0,78.0,0.26190316521175805,8.566666666666666,1.0,1.0,1.0,75.0,10.0,94.0,6.0,5.0,-1.0,True,58.44403333333333,1.55596666666667,False,2026-07-05 03:00,2026-07-05,3,6,True,NIGHT,4.0,2.57074915915079
1783216800000,0.0,5.0,7.0,1.0,532.0,0.0,0.004288645927468723,3.546666666666667,1.0,1.0,1.0,56.75,12.0,74.0,5.0,5.0,0.0,True,57.882016666666665,2.117983333333335,False,2026-07-05 04:00,2026-07-05,4,6,True,NIGHT,1.0,0.4721472469880937
1783220400000,0.0,0.0,0.0,0.0,0.0,0.0,,,0.0,0.0,0.0,60.833333333333336,12.0,73.0,5.0,7.0,2.0,False,60.0,,False,2026-07-05 05:00,2026-07-05,5,6,True,NIGHT,0.0,
1783224000000,0.0,1.0,0.0,0.0,16.0,0.0,0.0,0.5333333333333333,0.0,0.0,0.0,50.5,12.0,60.0,8.0,12.0,4.0,True,60.0,0.0,False,2026-07-05 06:00,2026-07-05,6,6,True,NIGHT,0.0,
1783227600000,0.0,0.0,0.0,0.0,0.0,0.0,,,0.0,0.0,0.0,49.416666666666664,12.0,65.0,12.0,14.0,2.0,False,60.0,,False,2026-07-05 07:00,2026-07-05,7,6,True,MORNING,0.0,
1783231200000,0.0,0.0,0.0,0.0,0.0,0.0,,,0.0,0.0,0.0,27.666666666666668,12.0,47.0,14.0,16.0,2.0,False,60.0,,False,2026-07-05 08:00,2026-07-05,8,6,True,MORNING,0.0,
1783234800000,0.0,0.0,0.0,0.0,0.0,0.0,,,0.0,0.0,0.0,26.2,10.0,52.0,17.0,21.0,4.0,False,39.53703333333333,,False,2026-07-05 09:00,2026-07-05,9,6,True,MORNING,0.0,
1783238400000,0.0,1.0,0.0,0.0,2.0,0.0,0.0,0.06666666666666667,0.0,0.0,0.0,69.27272727272727,11.0,83.0,21.0,17.0,-4.0,True,0.0,60.0,False,2026-07-05 10:00,2026-07-05,10,6,True,MORNING,0.0,0.0
1783242000000,5.0,29.0,107.0,30.0,8700.0,1626.0,0.23073484480348316,10.0,12.0,7.0,1.0,66.45454545454545,11.0,84.0,17.0,14.0,-3.0,True,8.297633333333334,51.70236666666666,False,2026-07-05 11:00,2026-07-05,11,6,True,MORNING,17.0,0.3288050643716503
1783245600000,11.0,47.0,118.0,84.0,16264.0,7324.0,0.40396523000040535,11.534751773049646,33.0,17.0,5.0,57.22222222222222,9.0,67.0,14.0,12.0,-2.0,True,30.860716666666665,29.139283333333335,False,2026-07-05 12:00,2026-07-05,12,6,True,MORNING,44.0,1.509989092616668
1783249200000,26.0,72.0,267.0,287.0,67939.0,1021.0,0.15915225689104306,31.45324074074074,7.0,5.0,4.0,60.4,5.0,82.0,12.0,9.0,-3.0,True,12.498816666666666,47.50118333333333,False,2026-07-05 13:00,2026-07-05,13,6,True,AFTERNOON,33.0,0.6947195350571969
1783252800000,0.0,0.0,0.0,0.0,0.0,0.0,,,0.0,0.0,0.0,40.81818181818182,11.0,52.0,9.0,7.0,-2.0,False,0.0,,False,2026-07-05 14:00,2026-07-05,14,6,True,AFTERNOON,0.0,
1783256400000,0.0,0.0,0.0,0.0,0.0,0.0,,,0.0,0.0,0.0,51.5,12.0,61.0,7.0,5.0,-2.0,False,0.0,,False,2026-07-05 15:00,2026-07-05,15,6,True,AFTERNOON,0.0,
1783260000000,0.0,0.0,0.0,0.0,0.0,0.0,,,0.0,0.0,0.0,59.166666666666664,12.0,76.0,5.0,5.0,0.0,False,0.0,,False,2026-07-05 16:00,2026-07-05,16,6,True,AFTERNOON,0.0,
1783263600000,0.0,0.0,0.0,0.0,0.0,0.0,,,0.0,0.0,0.0,42.111111111111114,9.0,57.0,5.0,5.0,0.0,False,11.97895,,False,2026-07-05 17:00,2026-07-05,17,6,True,AFTERNOON,0.0,
1783267200000,2.0,3.0,0.0,6.0,446.0,0.0,0.06215410632520119,4.955555555555555,0.0,0.0,0.0,44.36363636363637,11.0,61.0,5.0,5.0,0.0,True,56.61011666666667,3.38988333333333,False,2026-07-05 18:00,2026-07-05,18,6,True,AFTERNOON,2.0,0.5899908059766075
1783270800000,73.0,58.0,587.0,248.0,30835.0,14191.0,0.6476181051054565,17.721264367816094,80.0,34.0,22.0,39.0,12.0,52.0,5.0,5.0,0.0,True,0.0,60.0,False,2026-07-05 19:00,2026-07-05,19,6,True,EVENING,153.0,2.55
1783274400000,0.0,1.0,2.0,1.0,107.0,0.0,0.20556909947990754,3.566666666666667,0.0,0.0,0.0,55.77777777777778,9.0,97.0,5.0,5.0,0.0,True,0.0,60.0,False,2026-07-05 20:00,2026-07-05,20,6,True,EVENING,0.0,0.0
1783278000000,0.0,0.0,0.0,0.0,0.0,0.0,,,0.0,0.0,0.0,71.6,10.0,86.0,5.0,5.0,0.0,False,41.13126666666667,,False,2026-07-05 21:00,2026-07-05,21,6,True,EVENING,0.0,
1783281600000,0.0,0.0,0.0,0.0,0.0,0.0,,,0.0,0.0,0.0,96.33333333333333,3.0,97.0,5.0,5.0,0.0,False,60.0,,False,2026-07-05 22:00,2026-07-05,22,6,True,EVENING,0.0,
1783285200000,0.0,0.0,0.0,0.0,0.0,0.0,,,0.0,0.0,0.0,97.5,4.0,99.0,5.0,5.0,0.0,False,60.0,,False,2026-07-05 23:00,2026-07-05,23,6,True,EVENING,0.0,
1783288800000,0.0,0.0,0.0,0.0,0.0,0.0,,,0.0,0.0,0.0,99.0,1.0,99.0,5.0,5.0,0.0,False,60.0,,False,2026-07-06 00:00,2026-07-06,0,0,False,EVENING,0.0,
1783292400000,0.0,0.0,0.0,0.0,0.0,0.0,,,0.0,0.0,0.0,44.666666666666664,12.0,73.0,5.0,5.0,0.0,False,60.0,,False,2026-07-06 01:00,2026-07-06,1,0,False,EVENING,0.0,
1783296000000,0.0,0.0,0.0,0.0,0.0,0.0,,,0.0,0.0,0.0,12.75,12.0,16.0,5.0,5.0,0.0,False,60.0,,False,2026-07-06 02:00,2026-07-06,2,0,False,EVENING,0.0,
1783299600000,0.0,0.0,0.0,0.0,0.0,0.0,,,0.0,0.0,0.0,9.833333333333334,12.0,19.0,5.0,15.0,10.0,False,60.0,,False,2026-07-06 03:00,2026-07-06,3,0,False,NIGHT,0.0,
1783303200000,0.0,0.0,0.0,0.0,0.0,0.0,,,0.0,0.0,0.0,5.666666666666667,12.0,12.0,16.0,35.0,19.0,False,60.0,,False,2026-07-06 04:00,2026-07-06,4,0,False,NIGHT,0.0,
1783306800000,0.0,0.0,0.0,0.0,0.0,0.0,,,0.0,0.0,0.0,6.5,12.0,17.0,36.0,48.0,12.0,False,60.0,,False,2026-07-06 05:00,2026-07-06,5,0,False,NIGHT,0.0,
1783310400000,0.0,0.0,0.0,0.0,0.0,0.0,,,0.0,0.0,0.0,4.833333333333333,12.0,10.0,50.0,63.0,13.0,False,60.0,,False,2026-07-06 06:00,2026-07-06,6,0,False,NIGHT,0.0,
1783314000000,0.0,0.0,0.0,0.0,0.0,0.0,,,0.0,0.0,0.0,2.4166666666666665,12.0,5.0,64.0,77.0,13.0,False,60.0,,False,2026-07-06 07:00,2026-07-06,7,0,False,MORNING,0.0,
1783317600000,0.0,0.0,0.0,0.0,0.0,0.0,,,0.0,0.0,0.0,8.166666666666666,12.0,14.0,78.0,86.0,8.0,False,60.0,,False,2026-07-06 08:00,2026-07-06,8,0,False,MORNING,0.0,
1783321200000,0.0,0.0,0.0,0.0,0.0,0.0,,,0.0,0.0,0.0,39.8,5.0,65.0,86.0,77.0,-9.0,False,60.0,,False,2026-07-06 09:00,2026-07-06,9,0,False,MORNING,0.0,
1783324800000,0.0,0.0,0.0,0.0,0.0,0.0,,,0.0,0.0,0.0,73.5,4.0,100.0,76.0,69.0,-7.0,False,60.0,,False,2026-07-06 10:00,2026-07-06,10,0,False,MORNING,0.0,
1783328400000,0.0,0.0,0.0,0.0,0.0,0.0,,,0.0,0.0,0.0,68.42857142857143,7.0,95.0,68.0,61.0,-7.0,False,60.0,,False,2026-07-06 11:00,2026-07-06,11,0,False,MORNING,0.0,
1783332000000,0.0,0.0,0.0,0.0,0.0,0.0,,,0.0,0.0,0.0,84.75,4.0,97.0,61.0,54.0,-7.0,False,60.0,,False,2026-07-06 12:00,2026-07-06,12,0,False,MORNING,0.0,
1783335600000,0.0,0.0,0.0,0.0,0.0,0.0,,,0.0,0.0,0.0,99.0,1.0,99.0,53.0,49.0,-4.0,False,60.0,,False,2026-07-06 13:00,2026-07-06,13,0,False,AFTERNOON,0.0,
1783339200000,0.0,0.0,0.0,0.0,0.0,0.0,,,0.0,0.0,0.0,65.33333333333333,3.0,72.0,48.0,42.0,-6.0,False,60.0,,False,2026-07-06 14:00,2026-07-06,14,0,False,AFTERNOON,0.0,
1783342800000,24.0,40.0,1394.0,180.0,22565.0,6814.0,0.8547395297541405,18.804166666666667,5.0,2.0,2.0,82.08333333333333,12.0,92.0,42.0,34.0,-8.0,True,39.475033333333336,20.524966666666664,False,2026-07-06 15:00,2026-07-06,15,0,False,AFTERNOON,29.0,1.4129133786656578
1783346400000,80.0,58.0,214.0,173.0,22209.0,8764.0,0.5128254904418804,12.763793103448275,6.0,2.0,2.0,69.08333333333333,12.0,92.0,33.0,28.0,-5.0,True,22.55415,37.44585,False,2026-07-06 16:00,2026-07-06,16,0,False,AFTERNOON,86.0,2.296649695493626
1783350000000,110.0,97.0,4257.0,355.0,44173.0,19041.0,0.8988620992112388,15.179725085910654,33.0,18.0,14.0,49.18181818181818,11.0,64.0,28.0,24.0,-4.0,True,10.88355,49.11645,False,2026-07-06 17:00,2026-07-06,17,0,False,AFTERNOON,143.0,2.911448201162747
1783353600000,127.0,96.0,2519.0,414.0,53790.0,27247.0,0.8458500715496786,18.677083333333332,72.0,34.0,16.0,41.25,12.0,58.0,24.0,21.0,-3.0,True,13.782416666666666,46.21758333333334,False,2026-07-06 18:00,2026-07-06,18,0,False,AFTERNOON,199.0,4.305720586140556
1783357200000,74.0,84.0,3594.0,258.0,27448.0,14301.0,0.675347697114927,10.892063492063492,33.0,17.0,12.0,68.18181818181819,11.0,84.0,21.0,17.0,-4.0,True,5.941416666666667,54.05858333333333,False,2026-07-06 19:00,2026-07-06,19,0,False,EVENING,107.0,1.9793341482928244
1783360800000,15.0,28.0,1109.0,67.0,6062.0,3621.0,0.7496018195575589,7.216666666666667,1.0,1.0,1.0,62.714285714285715,7.0,75.0,16.0,14.0,-2.0,True,0.2421,59.7579,False,2026-07-06 20:00,2026-07-06,20,0,False,EVENING,16.0,0.26774702591623867
1783364400000,0.0,0.0,0.0,0.0,0.0,0.0,,,0.0,0.0,0.0,59.7,10.0,83.0,13.0,10.0,-3.0,False,0.0,,False,2026-07-06 21:00,2026-07-06,21,0,False,EVENING,0.0,
1783368000000,0.0,0.0,0.0,0.0,0.0,0.0,,,0.0,0.0,0.0,80.75,12.0,90.0,9.0,6.0,-3.0,False,46.56356666666667,,False,2026-07-06 22:00,2026-07-06,22,0,False,EVENING,0.0,
1783371600000,0.0,0.0,0.0,0.0,0.0,0.0,,,0.0,0.0,0.0,79.66666666666667,6.0,90.0,6.0,5.0,-1.0,False,60.0,,False,2026-07-06 23:00,2026-07-06,23,0,False,EVENING,0.0,
1783375200000,0.0,0.0,0.0,0.0,0.0,0.0,,,0.0,0.0,0.0,58.5,4.0,88.0,5.0,5.0,0.0,False,60.0,,False,2026-07-07 00:00,2026-07-07,0,1,False,EVENING,0.0,
1783378800000,0.0,0.0,0.0,0.0,0.0,0.0,,,0.0,0.0,0.0,47.77777777777778,9.0,85.0,5.0,5.0,0.0,False,60.0,,False,2026-07-07 01:00,2026-07-07,1,1,False,EVENING,0.0,
1783382400000,0.0,0.0,0.0,0.0,0.0,0.0,,,0.0,0.0,0.0,,0.0,,5.0,5.0,0.0,False,60.0,,False,2026-07-07 02:00,2026-07-07,2,1,False,EVENING,0.0,
1783386000000,0.0,0.0,0.0,0.0,0.0,0.0,,,0.0,0.0,0.0,,0.0,,5.0,5.0,0.0,False,60.0,,False,2026-07-07 03:00,2026-07-07,3,1,False,NIGHT,0.0,
1783389600000,0.0,0.0,0.0,0.0,0.0,0.0,,,0.0,0.0,0.0,,0.0,,5.0,9.0,4.0,False,60.0,,False,2026-07-07 04:00,2026-07-07,4,1,False,NIGHT,0.0,
1783393200000,0.0,0.0,0.0,0.0,0.0,0.0,,,0.0,0.0,0.0,,0.0,,9.0,16.0,7.0,False,60.0,,False,2026-07-07 05:00,2026-07-07,5,1,False,NIGHT,0.0,
1783396800000,0.0,0.0,0.0,0.0,0.0,0.0,,,0.0,0.0,0.0,,0.0,,16.0,22.0,6.0,False,60.0,,False,2026-07-07 06:00,2026-07-07,6,1,False,NIGHT,0.0,
1783400400000,0.0,0.0,0.0,0.0,0.0,0.0,,,0.0,0.0,0.0,,0.0,,22.0,28.0,6.0,False,60.0,,False,2026-07-07 07:00,2026-07-07,7,1,False,MORNING,0.0,
1783404000000,0.0,0.0,0.0,0.0,0.0,0.0,,,0.0,0.0,0.0,7.222222222222222,9.0,12.0,28.0,83.0,55.0,False,60.0,,False,2026-07-07 08:00,2026-07-07,8,1,False,MORNING,0.0,
1783407600000,0.0,0.0,0.0,0.0,0.0,0.0,,,0.0,0.0,0.0,15.727272727272727,11.0,65.0,84.0,86.0,2.0,False,60.0,,False,2026-07-07 09:00,2026-07-07,9,1,False,MORNING,0.0,
1783411200000,0.0,0.0,0.0,0.0,0.0,0.0,,,0.0,0.0,0.0,60.0,7.0,76.0,86.0,75.0,-11.0,False,60.0,,False,2026-07-07 10:00,2026-07-07,10,1,False,MORNING,0.0,
1783414800000,19.0,8.0,509.0,29.0,2757.0,1970.0,0.8174761112974986,11.4875,0.0,0.0,0.0,37.333333333333336,6.0,75.0,74.0,68.0,-6.0,True,55.51968333333333,4.480316666666667,False,2026-07-07 11:00,2026-07-07,11,1,False,MORNING,19.0,4.240771671645233
1783418400000,120.0,103.0,1627.0,747.0,86418.0,26773.0,0.7243237434481609,27.96699029126214,146.0,44.0,16.0,24.454545454545453,11.0,39.0,68.0,65.0,-3.0,True,0.0,60.0,False,2026-07-07 12:00,2026-07-07,12,1,False,MORNING,266.0,4.433333333333334
1783422000000,47.0,44.0,761.0,369.0,33635.0,7723.0,0.5988865855076078,25.481060606060606,38.0,18.0,6.0,42.6,10.0,61.0,64.0,58.0,-6.0,True,2.3666,57.6334,False,2026-07-07 13:00,2026-07-07,13,1,False,AFTERNOON,85.0,1.474839242522565
1783425600000,15.0,39.0,363.0,207.0,26191.0,10720.0,0.7244626772911144,22.385470085470086,80.0,27.0,5.0,41.0,4.0,46.0,58.0,54.0,-4.0,True,42.96808333333333,17.031916666666667,False,2026-07-07 14:00,2026-07-07,14,1,False,AFTERNOON,95.0,5.577763316909919
1783429200000,78.0,92.0,988.0,479.0,70435.0,43201.0,0.8844087876229969,25.519927536231883,163.0,29.0,10.0,42.4,10.0,52.0,53.0,49.0,-4.0,True,13.806966666666666,46.19303333333333,False,2026-07-07 15:00,2026-07-07,15,1,False,AFTERNOON,241.0,5.217236942655855
1783432800000,0.0,1.0,0.0,0.0,72.0,154.0,0.9028350359954476,2.4,0.0,0.0,0.0,81.33333333333333,6.0,96.0,48.0,41.0,-7.0,True,60.0,0.0,False,2026-07-07 16:00,2026-07-07,16,1,False,AFTERNOON,0.0,
1783436400000,0.0,0.0,0.0,0.0,0.0,0.0,,,0.0,0.0,0.0,75.125,8.0,84.0,40.0,35.0,-5.0,False,60.0,,False,2026-07-07 17:00,2026-07-07,17,1,False,AFTERNOON,0.0,
1783440000000,0.0,0.0,0.0,0.0,0.0,0.0,,,0.0,0.0,0.0,54.0,1.0,54.0,34.0,28.0,-6.0,False,60.0,,False,2026-07-07 18:00,2026-07-07,18,1,False,AFTERNOON,0.0,
1783443600000,0.0,0.0,0.0,0.0,0.0,0.0,,,0.0,0.0,0.0,74.36363636363636,11.0,98.0,27.0,23.0,-4.0,False,60.0,,False,2026-07-07 19:00,2026-07-07,19,1,False,EVENING,0.0,
1783447200000,0.0,0.0,0.0,0.0,0.0,0.0,,,0.0,0.0,0.0,84.2,10.0,97.0,22.0,17.0,-5.0,False,60.0,,False,2026-07-07 20:00,2026-07-07,20,1,False,EVENING,0.0,
1783450800000,0.0,0.0,0.0,0.0,0.0,0.0,,,0.0,0.0,0.0,,0.0,,17.0,14.0,-3.0,False,60.0,,False,2026-07-07 21:00,2026-07-07,21,1,False,EVENING,0.0,
1783454400000,0.0,0.0,0.0,0.0,0.0,0.0,,,0.0,0.0,0.0,91.83333333333333,6.0,99.0,14.0,11.0,-3.0,False,60.0,,False,2026-07-07 22:00,2026-07-07,22,1,False,EVENING,0.0,
1783458000000,0.0,0.0,0.0,0.0,0.0,0.0,,,0.0,0.0,0.0,,0.0,,10.0,7.0,-3.0,False,60.0,,False,2026-07-07 23:00,2026-07-07,23,1,False,EVENING,0.0,
1783461600000,0.0,0.0,0.0,0.0,0.0,0.0,,,0.0,0.0,0.0,78.0,5.0,90.0,7.0,5.0,-2.0,False,60.0,,False,2026-07-08 00:00,2026-07-08,0,2,False,EVENING,0.0,
1783465200000,0.0,0.0,0.0,0.0,0.0,0.0,,,0.0,0.0,0.0,82.5,12.0,96.0,5.0,5.0,0.0,False,60.0,,False,2026-07-08 01:00,2026-07-08,1,2,False,EVENING,0.0,
1783468800000,1.0,8.0,40.0,17.0,2463.0,303.0,0.25424422710307315,10.2625,3.0,3.0,2.0,80.75,12.0,88.0,5.0,5.0,0.0,True,53.830866666666665,6.169133333333335,False,2026-07-08 02:00,2026-07-08,2,2,False,EVENING,4.0,0.648389292931476
1783472400000,0.0,0.0,0.0,0.0,0.0,0.0,,,0.0,0.0,0.0,76.91666666666667,12.0,80.0,5.0,5.0,0.0,False,60.0,,False,2026-07-08 03:00,2026-07-08,3,2,False,NIGHT,0.0,
1783476000000,0.0,8.0,1.0,0.0,304.0,114.0,0.13593197796930018,1.2666666666666666,0.0,0.0,0.0,72.0,11.0,81.0,5.0,5.0,0.0,True,29.353616666666667,30.646383333333333,False,2026-07-08 04:00,2026-07-08,4,2,False,NIGHT,0.0,0.0
1783479600000,0.0,0.0,0.0,0.0,0.0,0.0,,,0.0,0.0,0.0,54.583333333333336,12.0,71.0,5.0,5.0,0.0,False,0.0,,False,2026-07-08 05:00,2026-07-08,5,2,False,NIGHT,0.0,
1783483200000,0.0,0.0,0.0,0.0,0.0,0.0,,,0.0,0.0,0.0,35.083333333333336,12.0,61.0,5.0,10.0,5.0,False,0.0,,False,2026-07-08 06:00,2026-07-08,6,2,False,NIGHT,0.0,
1783486800000,0.0,0.0,0.0,0.0,0.0,0.0,,,0.0,0.0,0.0,22.583333333333332,12.0,40.0,11.0,15.0,4.0,False,0.0,,False,2026-07-08 07:00,2026-07-08,7,2,False,MORNING,0.0,
1783490400000,0.0,0.0,0.0,0.0,0.0,0.0,,,0.0,0.0,0.0,19.083333333333332,12.0,24.0,16.0,22.0,6.0,False,16.45045,,False,2026-07-08 08:00,2026-07-08,8,2,False,MORNING,0.0,
1783494000000,0.0,0.0,0.0,0.0,0.0,0.0,,,0.0,0.0,0.0,21.5,10.0,64.0,22.0,25.0,3.0,False,60.0,,False,2026-07-08 09:00,2026-07-08,9,2,False,MORNING,0.0,
1783497600000,135.0,86.0,3925.0,469.0,47516.0,10075.0,0.7033165793580564,18.41705426356589,64.0,15.0,10.0,38.75,12.0,48.0,25.0,22.0,-3.0,True,17.2677,42.732299999999995,False,2026-07-08 10:00,2026-07-08,10,2,False,MORNING,199.0,4.656898879770104
1783501200000,135.0,79.0,2800.0,509.0,47174.0,18481.0,0.8090185483513128,19.90464135021097,134.0,49.0,15.0,30.5,10.0,38.0,22.0,20.0,-2.0,True,20.52975,39.47025,False,2026-07-08 11:00,2026-07-08,11,2,False,MORNING,269.0,6.8152595942513665
1783504800000,34.0,31.0,1339.0,165.0,15808.0,5909.0,0.8491897848619822,16.99784946236559,27.0,9.0,5.0,50.125,8.0,96.0,20.0,17.0,-3.0,True,45.2732,14.726799999999997,False,2026-07-08 12:00,2026-07-08,12,2,False,MORNING,61.0,4.142108265203575
1783508400000,0.0,0.0,0.0,0.0,0.0,0.0,,,0.0,0.0,0.0,52.45454545454545,11.0,66.0,17.0,14.0,-3.0,False,60.0,,False,2026-07-08 13:00,2026-07-08,13,2,False,AFTERNOON,0.0,
1783512000000,0.0,0.0,0.0,0.0,0.0,0.0,,,0.0,0.0,0.0,80.81818181818181,11.0,99.0,14.0,10.0,-4.0,False,60.0,,False,2026-07-08 14:00,2026-07-08,14,2,False,AFTERNOON,0.0,
1783515600000,12.0,5.0,147.0,31.0,3284.0,423.0,0.7447066819680961,21.89333333333333,9.0,6.0,5.0,40.0,1.0,40.0,10.0,8.0,-2.0,True,57.5756,2.4243999999999986,False,2026-07-08 15:00,2026-07-08,15,2,False,AFTERNOON,21.0,8.661936974096689
1783519200000,189.0,104.0,3937.0,532.0,51539.0,24850.0,0.8084354218570257,16.518910256410255,45.0,11.0,9.0,22.333333333333332,12.0,29.0,8.0,7.0,-1.0,True,0.0,60.0,False,2026-07-08 16:00,2026-07-08,16,2,False,AFTERNOON,234.0,3.9
1783522800000,20.0,15.0,387.0,38.0,5159.0,2421.0,0.6242755554854234,11.464444444444444,3.0,2.0,2.0,34.0,6.0,61.0,7.0,6.0,-1.0,True,37.95076666666667,22.049233333333333,False,2026-07-08 17:00,2026-07-08,17,2,False,AFTERNOON,23.0,1.043120168955232
1783526400000,0.0,1.0,1.0,0.0,0.0,0.0,0.0,0.0,0.0,0.0,0.0,90.5,2.0,100.0,6.0,5.0,-1.0,True,0.0,60.0,True,2026-07-08 18:00,2026-07-08,18,2,False,AFTERNOON,0.0,0.0
1783530000000,0.0,0.0,0.0,0.0,0.0,0.0,,,0.0,0.0,0.0,,0.0,,5.0,5.0,0.0,False,0.0,,True,2026-07-08 19:00,2026-07-08,19,2,False,EVENING,0.0,
1783533600000,0.0,0.0,0.0,0.0,0.0,0.0,,,0.0,0.0,0.0,,0.0,,5.0,5.0,0.0,False,0.0,,True,2026-07-08 20:00,2026-07-08,20,2,False,EVENING,0.0,
1783537200000,0.0,0.0,0.0,0.0,0.0,0.0,,,0.0,0.0,0.0,96.66666666666667,3.0,99.0,5.0,5.0,0.0,False,42.86398333333333,,False,2026-07-08 21:00,2026-07-08,21,2,False,EVENING,0.0,
1783540800000,0.0,0.0,0.0,0.0,0.0,0.0,,,0.0,0.0,0.0,62.0,6.0,88.0,5.0,5.0,0.0,False,60.0,,False,2026-07-08 22:00,2026-07-08,22,2,False,EVENING,0.0,
1783544400000,0.0,0.0,0.0,0.0,0.0,0.0,,,0.0,0.0,0.0,69.0,10.0,81.0,5.0,5.0,0.0,False,60.0,,True,2026-07-08 23:00,2026-07-08,23,2,False,EVENING,0.0,
1783548000000,2.0,15.0,10.0,11.0,3364.0,237.0,0.08459455922920706,7.475555555555556,0.0,0.0,0.0,37.583333333333336,12.0,60.0,5.0,5.0,0.0,True,48.1884,11.811599999999999,False,2026-07-09 00:00,2026-07-09,0,3,False,EVENING,2.0,0.16932507026990418
1783551600000,0.0,0.0,0.0,0.0,0.0,0.0,,,0.0,0.0,0.0,8.75,12.0,11.0,5.0,5.0,0.0,False,60.0,,False,2026-07-09 01:00,2026-07-09,1,3,False,EVENING,0.0,
1783555200000,0.0,0.0,0.0,0.0,0.0,0.0,,,0.0,0.0,0.0,9.25,12.0,13.0,6.0,19.0,13.0,False,60.0,,False,2026-07-09 02:00,2026-07-09,2,3,False,EVENING,0.0,
1783558800000,0.0,0.0,0.0,0.0,0.0,0.0,,,0.0,0.0,0.0,8.583333333333334,12.0,28.0,20.0,36.0,16.0,False,60.0,,False,2026-07-09 03:00,2026-07-09,3,3,False,NIGHT,0.0,
1783562400000,0.0,2.0,0.0,0.0,13.0,2.0,0.4315602842833155,0.21666666666666667,0.0,0.0,0.0,2.6666666666666665,12.0,6.0,38.0,54.0,16.0,True,7.338983333333333,52.66101666666667,False,2026-07-09 04:00,2026-07-09,4,3,False,NIGHT,0.0,0.0
1783566000000,0.0,0.0,0.0,0.0,0.0,0.0,,,0.0,0.0,0.0,5.5,12.0,8.0,55.0,69.0,14.0,False,0.0,,False,2026-07-09 05:00,2026-07-09,5,3,False,NIGHT,0.0,
1783569600000,0.0,0.0,0.0,0.0,0.0,0.0,,,0.0,0.0,0.0,8.75,12.0,12.0,70.0,79.0,9.0,False,52.8779,,False,2026-07-09 06:00,2026-07-09,6,3,False,NIGHT,0.0,
1783573200000,0.0,0.0,0.0,0.0,0.0,0.0,,,0.0,0.0,0.0,8.833333333333334,12.0,17.0,80.0,88.0,8.0,False,60.0,,False,2026-07-09 07:00,2026-07-09,7,3,False,MORNING,0.0,
1783576800000,0.0,0.0,0.0,0.0,0.0,0.0,,,0.0,0.0,0.0,5.0,12.0,7.0,89.0,97.0,8.0,False,60.0,,False,2026-07-09 08:00,2026-07-09,8,3,False,MORNING,0.0,
1783580400000,0.0,0.0,0.0,0.0,0.0,0.0,,,0.0,0.0,0.0,10.25,8.0,21.0,98.0,95.0,-3.0,False,60.0,,True,2026-07-09 09:00,2026-07-09,9,3,False,MORNING,0.0,
1783584000000,9.0,4.0,20.0,16.0,1211.0,792.0,0.7627231764793592,10.091666666666667,0.0,0.0,0.0,,0.0,,94.0,82.0,-12.0,True,44.6751,15.3249,True,2026-07-09 10:00,2026-07-09,10,3,False,MORNING,9.0,0.5872795254781434
1783587600000,0.0,0.0,0.0,0.0,0.0,0.0,,,0.0,0.0,0.0,52.0,2.0,58.0,81.0,76.0,-5.0,False,60.0,,True,2026-07-09 11:00,2026-07-09,11,3,False,MORNING,0.0,
1783591200000,17.0,11.0,102.0,30.0,3727.0,707.0,0.45747649064193346,11.293939393939393,3.0,2.0,2.0,72.08333333333333,12.0,82.0,75.0,65.0,-10.0,True,50.61513333333333,9.384866666666667,False,2026-07-09 12:00,2026-07-09,12,3,False,MORNING,20.0,2.1310904789981033
1783594800000,43.0,26.0,378.0,175.0,19261.0,6118.0,0.7937069150158202,24.693589743589744,15.0,7.0,5.0,69.0,1.0,69.0,65.0,64.0,-1.0,True,26.489133333333335,33.510866666666665,False,2026-07-09 13:00,2026-07-09,13,3,False,AFTERNOON,58.0,1.7307818558358186
1783598400000,4.0,3.0,59.0,15.0,1653.0,0.0,0.27072903288442834,18.366666666666667,4.0,3.0,3.0,,0.0,,,,,True,0.0,60.0,False,2026-07-09 14:00,2026-07-09,14,3,False,AFTERNOON,8.0,0.13333333333333333
1783602000000,45.0,28.0,426.0,103.0,15855.0,2299.0,0.4474866669317376,18.875,18.0,8.0,5.0,,0.0,,,,,True,45.864533333333334,14.135466666666666,False,2026-07-09 15:00,2026-07-09,15,3,False,AFTERNOON,63.0,4.456874434047691
1783605600000,0.0,5.0,3.0,2.0,548.0,0.0,0.009218731114736704,3.6533333333333333,0.0,0.0,0.0,,0.0,,,,,True,58.90368333333333,1.0963166666666666,False,2026-07-09 16:00,2026-07-09,16,3,False,AFTERNOON,0.0,0.0
1783609200000,1.0,2.0,1.0,6.0,837.0,0.0,0.12210012100056214,13.95,0.0,0.0,0.0,,0.0,,45.0,42.0,-3.0,True,2.082533333333333,57.91746666666667,True,2026-07-09 17:00,2026-07-09,17,3,False,AFTERNOON,1.0,0.017265948556681805
1783612800000,0.0,0.0,0.0,0.0,0.0,0.0,,,0.0,0.0,0.0,72.0,1.0,72.0,41.0,37.0,-4.0,False,0.0,,True,2026-07-09 18:00,2026-07-09,18,3,False,AFTERNOON,0.0,
1783616400000,10.0,5.0,129.0,2.0,468.0,100.0,0.5595750152681163,3.1199999999999997,1.0,1.0,1.0,27.666666666666668,3.0,51.0,36.0,35.0,-1.0,True,0.0,60.0,False,2026-07-09 19:00,2026-07-09,19,3,False,EVENING,11.0,0.18333333333333332
1783620000000,0.0,0.0,0.0,0.0,0.0,0.0,,,0.0,0.0,0.0,74.45454545454545,11.0,96.0,35.0,29.0,-6.0,False,0.0,,False,2026-07-09 20:00,2026-07-09,20,3,False,EVENING,0.0,
1783623600000,0.0,0.0,0.0,0.0,0.0,0.0,,,0.0,0.0,0.0,76.18181818181819,11.0,81.0,28.0,23.0,-5.0,False,14.269133333333333,,False,2026-07-09 21:00,2026-07-09,21,3,False,EVENING,0.0,
1783627200000,0.0,0.0,0.0,0.0,0.0,0.0,,,0.0,0.0,0.0,84.58333333333333,12.0,99.0,23.0,17.0,-6.0,False,60.0,,False,2026-07-09 22:00,2026-07-09,22,3,False,EVENING,0.0,
1783630800000,0.0,0.0,0.0,0.0,0.0,0.0,,,0.0,0.0,0.0,84.08333333333333,12.0,96.0,17.0,12.0,-5.0,False,60.0,,False,2026-07-09 23:00,2026-07-09,23,3,False,EVENING,0.0,
1783634400000,5.0,6.0,20.0,3.0,886.0,254.0,0.4846452731328375,4.922222222222222,0.0,0.0,0.0,84.0,3.0,97.0,12.0,10.0,-2.0,True,56.16361666666667,3.8363833333333304,False,2026-07-10 00:00,2026-07-10,0,4,False,EVENING,5.0,1.3033108439806598
1783638000000,0.0,11.0,82.0,11.0,277.0,25.0,0.5859549050446632,0.8393939393939395,1.0,1.0,1.0,63.90909090909091,11.0,76.0,10.0,6.0,-4.0,True,52.75098333333333,7.2490166666666696,False,2026-07-10 01:00,2026-07-10,1,4,False,EVENING,1.0,0.13794974490793
1783641600000,0.0,0.0,0.0,0.0,0.0,0.0,,,0.0,0.0,0.0,31.083333333333332,12.0,40.0,6.0,8.0,2.0,False,60.0,,False,2026-07-10 02:00,2026-07-10,2,4,False,EVENING,0.0,
1783645200000,0.0,2.0,1.0,2.0,539.0,471.0,0.7868297114030232,8.983333333333333,0.0,0.0,0.0,33.25,12.0,66.0,8.0,10.0,2.0,True,45.55566666666667,14.444333333333333,False,2026-07-10 03:00,2026-07-10,3,4,False,NIGHT,0.0,0.0
1783648800000,0.0,0.0,0.0,0.0,0.0,0.0,,,0.0,0.0,0.0,14.083333333333334,12.0,22.0,11.0,21.0,10.0,False,60.0,,False,2026-07-10 04:00,2026-07-10,4,4,False,NIGHT,0.0,
1783652400000,0.0,0.0,0.0,0.0,0.0,0.0,,,0.0,0.0,0.0,12.166666666666666,12.0,18.0,22.0,34.0,12.0,False,60.0,,False,2026-07-10 05:00,2026-07-10,5,4,False,NIGHT,0.0,
1783656000000,0.0,0.0,0.0,0.0,0.0,0.0,,,0.0,0.0,0.0,19.363636363636363,11.0,43.0,36.0,43.0,7.0,False,60.0,,False,2026-07-10 06:00,2026-07-10,6,4,False,NIGHT,0.0,
1783659600000,0.0,0.0,0.0,0.0,0.0,0.0,,,0.0,0.0,0.0,10.416666666666666,12.0,20.0,43.0,53.0,10.0,False,60.0,,False,2026-07-10 07:00,2026-07-10,7,4,False,MORNING,0.0,
1783663200000,0.0,0.0,0.0,0.0,0.0,0.0,,,0.0,0.0,0.0,12.416666666666666,12.0,20.0,53.0,60.0,7.0,False,60.0,,False,2026-07-10 08:00,2026-07-10,8,4,False,MORNING,0.0,
1783666800000,0.0,0.0,0.0,0.0,0.0,0.0,,,0.0,0.0,0.0,11.083333333333334,12.0,16.0,60.0,68.0,8.0,False,60.0,,False,2026-07-10 09:00,2026-07-10,9,4,False,MORNING,0.0,
1783670400000,24.0,14.0,75.0,91.0,10153.0,3500.0,0.6934185899206179,24.17380952380952,3.0,2.0,2.0,26.22222222222222,9.0,48.0,68.0,65.0,-3.0,True,39.03225,20.967750000000002,False,2026-07-10 10:00,2026-07-10,10,4,False,MORNING,27.0,1.2876918124262258
1783674000000,72.0,30.0,642.0,167.0,20491.0,6689.0,0.6367218596526368,22.767777777777777,6.0,5.0,5.0,44.0,4.0,52.0,64.0,59.0,-5.0,True,0.0,60.0,False,2026-07-10 11:00,2026-07-10,11,4,False,MORNING,78.0,1.3
1783677600000,178.0,96.0,2369.0,558.0,59020.0,16911.0,0.6537409364418362,20.493055555555554,68.0,19.0,9.0,33.36363636363637,11.0,49.0,59.0,56.0,-3.0,True,9.3293,50.6707,False,2026-07-10 12:00,2026-07-10,12,4,False,MORNING,246.0,4.854876684158696
1783681200000,206.0,108.0,5023.0,581.0,56474.0,28605.0,0.9301394343396875,17.430246913580245,65.0,28.0,10.0,29.727272727272727,11.0,38.0,55.0,52.0,-3.0,True,0.0,60.0,False,2026-07-10 13:00,2026-07-10,13,4,False,AFTERNOON,271.0,4.516666666666667
1783684800000,54.0,27.0,530.0,117.0,11118.0,2876.0,0.6699291790064945,13.725925925925926,26.0,16.0,6.0,38.75,8.0,48.0,52.0,47.0,-5.0,True,42.58116666666667,17.418833333333332,False,2026-07-10 14:00,2026-07-10,14,4,False,AFTERNOON,80.0,4.592730090993466
1783688400000,87.0,83.0,184.0,169.0,29700.0,17205.0,0.548056348412939,11.927710843373493,5.0,4.0,4.0,41.583333333333336,12.0,52.0,46.0,43.0,-3.0,True,14.2695,45.7305,False,2026-07-10 15:00,2026-07-10,15,4,False,AFTERNOON,92.0,2.011786444495468
1783692000000,275.0,120.0,4722.0,527.0,57857.0,19080.0,0.7472551920370942,16.071388888888887,39.0,20.0,8.0,32.916666666666664,12.0,46.0,42.0,40.0,-2.0,True,0.0,60.0,False,2026-07-10 16:00,2026-07-10,16,4,False,AFTERNOON,314.0,5.233333333333333
1783695600000,24.0,13.0,270.0,60.0,4757.0,788.0,0.5236732968890143,12.197435897435897,3.0,3.0,3.0,70.2,5.0,99.0,40.0,35.0,-5.0,True,18.677266666666668,41.32273333333333,False,2026-07-10 17:00,2026-07-10,17,4,False,AFTERNOON,27.0,0.65339337023527
1783699200000,129.0,67.0,2595.0,383.0,40232.0,12211.0,0.6471260339619617,20.01592039800995,62.0,19.0,8.0,43.285714285714285,7.0,84.0,34.0,31.0,-3.0,True,22.467416666666665,37.532583333333335,False,2026-07-10 18:00,2026-07-10,18,4,False,AFTERNOON,191.0,5.088911634557529
1783702800000,59.0,51.0,1173.0,172.0,23846.0,8459.0,0.71327700627042,15.58562091503268,21.0,12.0,5.0,74.33333333333333,3.0,95.0,31.0,26.0,-5.0,True,33.685966666666666,26.314033333333334,True,2026-07-10 19:00,2026-07-10,19,4,False,EVENING,80.0,3.0402028828723835
1783706400000,5.0,6.0,29.0,20.0,1926.0,412.0,0.5368121118814669,10.7,8.0,8.0,5.0,68.25,8.0,84.0,26.0,20.0,-6.0,True,15.613016666666667,44.38698333333333,False,2026-07-10 20:00,2026-07-10,20,4,False,EVENING,13.0,0.2928786554917189
1783710000000,0.0,0.0,0.0,0.0,0.0,0.0,,,0.0,0.0,0.0,72.5,8.0,94.0,20.0,15.0,-5.0,False,60.0,,False,2026-07-10 21:00,2026-07-10,21,4,False,EVENING,0.0,
1783713600000,0.0,0.0,0.0,0.0,0.0,0.0,,,0.0,0.0,0.0,66.25,12.0,87.0,15.0,12.0,-3.0,False,60.0,,False,2026-07-10 22:00,2026-07-10,22,4,False,EVENING,0.0,
1783717200000,0.0,0.0,0.0,0.0,0.0,0.0,,,0.0,0.0,0.0,64.7,10.0,87.0,12.0,8.0,-4.0,False,60.0,,False,2026-07-10 23:00,2026-07-10,23,4,False,EVENING,0.0,
1783720800000,0.0,0.0,0.0,0.0,0.0,0.0,,,0.0,0.0,0.0,16.583333333333332,12.0,34.0,8.0,11.0,3.0,False,60.0,,False,2026-07-11 00:00,2026-07-11,0,5,True,EVENING,0.0,
1783724400000,0.0,0.0,0.0,0.0,0.0,0.0,,,0.0,0.0,0.0,6.5,12.0,9.0,12.0,23.0,11.0,False,60.0,,False,2026-07-11 01:00,2026-07-11,1,5,True,EVENING,0.0,
1783728000000,0.0,0.0,0.0,0.0,0.0,0.0,,,0.0,0.0,0.0,5.333333333333333,12.0,8.0,24.0,40.0,16.0,False,60.0,,False,2026-07-11 02:00,2026-07-11,2,5,True,EVENING,0.0,
1783731600000,0.0,0.0,0.0,0.0,0.0,0.0,,,0.0,0.0,0.0,3.25,12.0,6.0,41.0,58.0,17.0,False,60.0,,False,2026-07-11 03:00,2026-07-11,3,5,True,NIGHT,0.0,
1783735200000,0.0,0.0,0.0,0.0,0.0,0.0,,,0.0,0.0,0.0,4.583333333333333,12.0,9.0,60.0,71.0,11.0,False,60.0,,False,2026-07-11 04:00,2026-07-11,4,5,True,NIGHT,0.0,
1783738800000,0.0,0.0,0.0,0.0,0.0,0.0,,,0.0,0.0,0.0,6.25,8.0,9.0,72.0,76.0,4.0,False,60.0,,False,2026-07-11 05:00,2026-07-11,5,5,True,NIGHT,0.0,
1783742400000,0.0,0.0,0.0,0.0,0.0,0.0,,,0.0,0.0,0.0,27.0,6.0,41.0,76.0,70.0,-6.0,False,60.0,,False,2026-07-11 06:00,2026-07-11,6,5,True,NIGHT,0.0,
1783746000000,0.0,0.0,0.0,0.0,0.0,0.0,,,0.0,0.0,0.0,23.083333333333332,12.0,26.0,70.0,68.0,-2.0,False,60.0,,False,2026-07-11 07:00,2026-07-11,7,5,True,MORNING,0.0,
1783749600000,0.0,0.0,0.0,0.0,0.0,0.0,,,0.0,0.0,0.0,29.77777777777778,9.0,46.0,68.0,62.0,-6.0,False,60.0,,False,2026-07-11 08:00,2026-07-11,8,5,True,MORNING,0.0,
1783753200000,0.0,0.0,0.0,0.0,0.0,0.0,,,0.0,0.0,0.0,30.333333333333332,12.0,40.0,62.0,58.0,-4.0,False,60.0,,False,2026-07-11 09:00,2026-07-11,9,5,True,MORNING,0.0,
1783756800000,0.0,0.0,0.0,0.0,0.0,0.0,,,0.0,0.0,0.0,32.416666666666664,12.0,45.0,58.0,53.0,-5.0,False,60.0,,False,2026-07-11 10:00,2026-07-11,10,5,True,MORNING,0.0,
1783760400000,0.0,0.0,0.0,0.0,0.0,0.0,,,0.0,0.0,0.0,31.636363636363637,11.0,40.0,53.0,49.0,-4.0,False,60.0,,False,2026-07-11 11:00,2026-07-11,11,5,True,MORNING,0.0,
1783764000000,0.0,0.0,0.0,0.0,0.0,0.0,,,0.0,0.0,0.0,37.5,12.0,44.0,48.0,45.0,-3.0,False,60.0,,False,2026-07-11 12:00,2026-07-11,12,5,True,MORNING,0.0,
1783767600000,0.0,0.0,0.0,0.0,0.0,0.0,,,0.0,0.0,0.0,36.111111111111114,9.0,42.0,44.0,41.0,-3.0,False,60.0,,False,2026-07-11 13:00,2026-07-11,13,5,True,AFTERNOON,0.0,
1783771200000,0.0,0.0,0.0,0.0,0.0,0.0,,,0.0,0.0,0.0,54.666666666666664,9.0,91.0,40.0,36.0,-4.0,False,60.0,,False,2026-07-11 14:00,2026-07-11,14,5,True,AFTERNOON,0.0,
1783774800000,0.0,0.0,0.0,0.0,0.0,0.0,,,0.0,0.0,0.0,73.0,3.0,91.0,35.0,30.0,-5.0,False,60.0,,True,2026-07-11 15:00,2026-07-11,15,5,True,AFTERNOON,0.0,
1783778400000,0.0,0.0,0.0,0.0,0.0,0.0,,,0.0,0.0,0.0,65.5,2.0,70.0,30.0,27.0,-3.0,False,60.0,,False,2026-07-11 16:00,2026-07-11,16,5,True,AFTERNOON,0.0,
1783800000000,0.0,0.0,0.0,0.0,0.0,0.0,,,0.0,0.0,0.0,71.0,1.0,71.0,9.0,9.0,0.0,False,60.0,,False,2026-07-11 22:00,2026-07-11,22,5,True,EVENING,0.0,
1783803600000,3.0,3.0,62.0,9.0,1610.0,131.0,0.5410405432079812,17.88888888888889,0.0,0.0,0.0,76.81818181818181,11.0,91.0,8.0,5.0,-3.0,True,58.47651666666667,1.5234833333333313,False,2026-07-11 23:00,2026-07-11,23,5,True,EVENING,3.0,1.9691715257797398
1783807200000,32.0,14.0,98.0,127.0,13799.0,105.0,0.14158544032086526,32.8547619047619,1.0,1.0,1.0,52.333333333333336,12.0,62.0,5.0,5.0,0.0,True,54.959983333333334,5.040016666666666,False,2026-07-12 00:00,2026-07-12,0,6,True,EVENING,33.0,6.547597395511259
1783810800000,0.0,3.0,7.0,4.0,372.0,0.0,0.057810708821442736,4.133333333333334,10.0,5.0,4.0,42.72727272727273,11.0,63.0,5.0,5.0,0.0,True,46.00815,13.99185,False,2026-07-12 01:00,2026-07-12,1,6,True,EVENING,10.0,0.7147017728177475
1783814400000,0.0,0.0,0.0,0.0,0.0,0.0,,,0.0,0.0,0.0,15.166666666666666,12.0,18.0,5.0,5.0,0.0,False,0.0,,False,2026-07-12 02:00,2026-07-12,2,6,True,EVENING,0.0,
1783818000000,0.0,0.0,0.0,0.0,0.0,0.0,,,0.0,0.0,0.0,12.833333333333334,12.0,32.0,6.0,17.0,11.0,False,0.0,,False,2026-07-12 03:00,2026-07-12,3,6,True,NIGHT,0.0,
1783821600000,0.0,0.0,0.0,0.0,0.0,0.0,,,0.0,0.0,0.0,7.166666666666667,12.0,12.0,18.0,35.0,17.0,False,0.0,,False,2026-07-12 04:00,2026-07-12,4,6,True,NIGHT,0.0,
1783825200000,0.0,0.0,0.0,0.0,0.0,0.0,,,0.0,0.0,0.0,7.083333333333333,12.0,15.0,37.0,51.0,14.0,False,39.15903333333333,,False,2026-07-12 05:00,2026-07-12,5,6,True,NIGHT,0.0,
1783828800000,0.0,0.0,0.0,0.0,0.0,0.0,,,0.0,0.0,0.0,5.416666666666667,12.0,9.0,52.0,66.0,14.0,False,60.0,,False,2026-07-12 06:00,2026-07-12,6,6,True,NIGHT,0.0,
1783832400000,0.0,0.0,0.0,0.0,0.0,0.0,,,0.0,0.0,0.0,8.083333333333334,12.0,10.0,68.0,77.0,9.0,False,60.0,,False,2026-07-12 07:00,2026-07-12,7,6,True,MORNING,0.0,
1783836000000,0.0,0.0,0.0,0.0,0.0,0.0,,,0.0,0.0,0.0,8.333333333333334,12.0,12.0,78.0,86.0,8.0,False,60.0,,False,2026-07-12 08:00,2026-07-12,8,6,True,MORNING,0.0,
1783839600000,0.0,0.0,0.0,0.0,0.0,0.0,,,0.0,0.0,0.0,9.083333333333334,12.0,12.0,86.0,94.0,8.0,False,60.0,,False,2026-07-12 09:00,2026-07-12,9,6,True,MORNING,0.0,
1783843200000,0.0,0.0,0.0,0.0,0.0,0.0,,,0.0,0.0,0.0,13.166666666666666,12.0,18.0,94.0,94.0,0.0,False,60.0,,False,2026-07-12 10:00,2026-07-12,10,6,True,MORNING,0.0,
1783846800000,0.0,0.0,0.0,0.0,0.0,0.0,,,0.0,0.0,0.0,29.3,10.0,81.0,94.0,89.0,-5.0,False,60.0,,False,2026-07-12 11:00,2026-07-12,11,6,True,MORNING,0.0,
1783850400000,0.0,0.0,0.0,0.0,0.0,0.0,,,0.0,0.0,0.0,55.44444444444444,9.0,68.0,88.0,78.0,-10.0,False,60.0,,False,2026-07-12 12:00,2026-07-12,12,6,True,MORNING,0.0,
1783854000000,0.0,0.0,0.0,0.0,0.0,0.0,,,0.0,0.0,0.0,49.6,5.0,61.0,78.0,70.0,-8.0,False,60.0,,False,2026-07-12 13:00,2026-07-12,13,6,True,AFTERNOON,0.0,
1783857600000,0.0,0.0,0.0,0.0,0.0,0.0,,,0.0,0.0,0.0,61.888888888888886,9.0,97.0,70.0,62.0,-8.0,False,60.0,,False,2026-07-12 14:00,2026-07-12,14,6,True,AFTERNOON,0.0,
1783861200000,0.0,0.0,0.0,0.0,0.0,0.0,,,0.0,0.0,0.0,,0.0,,62.0,54.0,-8.0,False,60.0,,True,2026-07-12 15:00,2026-07-12,15,6,True,AFTERNOON,0.0,
1783864800000,0.0,0.0,0.0,0.0,0.0,0.0,,,0.0,0.0,0.0,96.5,2.0,97.0,53.0,49.0,-4.0,False,60.0,,True,2026-07-12 16:00,2026-07-12,16,6,True,AFTERNOON,0.0,
1783868400000,0.0,0.0,0.0,0.0,0.0,0.0,,,0.0,0.0,0.0,,0.0,,48.0,45.0,-3.0,False,60.0,,True,2026-07-12 17:00,2026-07-12,17,6,True,AFTERNOON,0.0,
1783872000000,0.0,0.0,0.0,0.0,0.0,0.0,,,0.0,0.0,0.0,91.66666666666667,3.0,97.0,44.0,40.0,-4.0,False,60.0,,False,2026-07-12 18:00,2026-07-12,18,6,True,AFTERNOON,0.0,
1783875600000,0.0,0.0,0.0,0.0,0.0,0.0,,,0.0,0.0,0.0,95.33333333333333,3.0,99.0,40.0,34.0,-6.0,False,60.0,,False,2026-07-12 19:00,2026-07-12,19,6,True,EVENING,0.0,
1783879200000,0.0,0.0,0.0,0.0,0.0,0.0,,,0.0,0.0,0.0,82.5,4.0,90.0,34.0,31.0,-3.0,False,60.0,,False,2026-07-12 20:00,2026-07-12,20,6,True,EVENING,0.0,
1783882800000,0.0,0.0,0.0,0.0,0.0,0.0,,,0.0,0.0,0.0,,0.0,,31.0,28.0,-3.0,False,60.0,,True,2026-07-12 21:00,2026-07-12,21,6,True,EVENING,0.0,
1783886400000,0.0,0.0,0.0,0.0,0.0,0.0,,,0.0,0.0,0.0,90.83333333333333,6.0,98.0,28.0,24.0,-4.0,False,60.0,,False,2026-07-12 22:00,2026-07-12,22,6,True,EVENING,0.0,
1783890000000,0.0,0.0,0.0,0.0,0.0,0.0,,,0.0,0.0,0.0,92.0,10.0,99.0,24.0,18.0,-6.0,False,60.0,,False,2026-07-12 23:00,2026-07-12,23,6,True,EVENING,0.0,
1783893600000,0.0,0.0,0.0,0.0,0.0,0.0,,,0.0,0.0,0.0,81.33333333333333,6.0,99.0,18.0,14.0,-4.0,False,60.0,,False,2026-07-13 00:00,2026-07-13,0,0,False,EVENING,0.0,
1783897200000,0.0,0.0,0.0,0.0,0.0,0.0,,,0.0,0.0,0.0,94.0,1.0,94.0,14.0,11.0,-3.0,False,60.0,,False,2026-07-13 01:00,2026-07-13,1,0,False,EVENING,0.0,
1783900800000,0.0,0.0,0.0,0.0,0.0,0.0,,,0.0,0.0,0.0,,0.0,,10.0,7.0,-3.0,False,60.0,,False,2026-07-13 02:00,2026-07-13,2,0,False,EVENING,0.0,
1783904400000,0.0,0.0,0.0,0.0,0.0,0.0,,,0.0,0.0,0.0,,0.0,,7.0,6.0,-1.0,False,60.0,,False,2026-07-13 03:00,2026-07-13,3,0,False,NIGHT,0.0,
1783908000000,0.0,0.0,0.0,0.0,0.0,0.0,,,0.0,0.0,0.0,,0.0,,6.0,8.0,2.0,False,60.0,,False,2026-07-13 04:00,2026-07-13,4,0,False,NIGHT,0.0,
1783911600000,0.0,0.0,0.0,0.0,0.0,0.0,,,0.0,0.0,0.0,,0.0,,8.0,11.0,3.0,False,60.0,,False,2026-07-13 05:00,2026-07-13,5,0,False,NIGHT,0.0,
1783915200000,0.0,0.0,0.0,0.0,0.0,0.0,,,0.0,0.0,0.0,,0.0,,12.0,15.0,3.0,False,60.0,,False,2026-07-13 06:00,2026-07-13,6,0,False,NIGHT,0.0,
1783918800000,0.0,0.0,0.0,0.0,0.0,0.0,,,0.0,0.0,0.0,,0.0,,16.0,19.0,3.0,False,60.0,,False,2026-07-13 07:00,2026-07-13,7,0,False,MORNING,0.0,
1783922400000,0.0,0.0,0.0,0.0,0.0,0.0,,,0.0,0.0,0.0,10.166666666666666,12.0,18.0,53.0,64.0,11.0,False,60.0,,False,2026-07-13 08:00,2026-07-13,8,0,False,MORNING,0.0,
1783926000000,0.0,0.0,0.0,0.0,0.0,0.0,,,0.0,0.0,0.0,11.916666666666666,12.0,15.0,64.0,73.0,9.0,False,60.0,,False,2026-07-13 09:00,2026-07-13,9,0,False,MORNING,0.0,
1783929600000,45.0,17.0,509.0,77.0,7660.0,302.0,0.4417321533395635,15.019607843137255,0.0,0.0,0.0,26.625,8.0,41.0,73.0,71.0,-2.0,True,45.752833333333335,14.247166666666665,False,2026-07-13 10:00,2026-07-13,10,0,False,MORNING,45.0,3.1585227472128965
1783933200000,6.0,4.0,49.0,21.0,2531.0,224.0,0.3860922253829726,21.091666666666665,2.0,2.0,2.0,77.0,9.0,97.0,70.0,62.0,-8.0,True,58.35841666666666,1.6415833333333367,False,2026-07-13 11:00,2026-07-13,11,0,False,MORNING,8.0,4.873343824559612
1783936800000,64.0,25.0,428.0,117.0,14033.0,2159.0,0.408577416996893,18.71066666666667,1.0,1.0,1.0,64.0909090909091,11.0,82.0,62.0,55.0,-7.0,True,49.940216666666664,10.059783333333336,False,2026-07-13 12:00,2026-07-13,12,0,False,MORNING,65.0,6.461371765793497
1783940400000,322.0,26.0,415.0,72.0,7846.0,4650.0,0.5177460464968908,10.058974358974359,2.0,2.0,1.0,79.18181818181819,11.0,95.0,54.0,47.0,-7.0,True,50.65846666666667,9.34153333333333,False,2026-07-13 13:00,2026-07-13,13,0,False,AFTERNOON,324.0,34.68381350670483
1783944000000,0.0,0.0,0.0,0.0,0.0,0.0,,,0.0,0.0,0.0,89.5,2.0,91.0,46.0,42.0,-4.0,False,60.0,,False,2026-07-13 14:00,2026-07-13,14,0,False,AFTERNOON,0.0,
1783947600000,0.0,0.0,0.0,0.0,0.0,0.0,,,0.0,0.0,0.0,82.66666666666667,3.0,85.0,42.0,38.0,-4.0,False,60.0,,True,2026-07-13 15:00,2026-07-13,15,0,False,AFTERNOON,0.0,
1783951200000,0.0,0.0,0.0,0.0,0.0,0.0,,,0.0,0.0,0.0,82.0,1.0,82.0,38.0,36.0,-2.0,False,60.0,,True,2026-07-13 16:00,2026-07-13,16,0,False,AFTERNOON,0.0,
1783954800000,0.0,0.0,0.0,0.0,0.0,0.0,,,0.0,0.0,0.0,66.71428571428571,7.0,72.0,35.0,30.0,-5.0,False,60.0,,False,2026-07-13 17:00,2026-07-13,17,0,False,AFTERNOON,0.0,
1783958400000,0.0,0.0,0.0,0.0,0.0,0.0,,,0.0,0.0,0.0,66.83333333333333,6.0,78.0,30.0,26.0,-4.0,False,60.0,,False,2026-07-13 18:00,2026-07-13,18,0,False,AFTERNOON,0.0,
1783962000000,0.0,0.0,0.0,0.0,0.0,0.0,,,0.0,0.0,0.0,64.08333333333333,12.0,80.0,26.0,22.0,-4.0,False,60.0,,False,2026-07-13 19:00,2026-07-13,19,0,False,EVENING,0.0,
1783965600000,0.0,0.0,0.0,0.0,0.0,0.0,,,0.0,0.0,0.0,72.14285714285714,7.0,85.0,22.0,19.0,-3.0,False,60.0,,False,2026-07-13 20:00,2026-07-13,20,0,False,EVENING,0.0,
1783969200000,0.0,0.0,0.0,0.0,0.0,0.0,,,0.0,0.0,0.0,80.25,8.0,93.0,18.0,14.0,-4.0,False,60.0,,False,2026-07-13 21:00,2026-07-13,21,0,False,EVENING,0.0,
1783972800000,0.0,0.0,0.0,0.0,0.0,0.0,,,0.0,0.0,0.0,74.27272727272727,11.0,81.0,14.0,10.0,-4.0,False,60.0,,False,2026-07-13 22:00,2026-07-13,22,0,False,EVENING,0.0,
1783976400000,0.0,0.0,0.0,0.0,0.0,0.0,,,0.0,0.0,0.0,79.8,5.0,91.0,10.0,7.0,-3.0,False,60.0,,False,2026-07-13 23:00,2026-07-13,23,0,False,EVENING,0.0,
1783980000000,0.0,0.0,0.0,0.0,0.0,0.0,,,0.0,0.0,0.0,84.5,6.0,98.0,7.0,5.0,-2.0,False,60.0,,False,2026-07-14 00:00,2026-07-14,0,1,False,EVENING,0.0,
1783983600000,0.0,0.0,0.0,0.0,0.0,0.0,,,0.0,0.0,0.0,49.18181818181818,11.0,97.0,5.0,5.0,0.0,False,60.0,,False,2026-07-14 01:00,2026-07-14,1,1,False,EVENING,0.0,
1783987200000,0.0,0.0,0.0,0.0,0.0,0.0,,,0.0,0.0,0.0,22.583333333333332,12.0,31.0,5.0,8.0,3.0,False,60.0,,False,2026-07-14 02:00,2026-07-14,2,1,False,EVENING,0.0,
1783990800000,0.0,0.0,0.0,0.0,0.0,0.0,,,0.0,0.0,0.0,12.5,12.0,20.0,8.0,20.0,12.0,False,60.0,,False,2026-07-14 03:00,2026-07-14,3,1,False,NIGHT,0.0,
1783994400000,0.0,0.0,0.0,0.0,0.0,0.0,,,0.0,0.0,0.0,10.166666666666666,12.0,18.0,20.0,33.0,13.0,False,60.0,,False,2026-07-14 04:00,2026-07-14,4,1,False,NIGHT,0.0,
1783998000000,0.0,0.0,0.0,0.0,0.0,0.0,,,0.0,0.0,0.0,10.083333333333334,12.0,18.0,34.0,44.0,10.0,False,60.0,,False,2026-07-14 05:00,2026-07-14,5,1,False,NIGHT,0.0,
1784001600000,0.0,0.0,0.0,0.0,0.0,0.0,,,0.0,0.0,0.0,9.166666666666666,12.0,18.0,46.0,56.0,10.0,False,60.0,,False,2026-07-14 06:00,2026-07-14,6,1,False,NIGHT,0.0,
1784005200000,0.0,0.0,0.0,0.0,0.0,0.0,,,0.0,0.0,0.0,8.166666666666666,12.0,16.0,57.0,68.0,11.0,False,60.0,,False,2026-07-14 07:00,2026-07-14,7,1,False,MORNING,0.0,
1784008800000,0.0,0.0,0.0,0.0,0.0,0.0,,,0.0,0.0,0.0,8.083333333333334,12.0,12.0,69.0,76.0,7.0,False,60.0,,False,2026-07-14 08:00,2026-07-14,8,1,False,MORNING,0.0,
1784012400000,0.0,0.0,0.0,0.0,0.0,0.0,,,0.0,0.0,0.0,9.583333333333334,12.0,14.0,76.0,81.0,5.0,False,60.0,,False,2026-07-14 09:00,2026-07-14,9,1,False,MORNING,0.0,
1784016000000,0.0,0.0,0.0,0.0,0.0,0.0,,,0.0,0.0,0.0,40.5,4.0,55.0,81.0,75.0,-6.0,False,60.0,,False,2026-07-14 10:00,2026-07-14,10,1,False,MORNING,0.0,
1784019600000,0.0,0.0,0.0,0.0,0.0,0.0,,,0.0,0.0,0.0,57.333333333333336,6.0,82.0,74.0,66.0,-8.0,False,60.0,,False,2026-07-14 11:00,2026-07-14,11,1,False,MORNING,0.0,
1784023200000,0.0,0.0,0.0,0.0,0.0,0.0,,,0.0,0.0,0.0,56.0,10.0,71.0,66.0,58.0,-8.0,False,60.0,,False,2026-07-14 12:00,2026-07-14,12,1,False,MORNING,0.0,
1784026800000,78.0,59.0,393.0,198.0,36746.0,4734.0,0.3413826019923286,20.760451977401132,16.0,7.0,7.0,45.8,10.0,58.0,58.0,52.0,-6.0,True,27.194716666666668,32.805283333333335,False,2026-07-14 13:00,2026-07-14,13,1,False,AFTERNOON,94.0,2.865392109096248
1784030400000,3.0,22.0,13.0,15.0,8190.0,2638.0,0.5058604605664097,12.409090909090908,4.0,2.0,2.0,42.166666666666664,6.0,49.0,52.0,48.0,-4.0,True,14.8577,45.1423,False,2026-07-14 14:00,2026-07-14,14,1,False,AFTERNOON,7.0,0.1550652049186683
1784034000000,0.0,0.0,0.0,0.0,0.0,0.0,,,0.0,0.0,0.0,,0.0,,48.0,44.0,-4.0,False,0.0,,True,2026-07-14 15:00,2026-07-14,15,1,False,AFTERNOON,0.0,
1784037600000,0.0,0.0,0.0,0.0,0.0,0.0,,,0.0,0.0,0.0,80.75,4.0,88.0,44.0,39.0,-5.0,False,0.0,,False,2026-07-14 16:00,2026-07-14,16,1,False,AFTERNOON,0.0,
1784041200000,0.0,0.0,0.0,0.0,0.0,0.0,,,0.0,0.0,0.0,,0.0,,39.0,34.0,-5.0,False,2.5725,,False,2026-07-14 17:00,2026-07-14,17,1,False,AFTERNOON,0.0,
1784044800000,0.0,0.0,0.0,0.0,0.0,0.0,,,0.0,0.0,0.0,71.2,5.0,93.0,34.0,29.0,-5.0,False,60.0,,False,2026-07-14 18:00,2026-07-14,18,1,False,AFTERNOON,0.0,
1784048400000,0.0,0.0,0.0,0.0,0.0,0.0,,,0.0,0.0,0.0,93.0,4.0,98.0,29.0,26.0,-3.0,False,60.0,,False,2026-07-14 19:00,2026-07-14,19,1,False,EVENING,0.0,
1784052000000,14.0,21.0,273.0,71.0,6736.0,1771.0,0.33819601082967676,10.692063492063491,0.0,0.0,0.0,93.2,5.0,98.0,25.0,21.0,-4.0,True,42.78256666666667,17.217433333333332,False,2026-07-14 20:00,2026-07-14,20,1,False,EVENING,14.0,0.8131293282196533
1784055600000,0.0,0.0,0.0,0.0,0.0,0.0,,,0.0,0.0,0.0,90.0,12.0,94.0,20.0,15.0,-5.0,False,58.369566666666664,,False,2026-07-14 21:00,2026-07-14,21,1,False,EVENING,0.0,
1784059200000,0.0,6.0,1.0,10.0,2110.0,0.0,0.030982216116033745,11.722222222222223,0.0,0.0,0.0,90.83333333333333,12.0,96.0,14.0,9.0,-5.0,True,57.6133,2.3866999999999976,False,2026-07-14 22:00,2026-07-14,22,1,False,EVENING,0.0,0.0
1784062800000,0.0,0.0,0.0,0.0,0.0,0.0,,,0.0,0.0,0.0,78.85714285714286,7.0,88.0,9.0,5.0,-4.0,False,60.00001666666667,,False,2026-07-14 23:00,2026-07-14,23,1,False,EVENING,0.0,
1784066400000,0.0,0.0,0.0,0.0,0.0,0.0,,,0.0,0.0,0.0,55.416666666666664,12.0,75.0,5.0,5.0,0.0,False,60.0,,False,2026-07-15 00:00,2026-07-15,0,2,False,EVENING,0.0,
1784070000000,0.0,0.0,0.0,0.0,0.0,0.0,,,0.0,0.0,0.0,26.7,10.0,58.0,5.0,5.0,0.0,False,60.0,,False,2026-07-15 01:00,2026-07-15,1,2,False,EVENING,0.0,
1784073600000,0.0,0.0,0.0,0.0,0.0,0.0,,,0.0,0.0,0.0,14.083333333333334,12.0,18.0,5.0,12.0,7.0,False,60.0,,False,2026-07-15 02:00,2026-07-15,2,2,False,EVENING,0.0,
1784077200000,0.0,0.0,0.0,0.0,0.0,0.0,,,0.0,0.0,0.0,12.333333333333334,12.0,20.0,12.0,25.0,13.0,False,60.0,,False,2026-07-15 03:00,2026-07-15,3,2,False,NIGHT,0.0,
1784080800000,0.0,0.0,0.0,0.0,0.0,0.0,,,0.0,0.0,0.0,9.583333333333334,12.0,15.0,26.0,40.0,14.0,False,60.0,,False,2026-07-15 04:00,2026-07-15,4,2,False,NIGHT,0.0,
1784084400000,0.0,0.0,0.0,0.0,0.0,0.0,,,0.0,0.0,0.0,9.0,12.0,16.0,40.0,52.0,12.0,False,60.0,,False,2026-07-15 05:00,2026-07-15,5,2,False,NIGHT,0.0,
1784088000000,0.0,0.0,0.0,0.0,0.0,0.0,,,0.0,0.0,0.0,9.25,12.0,16.0,52.0,63.0,11.0,False,60.0,,False,2026-07-15 06:00,2026-07-15,6,2,False,NIGHT,0.0,
1784091600000,0.0,0.0,0.0,0.0,0.0,0.0,,,0.0,0.0,0.0,9.583333333333334,12.0,13.0,64.0,73.0,9.0,False,60.0,,False,2026-07-15 07:00,2026-07-15,7,2,False,MORNING,0.0,
1784095200000,0.0,0.0,0.0,0.0,0.0,0.0,,,0.0,0.0,0.0,10.166666666666666,12.0,16.0,74.0,81.0,7.0,False,60.0,,False,2026-07-15 08:00,2026-07-15,8,2,False,MORNING,0.0,
1784098800000,0.0,0.0,0.0,0.0,0.0,0.0,,,0.0,0.0,0.0,12.75,12.0,14.0,82.0,88.0,6.0,False,60.0,,False,2026-07-15 09:00,2026-07-15,9,2,False,MORNING,0.0,
1784102400000,0.0,0.0,0.0,0.0,0.0,0.0,,,0.0,0.0,0.0,12.583333333333334,12.0,18.0,88.0,91.0,3.0,False,60.0,,False,2026-07-15 10:00,2026-07-15,10,2,False,MORNING,0.0,
1784106000000,0.0,0.0,0.0,0.0,0.0,0.0,,,0.0,0.0,0.0,26.09090909090909,11.0,50.0,91.0,87.0,-4.0,False,60.0,,False,2026-07-15 11:00,2026-07-15,11,2,False,MORNING,0.0,
1784109600000,61.0,22.0,122.0,123.0,17416.0,3490.0,0.5112328901593968,26.387878787878787,11.0,3.0,4.0,52.714285714285715,7.0,62.0,86.0,78.0,-8.0,True,18.683566666666668,41.316433333333336,False,2026-07-15 12:00,2026-07-15,12,2,False,MORNING,72.0,1.7426480020459978
1784113200000,133.0,47.0,436.0,360.0,35879.0,11887.0,0.6022993130417511,25.44609929078014,7.0,3.0,2.0,53.5,8.0,91.0,78.0,71.0,-7.0,True,29.060383333333334,30.939616666666666,False,2026-07-15 13:00,2026-07-15,13,2,False,AFTERNOON,140.0,4.524942939930844
1784116800000,298.0,113.0,2317.0,910.0,98553.0,21138.0,0.6607309874098323,29.071681415929206,123.0,22.0,9.0,41.09090909090909,11.0,47.0,70.0,64.0,-6.0,True,2.3476,57.6524,False,2026-07-15 14:00,2026-07-15,14,2,False,AFTERNOON,421.0,7.3023846361990135
1784120400000,80.0,40.0,129.0,96.0,13391.0,3684.0,0.3402409025569513,11.159166666666666,21.0,6.0,5.0,38.36363636363637,11.0,52.0,64.0,59.0,-5.0,True,34.08923333333333,25.910766666666667,False,2026-07-15 15:00,2026-07-15,15,2,False,AFTERNOON,101.0,3.8979934981983035
1784124000000,2.0,1.0,1.0,1.0,77.0,517.0,0.5903243144448317,2.566666666666667,1.0,1.0,1.0,54.77777777777778,9.0,72.0,59.0,53.0,-6.0,True,11.826066666666666,48.17393333333334,False,2026-07-15 16:00,2026-07-15,16,2,False,AFTERNOON,3.0,0.06227434200238303
1784127600000,0.0,0.0,0.0,0.0,0.0,0.0,,,0.0,0.0,0.0,56.666666666666664,12.0,83.0,53.0,47.0,-6.0,False,0.0,,False,2026-07-15 17:00,2026-07-15,17,2,False,AFTERNOON,0.0,
1784131200000,37.0,24.0,511.0,40.0,4893.0,3125.0,0.515470642247129,6.795833333333333,2.0,1.0,1.0,83.0,9.0,97.0,47.0,40.0,-7.0,True,0.0,60.0,False,2026-07-15 18:00,2026-07-15,18,2,False,AFTERNOON,39.0,0.65
1784134800000,42.0,22.0,366.0,94.0,10955.0,6012.0,0.8551870415138417,16.598484848484848,3.0,3.0,3.0,72.2,10.0,84.0,40.0,34.0,-6.0,True,0.0,60.0,False,2026-07-15 19:00,2026-07-15,19,2,False,EVENING,45.0,0.75
1784138400000,3.0,6.0,34.0,17.0,2217.0,17.0,0.28096671159499736,12.316666666666666,5.0,4.0,3.0,80.44444444444444,9.0,91.0,34.0,28.0,-6.0,True,25.19435,34.80565,False,2026-07-15 20:00,2026-07-15,20,2,False,EVENING,8.0,0.22984774023757637
1784142000000,0.0,2.0,5.0,3.0,377.0,0.0,0.10910791042202114,6.283333333333333,0.0,0.0,0.0,68.91666666666667,12.0,85.0,28.0,24.0,-4.0,True,59.82355,0.17645000000000266,False,2026-07-15 21:00,2026-07-15,21,2,False,EVENING,0.0,0.0
1784145600000,0.0,3.0,0.0,2.0,665.0,0.0,0.03851302861071615,7.388888888888888,0.0,0.0,0.0,68.66666666666667,12.0,84.0,24.0,19.0,-5.0,True,59.13941666666667,0.8605833333333308,False,2026-07-15 22:00,2026-07-15,22,2,False,EVENING,0.0,0.0
1784149200000,0.0,0.0,0.0,0.0,0.0,0.0,,,0.0,0.0,0.0,71.5,4.0,98.0,19.0,16.0,-3.0,False,60.0,,False,2026-07-15 23:00,2026-07-15,23,2,False,EVENING,0.0,
1784152800000,0.0,0.0,0.0,0.0,0.0,0.0,,,0.0,0.0,0.0,72.85714285714286,7.0,85.0,16.0,12.0,-4.0,False,60.0,,False,2026-07-16 00:00,2026-07-16,0,3,False,EVENING,0.0,
1784156400000,0.0,0.0,0.0,0.0,0.0,0.0,,,0.0,0.0,0.0,26.083333333333332,12.0,48.0,12.0,13.0,1.0,False,60.0,,False,2026-07-16 01:00,2026-07-16,1,3,False,EVENING,0.0,
1784160000000,0.0,0.0,0.0,0.0,0.0,0.0,,,0.0,0.0,0.0,14.583333333333334,12.0,18.0,14.0,22.0,8.0,False,60.0,,False,2026-07-16 02:00,2026-07-16,2,3,False,EVENING,0.0,
1784163600000,0.0,0.0,0.0,0.0,0.0,0.0,,,0.0,0.0,0.0,9.083333333333334,12.0,13.0,23.0,37.0,14.0,False,60.0,,False,2026-07-16 03:00,2026-07-16,3,3,False,NIGHT,0.0,
1784167200000,0.0,0.0,0.0,0.0,0.0,0.0,,,0.0,0.0,0.0,9.5,12.0,14.0,38.0,51.0,13.0,False,60.0,,False,2026-07-16 04:00,2026-07-16,4,3,False,NIGHT,0.0,
1784170800000,0.0,0.0,0.0,0.0,0.0,0.0,,,0.0,0.0,0.0,5.583333333333333,12.0,10.0,52.0,64.0,12.0,False,60.0,,False,2026-07-16 05:00,2026-07-16,5,3,False,NIGHT,0.0,
1784174400000,0.0,0.0,0.0,0.0,0.0,0.0,,,0.0,0.0,0.0,5.0,12.0,10.0,65.0,76.0,11.0,False,60.0,,False,2026-07-16 06:00,2026-07-16,6,3,False,NIGHT,0.0,
1784178000000,0.0,0.0,0.0,0.0,0.0,0.0,,,0.0,0.0,0.0,7.166666666666667,12.0,11.0,78.0,87.0,9.0,False,60.0,,False,2026-07-16 07:00,2026-07-16,7,3,False,MORNING,0.0,
1784181600000,0.0,0.0,0.0,0.0,0.0,0.0,,,0.0,0.0,0.0,28.5,8.0,55.0,87.0,80.0,-7.0,False,60.0,,False,2026-07-16 08:00,2026-07-16,8,3,False,MORNING,0.0,
1784185200000,0.0,0.0,0.0,0.0,0.0,0.0,,,0.0,0.0,0.0,9.166666666666666,12.0,20.0,80.0,86.0,6.0,False,60.0,,False,2026-07-16 09:00,2026-07-16,9,3,False,MORNING,0.0,
1784188800000,0.0,0.0,0.0,0.0,0.0,0.0,,,0.0,0.0,0.0,10.833333333333334,12.0,16.0,86.0,93.0,7.0,False,60.0,,False,2026-07-16 10:00,2026-07-16,10,3,False,MORNING,0.0,
1784192400000,0.0,0.0,0.0,0.0,0.0,0.0,,,0.0,0.0,0.0,16.8,10.0,29.0,93.0,95.0,2.0,False,60.0,,False,2026-07-16 11:00,2026-07-16,11,3,False,MORNING,0.0,
1784196000000,0.0,0.0,0.0,0.0,0.0,0.0,,,0.0,0.0,0.0,56.9,10.0,72.0,94.0,84.0,-10.0,False,60.0,,False,2026-07-16 12:00,2026-07-16,12,3,False,MORNING,0.0,
1784199600000,0.0,0.0,0.0,0.0,0.0,0.0,,,0.0,0.0,0.0,63.0,2.0,68.0,84.0,74.0,-10.0,False,60.0,,True,2026-07-16 13:00,2026-07-16,13,3,False,AFTERNOON,0.0,
1784203200000,0.0,0.0,0.0,0.0,0.0,0.0,,,0.0,0.0,0.0,,0.0,,74.0,69.0,-5.0,False,60.0,,True,2026-07-16 14:00,2026-07-16,14,3,False,AFTERNOON,0.0,
1784206800000,0.0,0.0,0.0,0.0,0.0,0.0,,,0.0,0.0,0.0,48.0,4.0,56.0,68.0,64.0,-4.0,False,60.0,,True,2026-07-16 15:00,2026-07-16,15,3,False,AFTERNOON,0.0,
1784210400000,0.0,0.0,0.0,0.0,0.0,0.0,,,0.0,0.0,0.0,70.72727272727273,11.0,93.0,64.0,56.0,-8.0,False,60.0,,False,2026-07-16 16:00,2026-07-16,16,3,False,AFTERNOON,0.0,
1784214000000,0.0,0.0,0.0,0.0,0.0,0.0,,,0.0,0.0,0.0,79.75,4.0,88.0,55.0,48.0,-7.0,False,35.87436666666667,,True,2026-07-16 17:00,2026-07-16,17,3,False,AFTERNOON,0.0,
1784217600000,0.0,1.0,14.0,1.0,88.0,0.0,0.6502582810775037,2.933333333333333,0.0,0.0,0.0,,0.0,,47.0,39.0,-8.0,True,51.148516666666666,8.851483333333334,True,2026-07-16 18:00,2026-07-16,18,3,False,AFTERNOON,0.0,0.0
1784221200000,0.0,0.0,0.0,0.0,0.0,0.0,,,0.0,0.0,0.0,,0.0,,39.0,36.0,-3.0,False,59.99998333333333,,True,2026-07-16 19:00,2026-07-16,19,3,False,EVENING,0.0,
1784224800000,0.0,0.0,0.0,0.0,0.0,0.0,,,0.0,0.0,0.0,76.5,2.0,77.0,36.0,32.0,-4.0,False,60.0,,False,2026-07-16 20:00,2026-07-16,20,3,False,EVENING,0.0,
1784228400000,0.0,0.0,0.0,0.0,0.0,0.0,,,0.0,0.0,0.0,89.25,4.0,91.0,31.0,28.0,-3.0,False,60.0,,False,2026-07-16 21:00,2026-07-16,21,3,False,EVENING,0.0,
1784232000000,0.0,0.0,0.0,0.0,0.0,0.0,,,0.0,0.0,0.0,76.4,5.0,85.0,28.0,24.0,-4.0,False,60.0,,False,2026-07-16 22:00,2026-07-16,22,3,False,EVENING,0.0,
1784235600000,0.0,0.0,0.0,0.0,0.0,0.0,,,0.0,0.0,0.0,65.1,10.0,96.0,24.0,21.0,-3.0,False,60.0,,False,2026-07-16 23:00,2026-07-16,23,3,False,EVENING,0.0,
1784239200000,0.0,0.0,0.0,0.0,0.0,0.0,,,0.0,0.0,0.0,67.66666666666667,9.0,97.0,20.0,16.0,-4.0,False,60.0,,False,2026-07-17 00:00,2026-07-17,0,4,False,EVENING,0.0,
1784242800000,0.0,0.0,0.0,0.0,0.0,0.0,,,0.0,0.0,0.0,76.2,10.0,96.0,16.0,13.0,-3.0,False,60.0,,False,2026-07-17 01:00,2026-07-17,1,4,False,EVENING,0.0,
1784246400000,0.0,0.0,0.0,0.0,0.0,0.0,,,0.0,0.0,0.0,49.8,10.0,68.0,12.0,11.0,-1.0,False,60.0,,False,2026-07-17 02:00,2026-07-17,2,4,False,EVENING,0.0,
1784250000000,0.0,0.0,0.0,0.0,0.0,0.0,,,0.0,0.0,0.0,21.083333333333332,12.0,30.0,11.0,18.0,7.0,False,60.0,,False,2026-07-17 03:00,2026-07-17,3,4,False,NIGHT,0.0,
1784253600000,0.0,0.0,0.0,0.0,0.0,0.0,,,0.0,0.0,0.0,13.333333333333334,12.0,20.0,20.0,30.0,10.0,False,60.0,,False,2026-07-17 04:00,2026-07-17,4,4,False,NIGHT,0.0,
1784257200000,0.0,0.0,0.0,0.0,0.0,0.0,,,0.0,0.0,0.0,5.833333333333333,12.0,10.0,32.0,45.0,13.0,False,60.0,,False,2026-07-17 05:00,2026-07-17,5,4,False,NIGHT,0.0,
1784260800000,0.0,0.0,0.0,0.0,0.0,0.0,,,0.0,0.0,0.0,8.583333333333334,12.0,15.0,46.0,58.0,12.0,False,60.0,,False,2026-07-17 06:00,2026-07-17,6,4,False,NIGHT,0.0,
1784264400000,0.0,0.0,0.0,0.0,0.0,0.0,,,0.0,0.0,0.0,8.666666666666666,12.0,20.0,59.0,70.0,11.0,False,60.0,,False,2026-07-17 07:00,2026-07-17,7,4,False,MORNING,0.0,
1784268000000,0.0,0.0,0.0,0.0,0.0,0.0,,,0.0,0.0,0.0,7.5,12.0,11.0,70.0,80.0,10.0,False,60.0,,False,2026-07-17 08:00,2026-07-17,8,4,False,MORNING,0.0,
1784271600000,0.0,0.0,0.0,0.0,0.0,0.0,,,0.0,0.0,0.0,11.75,12.0,40.0,80.0,88.0,8.0,False,60.0,,False,2026-07-17 09:00,2026-07-17,9,4,False,MORNING,0.0,
1784275200000,72.0,38.0,190.0,141.0,32166.0,2807.0,0.24450453977069758,28.21578947368421,3.0,2.0,1.0,31.6,10.0,38.0,87.0,81.0,-6.0,True,39.31231666666667,20.687683333333332,False,2026-07-17 10:00,2026-07-17,10,4,False,MORNING,75.0,3.6253455155684424
1784278800000,107.0,58.0,824.0,275.0,35970.0,6134.0,0.5770588100843355,20.67241379310345,46.0,10.0,7.0,53.916666666666664,12.0,73.0,80.0,73.0,-7.0,True,29.122566666666668,30.877433333333332,False,2026-07-17 11:00,2026-07-17,11,4,False,MORNING,153.0,4.955075065608864
1784282400000,128.0,42.0,434.0,241.0,33351.0,8928.0,0.5096557114344759,26.46904761904762,6.0,4.0,3.0,52.5,8.0,58.0,72.0,66.0,-6.0,True,38.2272,21.772799999999997,False,2026-07-17 12:00,2026-07-17,12,4,False,MORNING,134.0,6.154467960023516
1784286000000,40.0,40.0,613.0,186.0,34529.0,2200.0,0.3012594025554936,28.774166666666666,37.0,16.0,7.0,70.0909090909091,11.0,89.0,66.0,58.0,-8.0,True,40.32658333333333,19.673416666666668,False,2026-07-17 13:00,2026-07-17,13,4,False,AFTERNOON,77.0,3.9139109034610997
1784289600000,42.0,44.0,1601.0,104.0,14603.0,6084.0,0.6005955687824429,11.062878787878788,2.0,2.0,2.0,70.5,8.0,82.0,57.0,51.0,-6.0,True,37.469316666666664,22.530683333333336,False,2026-07-17 14:00,2026-07-17,14,4,False,AFTERNOON,44.0,1.9528923889717797
1784293200000,1.0,1.0,0.0,2.0,159.0,0.0,0.09645482910708593,5.3,0.0,0.0,0.0,58.6,5.0,69.0,51.0,47.0,-4.0,True,5.578966666666667,54.421033333333334,False,2026-07-17 15:00,2026-07-17,15,4,False,AFTERNOON,1.0,0.018375248295542594
1784296800000,0.0,0.0,0.0,0.0,0.0,0.0,,,0.0,0.0,0.0,60.333333333333336,6.0,86.0,47.0,43.0,-4.0,False,0.0,,False,2026-07-17 16:00,2026-07-17,16,4,False,AFTERNOON,0.0,
1784300400000,0.0,0.0,0.0,0.0,0.0,0.0,,,0.0,0.0,0.0,64.25,4.0,86.0,43.0,40.0,-3.0,False,0.0,,True,2026-07-17 17:00,2026-07-17,17,4,False,AFTERNOON,0.0,
1784304000000,0.0,0.0,0.0,0.0,0.0,0.0,,,0.0,0.0,0.0,68.625,8.0,91.0,40.0,33.0,-7.0,False,0.0,,False,2026-07-17 18:00,2026-07-17,18,4,False,AFTERNOON,0.0,
1784307600000,0.0,0.0,0.0,0.0,0.0,0.0,,,0.0,0.0,0.0,71.0,9.0,80.0,32.0,29.0,-3.0,False,36.86161666666667,,False,2026-07-17 19:00,2026-07-17,19,4,False,EVENING,0.0,
1784311200000,0.0,0.0,0.0,0.0,0.0,0.0,,,0.0,0.0,0.0,90.75,4.0,97.0,28.0,24.0,-4.0,False,60.0,,False,2026-07-17 20:00,2026-07-17,20,4,False,EVENING,0.0,
1784314800000,0.0,0.0,0.0,0.0,0.0,0.0,,,0.0,0.0,0.0,94.5,6.0,97.0,24.0,19.0,-5.0,False,60.0,,False,2026-07-17 21:00,2026-07-17,21,4,False,EVENING,0.0,
1784318400000,0.0,0.0,0.0,0.0,0.0,0.0,,,0.0,0.0,0.0,84.9,10.0,93.0,19.0,15.0,-4.0,False,60.0,,False,2026-07-17 22:00,2026-07-17,22,4,False,EVENING,0.0,
1784322000000,0.0,0.0,0.0,0.0,0.0,0.0,,,0.0,0.0,0.0,91.0,8.0,96.0,14.0,10.0,-4.0,False,60.0,,False,2026-07-17 23:00,2026-07-17,23,4,False,EVENING,0.0,
1784325600000,0.0,0.0,0.0,0.0,0.0,0.0,,,0.0,0.0,0.0,62.0,9.0,97.0,10.0,6.0,-4.0,False,60.0,,False,2026-07-18 00:00,2026-07-18,0,5,True,EVENING,0.0,
1784329200000,0.0,0.0,0.0,0.0,0.0,0.0,,,0.0,0.0,0.0,37.333333333333336,3.0,44.0,6.0,5.0,-1.0,False,60.0,,False,2026-07-18 01:00,2026-07-18,1,5,True,EVENING,0.0,
1784332800000,0.0,0.0,0.0,0.0,0.0,0.0,,,0.0,0.0,0.0,,0.0,,5.0,8.0,3.0,False,60.0,,False,2026-07-18 02:00,2026-07-18,2,5,True,EVENING,0.0,
1784336400000,0.0,0.0,0.0,0.0,0.0,0.0,,,0.0,0.0,0.0,,0.0,,8.0,11.0,3.0,False,60.0,,False,2026-07-18 03:00,2026-07-18,3,5,True,NIGHT,0.0,
1784340000000,0.0,0.0,0.0,0.0,0.0,0.0,,,0.0,0.0,0.0,,0.0,,11.0,17.0,6.0,False,60.0,,False,2026-07-18 04:00,2026-07-18,4,5,True,NIGHT,0.0,
1784343600000,0.0,0.0,0.0,0.0,0.0,0.0,,,0.0,0.0,0.0,,0.0,,18.0,24.0,6.0,False,60.0,,False,2026-07-18 05:00,2026-07-18,5,5,True,NIGHT,0.0,
1784347200000,0.0,0.0,0.0,0.0,0.0,0.0,,,0.0,0.0,0.0,,0.0,,24.0,31.0,7.0,False,60.0,,False,2026-07-18 06:00,2026-07-18,6,5,True,NIGHT,0.0,
1784350800000,0.0,0.0,0.0,0.0,0.0,0.0,,,0.0,0.0,0.0,,0.0,,32.0,36.0,4.0,False,60.0,,False,2026-07-18 07:00,2026-07-18,7,5,True,MORNING,0.0,
1784354400000,0.0,0.0,0.0,0.0,0.0,0.0,,,0.0,0.0,0.0,,0.0,,36.0,40.0,4.0,False,60.0,,False,2026-07-18 08:00,2026-07-18,8,5,True,MORNING,0.0,
1784358000000,0.0,0.0,0.0,0.0,0.0,0.0,,,0.0,0.0,0.0,32.285714285714285,7.0,58.0,90.0,82.0,-8.0,False,60.0,,True,2026-07-18 09:00,2026-07-18,9,5,True,MORNING,0.0,
1784361600000,0.0,0.0,0.0,0.0,0.0,0.0,,,0.0,0.0,0.0,,0.0,,82.0,72.0,-10.0,False,60.0,,True,2026-07-18 10:00,2026-07-18,10,5,True,MORNING,0.0,
1784365200000,0.0,0.0,0.0,0.0,0.0,0.0,,,0.0,0.0,0.0,,0.0,,70.0,64.0,-6.0,False,60.0,,True,2026-07-18 11:00,2026-07-18,11,5,True,MORNING,0.0,
1784368800000,0.0,0.0,0.0,0.0,0.0,0.0,,,0.0,0.0,0.0,67.33333333333333,3.0,76.0,64.0,59.0,-5.0,False,60.0,,False,2026-07-18 12:00,2026-07-18,12,5,True,MORNING,0.0,
1784372400000,0.0,0.0,0.0,0.0,0.0,0.0,,,0.0,0.0,0.0,72.44444444444444,9.0,91.0,58.0,52.0,-6.0,False,60.0,,False,2026-07-18 13:00,2026-07-18,13,5,True,AFTERNOON,0.0,
1784376000000,0.0,0.0,0.0,0.0,0.0,0.0,,,0.0,0.0,0.0,89.57142857142857,7.0,98.0,51.0,46.0,-5.0,False,60.0,,False,2026-07-18 14:00,2026-07-18,14,5,True,AFTERNOON,0.0,
1784379600000,0.0,0.0,0.0,0.0,0.0,0.0,,,0.0,0.0,0.0,89.5,2.0,97.0,46.0,42.0,-4.0,False,60.0,,True,2026-07-18 15:00,2026-07-18,15,5,True,AFTERNOON,0.0,
1784383200000,0.0,0.0,0.0,0.0,0.0,0.0,,,0.0,0.0,0.0,78.0,7.0,86.0,42.0,36.0,-6.0,False,60.0,,False,2026-07-18 16:00,2026-07-18,16,5,True,AFTERNOON,0.0,
1784386800000,0.0,0.0,0.0,0.0,0.0,0.0,,,0.0,0.0,0.0,72.0,9.0,93.0,35.0,30.0,-5.0,False,60.0,,False,2026-07-18 17:00,2026-07-18,17,5,True,AFTERNOON,0.0,
1784390400000,0.0,0.0,0.0,0.0,0.0,0.0,,,0.0,0.0,0.0,74.6,10.0,88.0,29.0,24.0,-5.0,False,60.0,,False,2026-07-18 18:00,2026-07-18,18,5,True,AFTERNOON,0.0,
1784394000000,0.0,0.0,0.0,0.0,0.0,0.0,,,0.0,0.0,0.0,89.5,4.0,94.0,24.0,21.0,-3.0,False,60.0,,False,2026-07-18 19:00,2026-07-18,19,5,True,EVENING,0.0,
1784397600000,0.0,0.0,0.0,0.0,0.0,0.0,,,0.0,0.0,0.0,,0.0,,21.0,19.0,-2.0,False,60.0,,False,2026-07-18 20:00,2026-07-18,20,5,True,EVENING,0.0,
1784401200000,0.0,0.0,0.0,0.0,0.0,0.0,,,0.0,0.0,0.0,,0.0,,19.0,17.0,-2.0,False,60.0,,False,2026-07-18 21:00,2026-07-18,21,5,True,EVENING,0.0,
1784404800000,0.0,0.0,0.0,0.0,0.0,0.0,,,0.0,0.0,0.0,,0.0,,17.0,15.0,-2.0,False,60.0,,False,2026-07-18 22:00,2026-07-18,22,5,True,EVENING,0.0,
1784408400000,0.0,0.0,0.0,0.0,0.0,0.0,,,0.0,0.0,0.0,,0.0,,15.0,14.0,-1.0,False,60.0,,False,2026-07-18 23:00,2026-07-18,23,5,True,EVENING,0.0,
1784415600000,0.0,0.0,0.0,0.0,0.0,0.0,,,0.0,0.0,0.0,69.33333333333333,3.0,76.0,15.0,14.0,-1.0,False,60.0,,False,2026-07-19 01:00,2026-07-19,1,6,True,EVENING,0.0,
1784419200000,0.0,0.0,0.0,0.0,0.0,0.0,,,0.0,0.0,0.0,24.833333333333332,12.0,66.0,14.0,16.0,2.0,False,60.0,,False,2026-07-19 02:00,2026-07-19,2,6,True,EVENING,0.0,
1784422800000,0.0,0.0,0.0,0.0,0.0,0.0,,,0.0,0.0,0.0,15.777777777777779,9.0,19.0,16.0,21.0,5.0,False,60.0,,False,2026-07-19 03:00,2026-07-19,3,6,True,NIGHT,0.0,
1784426400000,0.0,0.0,0.0,0.0,0.0,0.0,,,0.0,0.0,0.0,10.25,12.0,21.0,22.0,35.0,13.0,False,60.0,,False,2026-07-19 04:00,2026-07-19,4,6,True,NIGHT,0.0,
1784430000000,0.0,0.0,0.0,0.0,0.0,0.0,,,0.0,0.0,0.0,10.666666666666666,12.0,24.0,36.0,50.0,14.0,False,60.0,,False,2026-07-19 05:00,2026-07-19,5,6,True,NIGHT,0.0,
1784433600000,0.0,0.0,0.0,0.0,0.0,0.0,,,0.0,0.0,0.0,8.5,12.0,12.0,52.0,63.0,11.0,False,60.0,,False,2026-07-19 06:00,2026-07-19,6,6,True,NIGHT,0.0,
1784437200000,0.0,0.0,0.0,0.0,0.0,0.0,,,0.0,0.0,0.0,8.166666666666666,12.0,12.0,64.0,74.0,10.0,False,60.0,,False,2026-07-19 07:00,2026-07-19,7,6,True,MORNING,0.0,
1784440800000,0.0,0.0,0.0,0.0,0.0,0.0,,,0.0,0.0,0.0,8.333333333333334,12.0,11.0,75.0,84.0,9.0,False,60.0,,False,2026-07-19 08:00,2026-07-19,8,6,True,MORNING,0.0,
1784444400000,0.0,0.0,0.0,0.0,0.0,0.0,,,0.0,0.0,0.0,23.25,12.0,38.0,84.0,83.0,-1.0,False,60.0,,False,2026-07-19 09:00,2026-07-19,9,6,True,MORNING,0.0,
1784448000000,0.0,0.0,0.0,0.0,0.0,0.0,,,0.0,0.0,0.0,18.333333333333332,12.0,24.0,83.0,86.0,3.0,False,60.0,,False,2026-07-19 10:00,2026-07-19,10,6,True,MORNING,0.0,
1784451600000,0.0,0.0,0.0,0.0,0.0,0.0,,,0.0,0.0,0.0,28.3,10.0,58.0,86.0,82.0,-4.0,False,60.0,,False,2026-07-19 11:00,2026-07-19,11,6,True,MORNING,0.0,
1784455200000,0.0,0.0,0.0,0.0,0.0,0.0,,,0.0,0.0,0.0,51.416666666666664,12.0,71.0,81.0,74.0,-7.0,False,60.0,,False,2026-07-19 12:00,2026-07-19,12,6,True,MORNING,0.0,
1784458800000,0.0,0.0,0.0,0.0,0.0,0.0,,,0.0,0.0,0.0,57.833333333333336,12.0,97.0,73.0,66.0,-7.0,False,60.0,,False,2026-07-19 13:00,2026-07-19,13,6,True,AFTERNOON,0.0,
1784462400000,0.0,0.0,0.0,0.0,0.0,0.0,,,0.0,0.0,0.0,68.0,12.0,90.0,65.0,57.0,-8.0,False,60.0,,False,2026-07-19 14:00,2026-07-19,14,6,True,AFTERNOON,0.0,
1784466000000,0.0,0.0,0.0,0.0,0.0,0.0,,,0.0,0.0,0.0,41.81818181818182,11.0,53.0,56.0,53.0,-3.0,False,60.0,,False,2026-07-19 15:00,2026-07-19,15,6,True,AFTERNOON,0.0,
1784469600000,0.0,0.0,0.0,0.0,0.0,0.0,,,0.0,0.0,0.0,67.77777777777777,9.0,98.0,52.0,47.0,-5.0,False,60.0,,False,2026-07-19 16:00,2026-07-19,16,6,True,AFTERNOON,0.0,
1784473200000,0.0,0.0,0.0,0.0,0.0,0.0,,,0.0,0.0,0.0,52.0,9.0,83.0,46.0,42.0,-4.0,False,60.0,,False,2026-07-19 17:00,2026-07-19,17,6,True,AFTERNOON,0.0,
1784476800000,0.0,0.0,0.0,0.0,0.0,0.0,,,0.0,0.0,0.0,66.14285714285714,7.0,75.0,41.0,37.0,-4.0,False,60.0,,False,2026-07-19 18:00,2026-07-19,18,6,True,AFTERNOON,0.0,
1784480400000,0.0,0.0,0.0,0.0,0.0,0.0,,,0.0,0.0,0.0,62.0,4.0,70.0,36.0,33.0,-3.0,False,60.0,,False,2026-07-19 19:00,2026-07-19,19,6,True,EVENING,0.0,
1784484000000,3.0,4.0,26.0,2.0,346.0,197.0,0.33918808993852295,2.8833333333333333,2.0,1.0,1.0,59.333333333333336,9.0,77.0,32.0,28.0,-4.0,True,5.60175,54.39825,False,2026-07-19 20:00,2026-07-19,20,6,True,EVENING,5.0,0.09191472152137248
1784487600000,0.0,0.0,0.0,0.0,0.0,0.0,,,0.0,0.0,0.0,78.91666666666667,12.0,86.0,28.0,23.0,-5.0,False,0.0,,False,2026-07-19 21:00,2026-07-19,21,6,True,EVENING,0.0,
1784491200000,0.0,0.0,0.0,0.0,0.0,0.0,,,0.0,0.0,0.0,83.16666666666667,12.0,94.0,22.0,17.0,-5.0,False,0.0,,False,2026-07-19 22:00,2026-07-19,22,6,True,EVENING,0.0,
1784494800000,0.0,0.0,0.0,0.0,0.0,0.0,,,0.0,0.0,0.0,81.16666666666667,12.0,94.0,16.0,13.0,-3.0,False,0.0,,False,2026-07-19 23:00,2026-07-19,23,6,True,EVENING,0.0,
1784498400000,0.0,0.0,0.0,0.0,0.0,0.0,,,0.0,0.0,0.0,75.5,10.0,94.0,12.0,9.0,-3.0,False,0.0,,False,2026-07-20 00:00,2026-07-20,0,0,False,EVENING,0.0,
1784502000000,0.0,0.0,0.0,0.0,0.0,0.0,,,0.0,0.0,0.0,24.0,11.0,60.0,9.0,9.0,0.0,False,0.0,,False,2026-07-20 01:00,2026-07-20,1,0,False,EVENING,0.0,
1784505600000,0.0,0.0,0.0,0.0,0.0,0.0,,,0.0,0.0,0.0,7.583333333333333,12.0,11.0,10.0,19.0,9.0,False,0.0,,False,2026-07-20 02:00,2026-07-20,2,0,False,EVENING,0.0,
1784509200000,0.0,0.0,0.0,0.0,0.0,0.0,,,0.0,0.0,0.0,5.25,12.0,10.0,19.0,33.0,14.0,False,0.0,,False,2026-07-20 03:00,2026-07-20,3,0,False,NIGHT,0.0,
1784512800000,0.0,0.0,0.0,0.0,0.0,0.0,,,0.0,0.0,0.0,8.416666666666666,12.0,15.0,34.0,49.0,15.0,False,0.0,,False,2026-07-20 04:00,2026-07-20,4,0,False,NIGHT,0.0,
1784516400000,0.0,0.0,0.0,0.0,0.0,0.0,,,0.0,0.0,0.0,3.5833333333333335,12.0,6.0,50.0,65.0,15.0,False,0.0,,False,2026-07-20 05:00,2026-07-20,5,0,False,NIGHT,0.0,
1784520000000,0.0,0.0,0.0,0.0,0.0,0.0,,,0.0,0.0,0.0,6.083333333333333,12.0,10.0,66.0,77.0,11.0,False,0.0,,False,2026-07-20 06:00,2026-07-20,6,0,False,NIGHT,0.0,
1784523600000,0.0,0.0,0.0,0.0,0.0,0.0,,,0.0,0.0,0.0,3.5833333333333335,12.0,8.0,78.0,89.0,11.0,False,0.0,,False,2026-07-20 07:00,2026-07-20,7,0,False,MORNING,0.0,
1784527200000,0.0,0.0,0.0,0.0,0.0,0.0,,,0.0,0.0,0.0,6.333333333333333,12.0,8.0,90.0,97.0,7.0,False,0.0,,False,2026-07-20 08:00,2026-07-20,8,0,False,MORNING,0.0,
1784530800000,0.0,0.0,0.0,0.0,0.0,0.0,,,0.0,0.0,0.0,6.5,12.0,10.0,98.0,100.0,2.0,False,0.0,,False,2026-07-20 09:00,2026-07-20,9,0,False,MORNING,0.0,
1784534400000,0.0,0.0,0.0,0.0,0.0,0.0,,,0.0,0.0,0.0,11.0,12.0,20.0,100.0,100.0,0.0,False,0.0,,False,2026-07-20 10:00,2026-07-20,10,0,False,MORNING,0.0,
1784538000000,0.0,0.0,0.0,0.0,0.0,0.0,,,0.0,0.0,0.0,21.375,8.0,30.0,100.0,95.0,-5.0,False,0.0,,False,2026-07-20 11:00,2026-07-20,11,0,False,MORNING,0.0,
1784541600000,0.0,0.0,0.0,0.0,0.0,0.0,,,0.0,0.0,0.0,76.375,8.0,89.0,94.0,83.0,-11.0,False,0.0,,False,2026-07-20 12:00,2026-07-20,12,0,False,MORNING,0.0,
1784545200000,0.0,0.0,0.0,0.0,0.0,0.0,,,1.0,1.0,1.0,60.0,8.0,78.0,82.0,74.0,-8.0,False,0.0,,False,2026-07-20 13:00,2026-07-20,13,0,False,AFTERNOON,1.0,
1784548800000,0.0,0.0,0.0,0.0,0.0,0.0,,,0.0,0.0,0.0,22.416666666666668,12.0,31.0,74.0,74.0,0.0,False,0.0,,False,2026-07-20 14:00,2026-07-20,14,0,False,AFTERNOON,0.0,
1784552400000,0.0,0.0,0.0,0.0,0.0,0.0,,,13.0,7.0,6.0,35.45454545454545,11.0,50.0,74.0,68.0,-6.0,False,0.0,,False,2026-07-20 15:00,2026-07-20,15,0,False,AFTERNOON,13.0,
1784556000000,0.0,0.0,0.0,0.0,0.0,0.0,,,0.0,0.0,0.0,27.6,10.0,33.0,67.0,63.0,-4.0,False,0.0,,False,2026-07-20 16:00,2026-07-20,16,0,False,AFTERNOON,0.0,
1784559600000,0.0,0.0,0.0,0.0,0.0,0.0,,,0.0,0.0,0.0,41.6,5.0,57.0,63.0,58.0,-5.0,False,0.0,,False,2026-07-20 17:00,2026-07-20,17,0,False,AFTERNOON,0.0,
1784563200000,0.0,0.0,0.0,0.0,0.0,0.0,,,0.0,0.0,0.0,65.5,2.0,79.0,58.0,53.0,-5.0,False,0.0,,True,2026-07-20 18:00,2026-07-20,18,0,False,AFTERNOON,0.0,
1784566800000,0.0,0.0,0.0,0.0,0.0,0.0,,,0.0,0.0,0.0,42.083333333333336,12.0,61.0,52.0,49.0,-3.0,False,0.0,,False,2026-07-20 19:00,2026-07-20,19,0,False,EVENING,0.0,
1784570400000,0.0,0.0,0.0,0.0,0.0,0.0,,,0.0,0.0,0.0,37.27272727272727,11.0,60.0,48.0,44.0,-4.0,False,0.0,,False,2026-07-20 20:00,2026-07-20,20,0,False,EVENING,0.0,
1784574000000,0.0,0.0,0.0,0.0,0.0,0.0,,,1.0,1.0,1.0,48.25,4.0,62.0,44.0,41.0,-3.0,False,0.0,,False,2026-07-20 21:00,2026-07-20,21,0,False,EVENING,1.0,
1784577600000,0.0,0.0,0.0,0.0,0.0,0.0,,,0.0,0.0,0.0,,0.0,,41.0,37.0,-4.0,False,0.0,,False,2026-07-20 22:00,2026-07-20,22,0,False,EVENING,0.0,
1784581200000,0.0,0.0,0.0,0.0,0.0,0.0,,,0.0,0.0,0.0,,0.0,,37.0,34.0,-3.0,False,0.0,,False,2026-07-20 23:00,2026-07-20,23,0,False,EVENING,0.0,
1784584800000,0.0,0.0,0.0,0.0,0.0,0.0,,,0.0,0.0,0.0,18.0,2.0,20.0,34.0,31.0,-3.0,False,0.0,,False,2026-07-21 00:00,2026-07-21,0,1,False,EVENING,0.0,
1784588400000,0.0,0.0,0.0,0.0,0.0,0.0,,,0.0,0.0,0.0,10.666666666666666,12.0,25.0,31.0,39.0,8.0,False,0.0,,False,2026-07-21 01:00,2026-07-21,1,1,False,EVENING,0.0,
1784592000000,0.0,0.0,0.0,0.0,0.0,0.0,,,0.0,0.0,0.0,11.083333333333334,12.0,19.0,40.0,50.0,10.0,False,0.0,,False,2026-07-21 02:00,2026-07-21,2,1,False,EVENING,0.0,
1784595600000,0.0,0.0,0.0,0.0,0.0,0.0,,,0.0,0.0,0.0,6.25,12.0,11.0,51.0,66.0,15.0,False,0.0,,False,2026-07-21 03:00,2026-07-21,3,1,False,NIGHT,0.0,
1784599200000,0.0,0.0,0.0,0.0,0.0,0.0,,,0.0,0.0,0.0,4.75,12.0,12.0,66.0,79.0,13.0,False,0.0,,False,2026-07-21 04:00,2026-07-21,4,1,False,NIGHT,0.0,
1784602800000,0.0,0.0,0.0,0.0,0.0,0.0,,,0.0,0.0,0.0,4.166666666666667,12.0,9.0,80.0,91.0,11.0,False,0.0,,False,2026-07-21 05:00,2026-07-21,5,1,False,NIGHT,0.0,
1784606400000,0.0,0.0,0.0,0.0,0.0,0.0,,,0.0,0.0,0.0,3.4166666666666665,12.0,11.0,92.0,100.0,8.0,False,0.0,,False,2026-07-21 06:00,2026-07-21,6,1,False,NIGHT,0.0,
1784610000000,0.0,0.0,0.0,0.0,0.0,0.0,,,0.0,0.0,0.0,6.833333333333333,12.0,16.0,100.0,100.0,0.0,False,0.0,,False,2026-07-21 07:00,2026-07-21,7,1,False,MORNING,0.0,
1784613600000,0.0,0.0,0.0,0.0,0.0,0.0,,,0.0,0.0,0.0,3.4166666666666665,12.0,7.0,100.0,100.0,0.0,False,0.0,,False,2026-07-21 08:00,2026-07-21,8,1,False,MORNING,0.0,
1784617200000,0.0,0.0,0.0,0.0,0.0,0.0,,,0.0,0.0,0.0,5.416666666666667,12.0,6.0,100.0,100.0,0.0,False,0.0,,False,2026-07-21 09:00,2026-07-21,9,1,False,MORNING,0.0,
1784620800000,0.0,0.0,0.0,0.0,0.0,0.0,,,0.0,0.0,0.0,33.9,10.0,65.0,100.0,93.0,-7.0,False,0.0,,False,2026-07-21 10:00,2026-07-21,10,1,False,MORNING,0.0,
1784624400000,0.0,0.0,0.0,0.0,0.0,0.0,,,0.0,0.0,0.0,42.666666666666664,3.0,49.0,92.0,86.0,-6.0,False,0.0,,False,2026-07-21 11:00,2026-07-21,11,1,False,MORNING,0.0,
1784628000000,0.0,0.0,0.0,0.0,0.0,0.0,,,0.0,0.0,0.0,81.8,10.0,94.0,86.0,76.0,-10.0,False,0.0,,False,2026-07-21 12:00,2026-07-21,12,1,False,MORNING,0.0,
1784631600000,0.0,0.0,0.0,0.0,0.0,0.0,,,0.0,0.0,0.0,79.83333333333333,12.0,94.0,74.0,65.0,-9.0,False,0.0,,False,2026-07-21 13:00,2026-07-21,13,1,False,AFTERNOON,0.0,
1784635200000,0.0,0.0,0.0,0.0,0.0,0.0,,,0.0,0.0,0.0,83.33333333333333,9.0,92.0,64.0,56.0,-8.0,False,0.0,,False,2026-07-21 14:00,2026-07-21,14,1,False,AFTERNOON,0.0,
1784638800000,0.0,0.0,0.0,0.0,0.0,0.0,,,0.0,0.0,0.0,85.91666666666667,12.0,96.0,56.0,48.0,-8.0,False,0.0,,False,2026-07-21 15:00,2026-07-21,15,1,False,AFTERNOON,0.0,
1784642400000,0.0,0.0,0.0,0.0,0.0,0.0,,,0.0,0.0,0.0,77.1,10.0,86.0,47.0,42.0,-5.0,False,0.0,,False,2026-07-21 16:00,2026-07-21,16,1,False,AFTERNOON,0.0,
1784646000000,0.0,0.0,0.0,0.0,0.0,0.0,,,0.0,0.0,0.0,91.5,2.0,92.0,41.0,38.0,-3.0,False,0.0,,True,2026-07-21 17:00,2026-07-21,17,1,False,AFTERNOON,0.0,
1784649600000,0.0,0.0,0.0,0.0,0.0,0.0,,,0.0,0.0,0.0,88.0,5.0,96.0,38.0,33.0,-5.0,False,0.0,,True,2026-07-21 18:00,2026-07-21,18,1,False,AFTERNOON,0.0,
1784653200000,0.0,0.0,0.0,0.0,0.0,0.0,,,0.0,0.0,0.0,,0.0,,33.0,30.0,-3.0,False,0.0,,True,2026-07-21 19:00,2026-07-21,19,1,False,EVENING,0.0,
1784656800000,0.0,0.0,0.0,0.0,0.0,0.0,,,0.0,0.0,0.0,,0.0,,30.0,25.0,-5.0,False,0.0,,False,2026-07-21 20:00,2026-07-21,20,1,False,EVENING,0.0,
1784660400000,0.0,0.0,0.0,0.0,0.0,0.0,,,0.0,0.0,0.0,,0.0,,25.0,22.0,-3.0,False,0.0,,False,2026-07-21 21:00,2026-07-21,21,1,False,EVENING,0.0,
1784664000000,0.0,0.0,0.0,0.0,0.0,0.0,,,0.0,0.0,0.0,87.77777777777777,9.0,96.0,21.0,18.0,-3.0,False,0.0,,False,2026-07-21 22:00,2026-07-21,22,1,False,EVENING,0.0,
1784667600000,0.0,0.0,0.0,0.0,0.0,0.0,,,0.0,0.0,0.0,87.1,10.0,97.0,18.0,13.0,-5.0,False,0.0,,False,2026-07-21 23:00,2026-07-21,23,1,False,EVENING,0.0,
1784671200000,0.0,0.0,0.0,0.0,0.0,0.0,,,0.0,0.0,0.0,72.0,3.0,78.0,13.0,11.0,-2.0,False,0.0,,False,2026-07-22 00:00,2026-07-22,0,2,False,EVENING,0.0,
1784674800000,0.0,0.0,0.0,0.0,0.0,0.0,,,0.0,0.0,0.0,40.416666666666664,12.0,63.0,11.0,11.0,0.0,False,0.0,,False,2026-07-22 01:00,2026-07-22,1,2,False,EVENING,0.0,
1784678400000,0.0,0.0,0.0,0.0,0.0,0.0,,,0.0,0.0,0.0,16.25,12.0,36.0,12.0,21.0,9.0,False,0.0,,False,2026-07-22 02:00,2026-07-22,2,2,False,EVENING,0.0,
1784682000000,0.0,0.0,0.0,0.0,0.0,0.0,,,0.0,0.0,0.0,9.583333333333334,12.0,16.0,22.0,34.0,12.0,False,0.0,,False,2026-07-22 03:00,2026-07-22,3,2,False,NIGHT,0.0,
1784685600000,0.0,0.0,0.0,0.0,0.0,0.0,,,0.0,0.0,0.0,10.416666666666666,12.0,20.0,34.0,45.0,11.0,False,0.0,,False,2026-07-22 04:00,2026-07-22,4,2,False,NIGHT,0.0,
1784689200000,0.0,0.0,0.0,0.0,0.0,0.0,,,0.0,0.0,0.0,6.083333333333333,12.0,9.0,46.0,58.0,12.0,False,0.0,,False,2026-07-22 05:00,2026-07-22,5,2,False,NIGHT,0.0,
1784692800000,0.0,0.0,0.0,0.0,0.0,0.0,,,0.0,0.0,0.0,4.583333333333333,12.0,10.0,58.0,71.0,13.0,False,0.0,,False,2026-07-22 06:00,2026-07-22,6,2,False,NIGHT,0.0,
1784696400000,0.0,0.0,0.0,0.0,0.0,0.0,,,0.0,0.0,0.0,8.666666666666666,12.0,16.0,72.0,80.0,8.0,False,0.0,,False,2026-07-22 07:00,2026-07-22,7,2,False,MORNING,0.0,
1784700000000,0.0,0.0,0.0,0.0,0.0,0.0,,,0.0,0.0,0.0,6.333333333333333,12.0,9.0,82.0,90.0,8.0,False,0.0,,False,2026-07-22 08:00,2026-07-22,8,2,False,MORNING,0.0,
1784703600000,0.0,0.0,0.0,0.0,0.0,0.0,,,0.0,0.0,0.0,11.25,12.0,33.0,90.0,93.0,3.0,False,0.0,,False,2026-07-22 09:00,2026-07-22,9,2,False,MORNING,0.0,
1784707200000,0.0,0.0,0.0,0.0,0.0,0.0,,,0.0,0.0,0.0,39.5,10.0,55.0,92.0,84.0,-8.0,False,0.0,,False,2026-07-22 10:00,2026-07-22,10,2,False,MORNING,0.0,
1784710800000,0.0,0.0,0.0,0.0,0.0,0.0,,,0.0,0.0,0.0,38.833333333333336,12.0,62.0,83.0,76.0,-7.0,False,0.0,,False,2026-07-22 11:00,2026-07-22,11,2,False,MORNING,0.0,
1784714400000,0.0,0.0,0.0,0.0,0.0,0.0,,,0.0,0.0,0.0,69.27272727272727,11.0,93.0,76.0,67.0,-9.0,False,0.0,,False,2026-07-22 12:00,2026-07-22,12,2,False,MORNING,0.0,
1784718000000,0.0,0.0,0.0,0.0,0.0,0.0,,,0.0,0.0,0.0,70.33333333333333,12.0,85.0,66.0,57.0,-9.0,False,0.0,,False,2026-07-22 13:00,2026-07-22,13,2,False,AFTERNOON,0.0,
1784721600000,0.0,0.0,0.0,0.0,0.0,0.0,,,0.0,0.0,0.0,42.18181818181818,11.0,57.0,57.0,53.0,-4.0,False,0.0,,False,2026-07-22 14:00,2026-07-22,14,2,False,AFTERNOON,0.0,
1784725200000,0.0,0.0,0.0,0.0,0.0,0.0,,,0.0,0.0,0.0,33.72727272727273,11.0,48.0,52.0,50.0,-2.0,False,0.0,,False,2026-07-22 15:00,2026-07-22,15,2,False,AFTERNOON,0.0,
1784728800000,0.0,0.0,0.0,0.0,0.0,0.0,,,0.0,0.0,0.0,39.25,4.0,49.0,50.0,45.0,-5.0,False,0.0,,False,2026-07-22 16:00,2026-07-22,16,2,False,AFTERNOON,0.0,
1784732400000,0.0,0.0,0.0,0.0,0.0,0.0,,,0.0,0.0,0.0,,0.0,,45.0,41.0,-4.0,False,0.0,,False,2026-07-22 17:00,2026-07-22,17,2,False,AFTERNOON,0.0,
1784736000000,0.0,0.0,0.0,0.0,0.0,0.0,,,0.0,0.0,0.0,,0.0,,40.0,37.0,-3.0,False,0.0,,False,2026-07-22 18:00,2026-07-22,18,2,False,AFTERNOON,0.0,
1784739600000,0.0,0.0,0.0,0.0,0.0,0.0,,,0.0,0.0,0.0,81.4,5.0,97.0,37.0,32.0,-5.0,False,0.0,,False,2026-07-22 19:00,2026-07-22,19,2,False,EVENING,0.0,
1784743200000,0.0,0.0,0.0,0.0,0.0,0.0,,,0.0,0.0,0.0,94.0,2.0,95.0,32.0,29.0,-3.0,False,0.0,,False,2026-07-22 20:00,2026-07-22,20,2,False,EVENING,0.0,
1784793600000,0.0,0.0,0.0,0.0,0.0,0.0,,,0.0,0.0,0.0,,0.0,,77.0,77.0,0.0,False,0.0,,False,2026-07-23 10:00,2026-07-23,10,3,False,MORNING,0.0,
1784797200000,0.0,0.0,0.0,0.0,0.0,0.0,,,44.0,11.0,9.0,26.09090909090909,11.0,31.0,77.0,74.0,-3.0,False,0.0,,False,2026-07-23 11:00,2026-07-23,11,3,False,MORNING,44.0,
1784800800000,0.0,0.0,0.0,0.0,0.0,0.0,,,0.0,0.0,0.0,49.75,12.0,74.0,73.0,67.0,-6.0,False,0.0,,False,2026-07-23 12:00,2026-07-23,12,3,False,MORNING,0.0,
1784804400000,0.0,0.0,0.0,0.0,0.0,0.0,,,0.0,0.0,0.0,86.33333333333333,9.0,95.0,66.0,56.0,-10.0,False,0.0,,True,2026-07-23 13:00,2026-07-23,13,3,False,AFTERNOON,0.0,
1784808000000,128.0,54.0,1416.0,355.0,37459.0,9282.0,0.7294866466541514,23.12283950617284,0.0,0.0,0.0,,0.0,,54.0,50.0,-4.0,True,6.247766666666666,53.752233333333336,True,2026-07-23 14:00,2026-07-23,14,3,False,AFTERNOON,128.0,2.3812964050485963
1784811600000,31.0,27.0,73.0,85.0,8915.0,5916.0,0.4904881488741908,11.006172839506172,0.0,0.0,0.0,47.09090909090909,11.0,65.0,50.0,46.0,-4.0,True,6.9061,53.0939,False,2026-07-23 15:00,2026-07-23,15,3,False,AFTERNOON,31.0,0.5838712168441196
1784815200000,0.0,1.0,0.0,0.0,217.0,149.0,0.974954682575534,7.233333333333333,0.0,0.0,0.0,53.333333333333336,3.0,70.0,46.0,38.0,-8.0,True,0.0,60.0,True,2026-07-23 16:00,2026-07-23,16,3,False,AFTERNOON,0.0,0.0
1784818800000,0.0,0.0,0.0,0.0,0.0,0.0,,,0.0,0.0,0.0,,0.0,,38.0,35.0,-3.0,False,0.0,,True,2026-07-23 17:00,2026-07-23,17,3,False,AFTERNOON,0.0,
1784822400000,0.0,0.0,0.0,0.0,0.0,0.0,,,0.0,0.0,0.0,96.5,4.0,99.0,34.0,30.0,-4.0,False,0.0,,False,2026-07-23 18:00,2026-07-23,18,3,False,AFTERNOON,0.0,
1784826000000,0.0,0.0,0.0,0.0,0.0,0.0,,,0.0,0.0,0.0,97.66666666666667,3.0,98.0,29.0,26.0,-3.0,False,14.346833333333333,,False,2026-07-23 19:00,2026-07-23,19,3,False,EVENING,0.0,
1784829600000,0.0,0.0,0.0,0.0,0.0,0.0,,,0.0,0.0,0.0,,0.0,,26.0,22.0,-4.0,False,60.0,,True,2026-07-23 20:00,2026-07-23,20,3,False,EVENING,0.0,
1784833200000,0.0,0.0,0.0,0.0,0.0,0.0,,,0.0,0.0,0.0,95.66666666666667,3.0,98.0,22.0,19.0,-3.0,False,60.0,,False,2026-07-23 21:00,2026-07-23,21,3,False,EVENING,0.0,
1784836800000,0.0,0.0,0.0,0.0,0.0,0.0,,,0.0,0.0,0.0,85.5,8.0,96.0,19.0,15.0,-4.0,False,60.0,,False,2026-07-23 22:00,2026-07-23,22,3,False,EVENING,0.0,
1784840400000,0.0,0.0,0.0,0.0,0.0,0.0,,,0.0,0.0,0.0,86.0,3.0,90.0,15.0,13.0,-2.0,False,60.0,,False,2026-07-23 23:00,2026-07-23,23,3,False,EVENING,0.0,
1784844000000,0.0,0.0,0.0,0.0,0.0,0.0,,,0.0,0.0,0.0,78.71428571428571,7.0,90.0,12.0,8.0,-4.0,False,60.0,,False,2026-07-24 00:00,2026-07-24,0,4,False,EVENING,0.0,
1784847600000,0.0,0.0,0.0,0.0,0.0,0.0,,,0.0,0.0,0.0,63.7,10.0,88.0,8.0,6.0,-2.0,False,60.0,,False,2026-07-24 01:00,2026-07-24,1,4,False,EVENING,0.0,
1784851200000,0.0,0.0,0.0,0.0,0.0,0.0,,,0.0,0.0,0.0,21.416666666666668,12.0,26.0,6.0,10.0,4.0,False,60.0,,False,2026-07-24 02:00,2026-07-24,2,4,False,EVENING,0.0,
1784854800000,0.0,0.0,0.0,0.0,0.0,0.0,,,0.0,0.0,0.0,13.75,12.0,21.0,11.0,21.0,10.0,False,60.0,,False,2026-07-24 03:00,2026-07-24,3,4,False,NIGHT,0.0,
1784858400000,0.0,0.0,0.0,0.0,0.0,0.0,,,0.0,0.0,0.0,7.25,12.0,12.0,22.0,38.0,16.0,False,60.0,,False,2026-07-24 04:00,2026-07-24,4,4,False,NIGHT,0.0,
1784862000000,0.0,0.0,0.0,0.0,0.0,0.0,,,0.0,0.0,0.0,8.5,12.0,14.0,38.0,50.0,12.0,False,60.0,,False,2026-07-24 05:00,2026-07-24,5,4,False,NIGHT,0.0,
1784865600000,0.0,0.0,0.0,0.0,0.0,0.0,,,0.0,0.0,0.0,4.25,12.0,7.0,52.0,65.0,13.0,False,60.0,,False,2026-07-24 06:00,2026-07-24,6,4,False,NIGHT,0.0,
1784869200000,0.0,0.0,0.0,0.0,0.0,0.0,,,0.0,0.0,0.0,7.666666666666667,12.0,14.0,66.0,76.0,10.0,False,60.0,,False,2026-07-24 07:00,2026-07-24,7,4,False,MORNING,0.0,
1784872800000,0.0,0.0,0.0,0.0,0.0,0.0,,,0.0,0.0,0.0,6.583333333333333,12.0,13.0,77.0,86.0,9.0,False,60.0,,False,2026-07-24 08:00,2026-07-24,8,4,False,MORNING,0.0,
1784876400000,0.0,0.0,0.0,0.0,0.0,0.0,,,0.0,0.0,0.0,5.333333333333333,12.0,8.0,87.0,94.0,7.0,False,60.0,,False,2026-07-24 09:00,2026-07-24,9,4,False,MORNING,0.0,
1784880000000,0.0,0.0,0.0,0.0,0.0,0.0,,,0.0,0.0,0.0,13.583333333333334,12.0,22.0,94.0,94.0,0.0,False,60.0,,False,2026-07-24 10:00,2026-07-24,10,4,False,MORNING,0.0,
1784883600000,0.0,0.0,0.0,0.0,0.0,0.0,,,0.0,0.0,0.0,48.57142857142857,7.0,62.0,93.0,85.0,-8.0,False,60.0,,False,2026-07-24 11:00,2026-07-24,11,4,False,MORNING,0.0,
1784887200000,0.0,0.0,0.0,0.0,0.0,0.0,,,0.0,0.0,0.0,76.63636363636364,11.0,90.0,84.0,73.0,-11.0,False,60.0,,False,2026-07-24 12:00,2026-07-24,12,4,False,MORNING,0.0,
1784890800000,0.0,0.0,0.0,0.0,0.0,0.0,,,0.0,0.0,0.0,87.5,2.0,88.0,72.0,65.0,-7.0,False,60.0,,False,2026-07-24 13:00,2026-07-24,13,4,False,AFTERNOON,0.0,
1784894400000,0.0,0.0,0.0,0.0,0.0,0.0,,,0.0,0.0,0.0,60.333333333333336,3.0,76.0,64.0,59.0,-5.0,False,60.0,,True,2026-07-24 14:00,2026-07-24,14,4,False,AFTERNOON,0.0,
1784898000000,0.0,0.0,0.0,0.0,0.0,0.0,,,0.0,0.0,0.0,63.25,8.0,78.0,59.0,53.0,-6.0,False,60.0,,True,2026-07-24 15:00,2026-07-24,15,4,False,AFTERNOON,0.0,
1784901600000,0.0,0.0,0.0,0.0,0.0,0.0,,,0.0,0.0,0.0,,0.0,,52.0,48.0,-4.0,False,60.0,,False,2026-07-24 16:00,2026-07-24,16,4,False,AFTERNOON,0.0,
1784905200000,0.0,0.0,0.0,0.0,0.0,0.0,,,0.0,0.0,0.0,41.125,8.0,77.0,48.0,44.0,-4.0,False,60.0,,False,2026-07-24 17:00,2026-07-24,17,4,False,AFTERNOON,0.0,
1784908800000,0.0,0.0,0.0,0.0,0.0,0.0,,,0.0,0.0,0.0,62.125,8.0,68.0,44.0,39.0,-5.0,False,60.0,,True,2026-07-24 18:00,2026-07-24,18,4,False,AFTERNOON,0.0,
1784912400000,0.0,0.0,0.0,0.0,0.0,0.0,,,0.0,0.0,0.0,64.25,8.0,88.0,38.0,34.0,-4.0,False,60.0,,False,2026-07-24 19:00,2026-07-24,19,4,False,EVENING,0.0,
1784916000000,0.0,0.0,0.0,0.0,0.0,0.0,,,0.0,0.0,0.0,49.6,10.0,62.0,34.0,30.0,-4.0,False,60.0,,False,2026-07-24 20:00,2026-07-24,20,4,False,EVENING,0.0,
1784919600000,0.0,0.0,0.0,0.0,0.0,0.0,,,0.0,0.0,0.0,75.33333333333333,9.0,97.0,30.0,25.0,-5.0,False,60.0,,False,2026-07-24 21:00,2026-07-24,21,4,False,EVENING,0.0,
1784923200000,0.0,0.0,0.0,0.0,0.0,0.0,,,0.0,0.0,0.0,81.5,4.0,84.0,25.0,23.0,-2.0,False,60.0,,False,2026-07-24 22:00,2026-07-24,22,4,False,EVENING,0.0,
1785052800000,0.0,0.0,0.0,0.0,0.0,0.0,,,0.0,0.0,0.0,88.0,3.0,98.0,82.0,77.0,-5.0,False,60.0,,False,2026-07-26 10:00,2026-07-26,10,6,True,MORNING,0.0,
1785056400000,0.0,0.0,0.0,0.0,0.0,0.0,,,0.0,0.0,0.0,18.0,1.0,18.0,77.0,67.0,-10.0,False,60.0,,True,2026-07-26 11:00,2026-07-26,11,6,True,MORNING,0.0,
1785060000000,0.0,0.0,0.0,0.0,0.0,0.0,,,0.0,0.0,0.0,,0.0,,66.0,60.0,-6.0,False,60.0,,True,2026-07-26 12:00,2026-07-26,12,6,True,MORNING,0.0,
1785063600000,0.0,0.0,0.0,0.0,0.0,0.0,,,0.0,0.0,0.0,,0.0,,60.0,53.0,-7.0,False,60.0,,True,2026-07-26 13:00,2026-07-26,13,6,True,AFTERNOON,0.0,
1785067200000,0.0,0.0,0.0,0.0,0.0,0.0,,,0.0,0.0,0.0,99.0,1.0,99.0,52.0,49.0,-3.0,False,60.0,,True,2026-07-26 14:00,2026-07-26,14,6,True,AFTERNOON,0.0,
1785070800000,0.0,0.0,0.0,0.0,0.0,0.0,,,0.0,0.0,0.0,50.4,10.0,71.0,49.0,45.0,-4.0,False,60.0,,False,2026-07-26 15:00,2026-07-26,15,6,True,AFTERNOON,0.0,
1785074400000,0.0,0.0,0.0,0.0,0.0,0.0,,,0.0,0.0,0.0,69.3,10.0,96.0,44.0,39.0,-5.0,False,60.0,,False,2026-07-26 16:00,2026-07-26,16,6,True,AFTERNOON,0.0,
1785078000000,0.0,0.0,0.0,0.0,0.0,0.0,,,0.0,0.0,0.0,85.25,4.0,94.0,38.0,35.0,-3.0,False,60.0,,False,2026-07-26 17:00,2026-07-26,17,6,True,AFTERNOON,0.0,
1785081600000,0.0,0.0,0.0,0.0,0.0,0.0,,,0.0,0.0,0.0,42.44444444444444,9.0,62.0,34.0,31.0,-3.0,False,60.0,,False,2026-07-26 18:00,2026-07-26,18,6,True,AFTERNOON,0.0,
1785085200000,0.0,0.0,0.0,0.0,0.0,0.0,,,0.0,0.0,0.0,53.0,4.0,80.0,31.0,30.0,-1.0,False,60.0,,False,2026-07-26 19:00,2026-07-26,19,6,True,EVENING,0.0,
1785099600000,0.0,0.0,0.0,0.0,0.0,0.0,,,0.0,0.0,0.0,58.6,5.0,76.0,19.0,17.0,-2.0,False,60.0,,False,2026-07-26 23:00,2026-07-26,23,6,True,EVENING,0.0,
1785103200000,0.0,0.0,0.0,0.0,0.0,0.0,,,0.0,0.0,0.0,98.5,2.0,99.0,17.0,14.0,-3.0,False,60.0,,False,2026-07-27 00:00,2026-07-27,0,0,False,EVENING,0.0,
1785106800000,0.0,0.0,0.0,0.0,0.0,0.0,,,0.0,0.0,0.0,,0.0,,14.0,20.0,6.0,False,60.0,,False,2026-07-27 01:00,2026-07-27,1,0,False,EVENING,0.0,
1785110400000,0.0,0.0,0.0,0.0,0.0,0.0,,,0.0,0.0,0.0,,0.0,,20.0,28.0,8.0,False,60.0,,False,2026-07-27 02:00,2026-07-27,2,0,False,EVENING,0.0,
1785114000000,0.0,0.0,0.0,0.0,0.0,0.0,,,0.0,0.0,0.0,,0.0,,28.0,35.0,7.0,False,60.0,,False,2026-07-27 03:00,2026-07-27,3,0,False,NIGHT,0.0,
1785117600000,0.0,0.0,0.0,0.0,0.0,0.0,,,0.0,0.0,0.0,,0.0,,35.0,41.0,6.0,False,60.0,,False,2026-07-27 04:00,2026-07-27,4,0,False,NIGHT,0.0,
1785121200000,0.0,0.0,0.0,0.0,0.0,0.0,,,0.0,0.0,0.0,,0.0,,42.0,46.0,4.0,False,60.0,,False,2026-07-27 05:00,2026-07-27,5,0,False,NIGHT,0.0,
1785124800000,0.0,0.0,0.0,0.0,0.0,0.0,,,0.0,0.0,0.0,,0.0,,46.0,49.0,3.0,False,60.0,,False,2026-07-27 06:00,2026-07-27,6,0,False,NIGHT,0.0,
1785128400000,0.0,0.0,0.0,0.0,0.0,0.0,,,0.0,0.0,0.0,,0.0,,50.0,48.0,-2.0,False,60.0,,False,2026-07-27 07:00,2026-07-27,7,0,False,MORNING,0.0,
1785132000000,0.0,0.0,0.0,0.0,0.0,0.0,,,0.0,0.0,0.0,5.5,6.0,8.0,48.0,97.0,49.0,False,60.0,,False,2026-07-27 08:00,2026-07-27,8,0,False,MORNING,0.0,
1785135600000,0.0,0.0,0.0,0.0,0.0,0.0,,,0.0,0.0,0.0,4.916666666666667,12.0,10.0,97.0,100.0,3.0,False,60.0,,False,2026-07-27 09:00,2026-07-27,9,0,False,MORNING,0.0,
1785139200000,0.0,0.0,0.0,0.0,0.0,0.0,,,0.0,0.0,0.0,14.818181818181818,11.0,25.0,100.0,97.0,-3.0,False,60.0,,False,2026-07-27 10:00,2026-07-27,10,0,False,MORNING,0.0,
1785142800000,0.0,0.0,0.0,0.0,0.0,0.0,,,0.0,0.0,0.0,34.0,1.0,34.0,96.0,88.0,-8.0,False,60.0,,True,2026-07-27 11:00,2026-07-27,11,0,False,MORNING,0.0,
1785146400000,0.0,0.0,0.0,0.0,0.0,0.0,,,0.0,0.0,0.0,64.16666666666667,6.0,97.0,87.0,77.0,-10.0,False,60.0,,True,2026-07-27 12:00,2026-07-27,12,0,False,MORNING,0.0,
1785150000000,64.0,93.0,1772.0,521.0,64993.0,20722.0,0.7286316598434025,23.294982078853046,162.0,24.0,14.0,40.083333333333336,12.0,50.0,77.0,71.0,-6.0,True,11.20185,48.79815,False,2026-07-27 13:00,2026-07-27,13,0,False,AFTERNOON,226.0,4.631323113683613
1785153600000,29.0,51.0,113.0,66.0,7383.0,6019.0,0.21806490834602288,4.825490196078431,13.0,6.0,4.0,33.416666666666664,12.0,41.0,70.0,65.0,-5.0,True,27.432133333333333,32.56786666666667,False,2026-07-27 14:00,2026-07-27,14,0,False,AFTERNOON,42.0,1.2896147122521586
1785157200000,40.0,78.0,1233.0,511.0,66286.0,25320.0,0.8013548236012483,28.327350427350428,169.0,37.0,18.0,30.5,10.0,67.0,65.0,62.0,-3.0,True,21.000233333333334,38.999766666666666,False,2026-07-27 15:00,2026-07-27,15,0,False,AFTERNOON,209.0,5.35900642140594
1785160800000,35.0,38.0,174.0,66.0,12413.0,3378.0,0.40053754385911466,10.88859649122807,25.0,12.0,8.0,31.5,12.0,40.0,61.0,57.0,-4.0,True,39.01113333333333,20.988866666666667,False,2026-07-27 16:00,2026-07-27,16,0,False,AFTERNOON,60.0,2.8586583998500794
1785164400000,36.0,33.0,188.0,136.0,17108.0,4988.0,0.6330609455093823,17.28080808080808,28.0,9.0,5.0,11.5,12.0,27.0,57.0,62.0,5.0,True,39.8781,20.121899999999997,False,2026-07-27 17:00,2026-07-27,17,0,False,AFTERNOON,64.0,3.1806141567148236
1785168000000,32.0,35.0,89.0,140.0,22543.0,10346.0,0.5592293807684364,21.46952380952381,77.0,18.0,8.0,30.857142857142858,7.0,97.0,63.0,59.0,-4.0,True,10.1182,49.8818,False,2026-07-27 18:00,2026-07-27,18,0,False,AFTERNOON,109.0,2.1851657317899513
1785171600000,0.0,0.0,0.0,0.0,0.0,0.0,,,0.0,0.0,0.0,29.666666666666668,12.0,42.0,58.0,54.0,-4.0,False,0.0,,False,2026-07-27 19:00,2026-07-27,19,0,False,EVENING,0.0,
1785175200000,0.0,0.0,0.0,0.0,0.0,0.0,,,0.0,0.0,0.0,23.5,4.0,28.0,53.0,50.0,-3.0,False,0.0,,False,2026-07-27 20:00,2026-07-27,20,0,False,EVENING,0.0,
1785178800000,0.0,0.0,0.0,0.0,0.0,0.0,,,0.0,0.0,0.0,40.7,10.0,63.0,49.0,44.0,-5.0,False,27.799483333333335,,False,2026-07-27 21:00,2026-07-27,21,0,False,EVENING,0.0,
1785182400000,0.0,0.0,0.0,0.0,0.0,0.0,,,0.0,0.0,0.0,34.0,9.0,46.0,43.0,40.0,-3.0,False,60.0,,False,2026-07-27 22:00,2026-07-27,22,0,False,EVENING,0.0,
1785186000000,0.0,0.0,0.0,0.0,0.0,0.0,,,0.0,0.0,0.0,20.333333333333332,12.0,59.0,39.0,40.0,1.0,False,60.0,,False,2026-07-27 23:00,2026-07-27,23,0,False,EVENING,0.0,
1785189600000,0.0,0.0,0.0,0.0,0.0,0.0,,,0.0,0.0,0.0,6.916666666666667,12.0,11.0,40.0,50.0,10.0,False,60.0,,False,2026-07-28 00:00,2026-07-28,0,1,False,EVENING,0.0,
1785193200000,0.0,0.0,0.0,0.0,0.0,0.0,,,0.0,0.0,0.0,5.166666666666667,12.0,12.0,51.0,63.0,12.0,False,60.0,,False,2026-07-28 01:00,2026-07-28,1,1,False,EVENING,0.0,
1785196800000,0.0,0.0,0.0,0.0,0.0,0.0,,,0.0,0.0,0.0,4.0,12.0,9.0,64.0,80.0,16.0,False,60.0,,False,2026-07-28 02:00,2026-07-28,2,1,False,EVENING,0.0,
1785200400000,0.0,0.0,0.0,0.0,0.0,0.0,,,0.0,0.0,0.0,3.0,12.0,4.0,80.0,91.0,11.0,False,60.0,,False,2026-07-28 03:00,2026-07-28,3,1,False,NIGHT,0.0,
1785204000000,0.0,0.0,0.0,0.0,0.0,0.0,,,0.0,0.0,0.0,2.3333333333333335,12.0,5.0,92.0,96.0,4.0,False,60.0,,False,2026-07-28 04:00,2026-07-28,4,1,False,NIGHT,0.0,
1785207600000,0.0,0.0,0.0,0.0,0.0,0.0,,,0.0,0.0,0.0,7.166666666666667,12.0,23.0,96.0,100.0,4.0,False,60.0,,False,2026-07-28 05:00,2026-07-28,5,1,False,NIGHT,0.0,
1785211200000,0.0,0.0,0.0,0.0,0.0,0.0,,,0.0,0.0,0.0,2.5,12.0,6.0,100.0,100.0,0.0,False,60.0,,False,2026-07-28 06:00,2026-07-28,6,1,False,NIGHT,0.0,
1785214800000,0.0,0.0,0.0,0.0,0.0,0.0,,,0.0,0.0,0.0,13.636363636363637,11.0,46.0,100.0,97.0,-3.0,False,60.0,,False,2026-07-28 07:00,2026-07-28,7,1,False,MORNING,0.0,
1785218400000,0.0,0.0,0.0,0.0,0.0,0.0,,,0.0,0.0,0.0,48.666666666666664,3.0,57.0,96.0,88.0,-8.0,False,60.0,,True,2026-07-28 08:00,2026-07-28,8,1,False,MORNING,0.0,
1785222000000,0.0,0.0,0.0,0.0,0.0,0.0,,,0.0,0.0,0.0,22.4,5.0,34.0,88.0,80.0,-8.0,False,60.0,,True,2026-07-28 09:00,2026-07-28,9,1,False,MORNING,0.0,
1785225600000,0.0,0.0,0.0,0.0,0.0,0.0,,,0.0,0.0,0.0,55.0,2.0,64.0,79.0,74.0,-5.0,False,60.0,,True,2026-07-28 10:00,2026-07-28,10,1,False,MORNING,0.0,
1785229200000,0.0,0.0,0.0,0.0,0.0,0.0,,,0.0,0.0,0.0,30.142857142857142,7.0,63.0,74.0,69.0,-5.0,False,60.0,,False,2026-07-28 11:00,2026-07-28,11,1,False,MORNING,0.0,
1785232800000,73.0,49.0,2064.0,298.0,33202.0,8441.0,0.665802164266501,22.58639455782313,62.0,21.0,15.0,30.0,11.0,41.0,68.0,65.0,-3.0,True,34.137933333333336,25.862066666666664,False,2026-07-28 12:00,2026-07-28,12,1,False,MORNING,135.0,5.220000464000042
1785236400000,90.0,47.0,519.0,330.0,32623.0,5318.0,0.5203835226538984,23.136879432624117,57.0,20.0,10.0,35.833333333333336,12.0,54.0,65.0,60.0,-5.0,True,4.887466666666667,55.11253333333333,False,2026-07-28 13:00,2026-07-28,13,1,False,AFTERNOON,147.0,2.6672698769064027
1785240000000,7.0,18.0,81.0,22.0,3409.0,1048.0,0.3485987230969999,6.312962962962962,6.0,4.0,4.0,32.36363636363637,11.0,41.0,60.0,56.0,-4.0,True,6.490216666666667,53.50978333333333,False,2026-07-28 14:00,2026-07-28,14,1,False,AFTERNOON,13.0,0.2429462275901572
1785243600000,0.0,0.0,0.0,0.0,0.0,0.0,,,0.0,0.0,0.0,49.25,4.0,53.0,56.0,52.0,-4.0,False,0.0,,False,2026-07-28 15:00,2026-07-28,15,1,False,AFTERNOON,0.0,
1785247200000,0.0,0.0,0.0,0.0,0.0,0.0,,,0.0,0.0,0.0,34.0,10.0,52.0,51.0,48.0,-3.0,False,0.0,,False,2026-07-28 16:00,2026-07-28,16,1,False,AFTERNOON,0.0,
1785250800000,0.0,0.0,0.0,0.0,0.0,0.0,,,0.0,0.0,0.0,34.916666666666664,12.0,41.0,48.0,45.0,-3.0,False,0.0,,False,2026-07-28 17:00,2026-07-28,17,1,False,AFTERNOON,0.0,
1785254400000,0.0,0.0,0.0,0.0,0.0,0.0,,,0.0,0.0,0.0,47.27272727272727,11.0,65.0,45.0,40.0,-5.0,False,0.0,,False,2026-07-28 18:00,2026-07-28,18,1,False,AFTERNOON,0.0,
1785258000000,0.0,0.0,0.0,0.0,0.0,0.0,,,0.0,0.0,0.0,54.0,12.0,86.0,40.0,36.0,-4.0,False,0.0,,False,2026-07-28 19:00,2026-07-28,19,1,False,EVENING,0.0,
1785261600000,0.0,0.0,0.0,0.0,0.0,0.0,,,0.0,0.0,0.0,67.63636363636364,11.0,86.0,35.0,30.0,-5.0,False,0.0,,False,2026-07-28 20:00,2026-07-28,20,1,False,EVENING,0.0,
1785265200000,0.0,0.0,0.0,0.0,0.0,0.0,,,0.0,0.0,0.0,47.27272727272727,11.0,60.0,30.0,26.0,-4.0,False,0.0,,False,2026-07-28 21:00,2026-07-28,21,1,False,EVENING,0.0,
1785268800000,0.0,0.0,0.0,0.0,0.0,0.0,,,0.0,0.0,0.0,76.28571428571429,7.0,98.0,26.0,22.0,-4.0,False,0.0,,False,2026-07-28 22:00,2026-07-28,22,1,False,EVENING,0.0,
1785272400000,0.0,0.0,0.0,0.0,0.0,0.0,,,0.0,0.0,0.0,58.4,5.0,82.0,22.0,19.0,-3.0,False,0.0,,False,2026-07-28 23:00,2026-07-28,23,1,False,EVENING,0.0,
1785276000000,0.0,0.0,0.0,0.0,0.0,0.0,,,0.0,0.0,0.0,66.81818181818181,11.0,92.0,18.0,15.0,-3.0,False,0.0,,False,2026-07-29 00:00,2026-07-29,0,2,False,EVENING,0.0,
1785279600000,0.0,0.0,0.0,0.0,0.0,0.0,,,0.0,0.0,0.0,24.75,12.0,42.0,14.0,16.0,2.0,False,0.0,,False,2026-07-29 01:00,2026-07-29,1,2,False,EVENING,0.0,
1785283200000,0.0,0.0,0.0,0.0,0.0,0.0,,,0.0,0.0,0.0,24.25,8.0,38.0,16.0,20.0,4.0,False,0.0,,False,2026-07-29 02:00,2026-07-29,2,2,False,EVENING,0.0,
1785286800000,0.0,0.0,0.0,0.0,0.0,0.0,,,0.0,0.0,0.0,15.454545454545455,11.0,22.0,20.0,28.0,8.0,False,0.0,,False,2026-07-29 03:00,2026-07-29,3,2,False,NIGHT,0.0,
1785290400000,0.0,0.0,0.0,0.0,0.0,0.0,,,0.0,0.0,0.0,4.583333333333333,12.0,18.0,28.0,41.0,13.0,False,0.0,,False,2026-07-29 04:00,2026-07-29,4,2,False,NIGHT,0.0,
1785294000000,0.0,0.0,0.0,0.0,0.0,0.0,,,0.0,0.0,0.0,3.5833333333333335,12.0,6.0,42.0,59.0,17.0,False,0.0,,False,2026-07-29 05:00,2026-07-29,5,2,False,NIGHT,0.0,
1785297600000,0.0,0.0,0.0,0.0,0.0,0.0,,,0.0,0.0,0.0,2.0,12.0,5.0,60.0,74.0,14.0,False,0.0,,False,2026-07-29 06:00,2026-07-29,6,2,False,NIGHT,0.0,
1785301200000,0.0,0.0,0.0,0.0,0.0,0.0,,,0.0,0.0,0.0,3.5,12.0,7.0,74.0,86.0,12.0,False,0.0,,False,2026-07-29 07:00,2026-07-29,7,2,False,MORNING,0.0,
1785304800000,0.0,0.0,0.0,0.0,0.0,0.0,,,0.0,0.0,0.0,3.5,12.0,6.0,86.0,96.0,10.0,False,0.0,,False,2026-07-29 08:00,2026-07-29,8,2,False,MORNING,0.0,
1785308400000,0.0,0.0,0.0,0.0,0.0,0.0,,,0.0,0.0,0.0,12.0,12.0,22.0,96.0,93.0,-3.0,False,0.0,,False,2026-07-29 09:00,2026-07-29,9,2,False,MORNING,0.0,
1785312000000,0.0,0.0,0.0,0.0,0.0,0.0,,,0.0,0.0,0.0,22.0,1.0,22.0,92.0,85.0,-7.0,False,0.0,,True,2026-07-29 10:00,2026-07-29,10,2,False,MORNING,0.0,
1785315600000,0.0,0.0,0.0,0.0,0.0,0.0,,,0.0,0.0,0.0,,0.0,,85.0,78.0,-7.0,False,0.0,,False,2026-07-29 11:00,2026-07-29,11,2,False,MORNING,0.0,
1785319200000,0.0,0.0,0.0,0.0,0.0,0.0,,,0.0,0.0,0.0,48.44444444444444,9.0,85.0,78.0,69.0,-9.0,False,0.0,,False,2026-07-29 12:00,2026-07-29,12,2,False,MORNING,0.0,
1785322800000,120.0,86.0,2881.0,650.0,60382.0,16824.0,0.8025142947519281,23.403875968992246,94.0,16.0,15.0,37.1,10.0,44.0,68.0,63.0,-5.0,True,2.450816666666667,57.54918333333333,False,2026-07-29 13:00,2026-07-29,13,2,False,AFTERNOON,214.0,3.7185584156855978
1785326400000,152.0,105.0,3065.0,616.0,62721.0,19641.0,0.849551242682006,19.911428571428573,129.0,22.0,16.0,32.45454545454545,11.0,43.0,62.0,58.0,-4.0,True,5.641,54.359,False,2026-07-29 14:00,2026-07-29,14,2,False,AFTERNOON,281.0,5.169337184274913
1785330000000,118.0,53.0,1893.0,305.0,30603.0,4064.0,0.6300340437444907,19.247169811320756,102.0,23.0,9.0,33.0,10.0,53.0,57.0,53.0,-4.0,True,32.762483333333336,27.237516666666664,False,2026-07-29 15:00,2026-07-29,15,2,False,AFTERNOON,220.0,8.077094644580301
1785333600000,40.0,41.0,780.0,228.0,29355.0,3667.0,0.5431634478717833,23.865853658536587,77.0,16.0,5.0,34.7,10.0,60.0,52.0,49.0,-3.0,True,39.564733333333336,20.435266666666664,False,2026-07-29 16:00,2026-07-29,16,2,False,AFTERNOON,117.0,5.725396292031097
1785337200000,0.0,2.0,11.0,12.0,1451.0,200.0,0.6599364430191454,24.183333333333334,5.0,3.0,1.0,51.6,5.0,76.0,48.0,43.0,-5.0,True,0.9548,59.0452,False,2026-07-29 17:00,2026-07-29,17,2,False,AFTERNOON,5.0,0.08468088853962727
1785340800000,0.0,0.0,0.0,0.0,0.0,0.0,,,0.0,0.0,0.0,80.42857142857143,7.0,98.0,43.0,37.0,-6.0,False,0.0,,False,2026-07-29 18:00,2026-07-29,18,2,False,AFTERNOON,0.0,
1785344400000,0.0,0.0,0.0,0.0,0.0,0.0,,,0.0,0.0,0.0,60.083333333333336,12.0,80.0,37.0,32.0,-5.0,False,0.0,,False,2026-07-29 19:00,2026-07-29,19,2,False,EVENING,0.0,
1785348000000,0.0,0.0,0.0,0.0,0.0,0.0,,,0.0,0.0,0.0,78.7,10.0,94.0,32.0,25.0,-7.0,False,0.0,,False,2026-07-29 20:00,2026-07-29,20,2,False,EVENING,0.0,
1785351600000,0.0,0.0,0.0,0.0,0.0,0.0,,,0.0,0.0,0.0,62.0,9.0,85.0,25.0,21.0,-4.0,False,0.0,,False,2026-07-29 21:00,2026-07-29,21,2,False,EVENING,0.0,
1785355200000,0.0,0.0,0.0,0.0,0.0,0.0,,,0.0,0.0,0.0,50.18181818181818,11.0,74.0,20.0,18.0,-2.0,False,0.0,,False,2026-07-29 22:00,2026-07-29,22,2,False,EVENING,0.0,
1785358800000,0.0,0.0,0.0,0.0,0.0,0.0,,,0.0,0.0,0.0,53.166666666666664,6.0,98.0,18.0,14.0,-4.0,False,0.0,,False,2026-07-29 23:00,2026-07-29,23,2,False,EVENING,0.0,
1785362400000,0.0,0.0,0.0,0.0,0.0,0.0,,,0.0,0.0,0.0,16.916666666666668,12.0,38.0,14.0,18.0,4.0,False,0.0,,False,2026-07-30 00:00,2026-07-30,0,3,False,EVENING,0.0,
1785366000000,0.0,0.0,0.0,0.0,0.0,0.0,,,0.0,0.0,0.0,6.916666666666667,12.0,10.0,18.0,30.0,12.0,False,52.89265,,False,2026-07-30 01:00,2026-07-30,1,3,False,EVENING,0.0,
1785369600000,0.0,0.0,0.0,0.0,0.0,0.0,,,0.0,0.0,0.0,3.5,12.0,9.0,32.0,48.0,16.0,False,60.0,,False,2026-07-30 02:00,2026-07-30,2,3,False,EVENING,0.0,
1785373200000,0.0,0.0,0.0,0.0,0.0,0.0,,,0.0,0.0,0.0,4.5,12.0,10.0,50.0,65.0,15.0,False,60.0,,False,2026-07-30 03:00,2026-07-30,3,3,False,NIGHT,0.0,
1785376800000,0.0,0.0,0.0,0.0,0.0,0.0,,,0.0,0.0,0.0,3.6666666666666665,12.0,9.0,66.0,78.0,12.0,False,60.0,,False,2026-07-30 04:00,2026-07-30,4,3,False,NIGHT,0.0,
1785380400000,0.0,0.0,0.0,0.0,0.0,0.0,,,0.0,0.0,0.0,2.4166666666666665,12.0,5.0,78.0,91.0,13.0,False,60.0,,False,2026-07-30 05:00,2026-07-30,5,3,False,NIGHT,0.0,
1785384000000,0.0,0.0,0.0,0.0,0.0,0.0,,,0.0,0.0,0.0,2.1666666666666665,12.0,4.0,92.0,97.0,5.0,False,60.0,,False,2026-07-30 06:00,2026-07-30,6,3,False,NIGHT,0.0,
1785387600000,0.0,0.0,0.0,0.0,0.0,0.0,,,0.0,0.0,0.0,5.166666666666667,12.0,15.0,97.0,100.0,3.0,False,60.0,,False,2026-07-30 07:00,2026-07-30,7,3,False,MORNING,0.0,
1785391200000,0.0,0.0,0.0,0.0,0.0,0.0,,,0.0,0.0,0.0,4.833333333333333,12.0,9.0,100.0,100.0,0.0,False,60.0,,False,2026-07-30 08:00,2026-07-30,8,3,False,MORNING,0.0,
1785394800000,0.0,0.0,0.0,0.0,0.0,0.0,,,0.0,0.0,0.0,22.22222222222222,9.0,52.0,100.0,94.0,-6.0,False,60.0,,False,2026-07-30 09:00,2026-07-30,9,3,False,MORNING,0.0,
1785398400000,0.0,0.0,0.0,0.0,0.0,0.0,,,0.0,0.0,0.0,54.166666666666664,6.0,64.0,93.0,83.0,-10.0,False,60.0,,False,2026-07-30 10:00,2026-07-30,10,3,False,MORNING,0.0,
1785402000000,0.0,0.0,0.0,0.0,0.0,0.0,,,0.0,0.0,0.0,42.4,5.0,67.0,82.0,79.0,-3.0,False,60.0,,False,2026-07-30 11:00,2026-07-30,11,3,False,MORNING,0.0,
1785409200000,19.0,37.0,61.0,80.0,16214.0,1431.0,0.2552223074992211,14.607207207207207,31.0,17.0,5.0,,0.0,,,,,True,39.37825,20.62175,False,2026-07-30 13:00,2026-07-30,13,3,False,AFTERNOON,50.0,2.424624486282687
1785412800000,31.0,93.0,407.0,426.0,81130.0,5002.0,0.24913697693062822,29.078853046594983,32.0,7.0,7.0,,0.0,,,,,True,11.967866666666668,48.032133333333334,False,2026-07-30 14:00,2026-07-30,14,3,False,AFTERNOON,63.0,1.3116219419777315
1785416400000,71.0,62.0,169.0,119.0,24064.0,14241.0,0.4828975988030014,12.93763440860215,0.0,0.0,0.0,,0.0,,,,,True,24.9392,35.0608,False,2026-07-30 15:00,2026-07-30,15,3,False,AFTERNOON,71.0,2.025053621138137
1785420000000,62.0,83.0,552.0,162.0,21384.0,9965.0,0.3257236944317758,8.587951807228915,18.0,8.0,5.0,,0.0,,,,,True,10.41245,49.58755,False,2026-07-30 16:00,2026-07-30,16,3,False,AFTERNOON,80.0,1.613308179169973
1785423600000,17.0,65.0,161.0,214.0,55915.0,526.0,0.11234874279259262,28.674358974358977,24.0,5.0,3.0,,0.0,,,,,True,25.9799,34.0201,False,2026-07-30 17:00,2026-07-30,17,3,False,AFTERNOON,41.0,1.2051698848621843
1785427200000,17.0,38.0,221.0,67.0,10543.0,1459.0,0.2770965648234332,9.248245614035088,35.0,10.0,5.0,,0.0,,,,,True,13.600916666666667,46.39908333333334,False,2026-07-30 18:00,2026-07-30,18,3,False,AFTERNOON,52.0,1.1207117956712507
1785430800000,49.0,34.0,1372.0,121.0,20081.0,5604.0,0.8618861069708333,19.687254901960785,39.0,13.0,7.0,,0.0,,,,,True,18.39845,41.60155,False,2026-07-30 19:00,2026-07-30,19,3,False,EVENING,88.0,2.11530579990409
1785434400000,0.0,1.0,0.0,0.0,19.0,140.0,0.5279128601414407,0.6333333333333333,0.0,0.0,0.0,,0.0,,,,,True,15.132216666666666,44.867783333333335,False,2026-07-30 20:00,2026-07-30,20,3,False,EVENING,0.0,0.0
1785452400000,6.0,16.0,113.0,47.0,5973.0,1569.0,0.4379939496133054,12.44375,19.0,8.0,5.0,,0.0,,,,,True,53.09303333333333,6.906966666666669,False,2026-07-31 01:00,2026-07-31,1,4,False,EVENING,25.0,3.6195339005545115
1785481200000,0.0,1.0,0.0,0.0,0.0,2.0,0.0,0.0,0.0,0.0,0.0,,0.0,,,,,True,60.0,0.0,False,2026-07-31 09:00,2026-07-31,9,4,False,MORNING,0.0,
1785484800000,13.0,40.0,247.0,220.0,23384.0,12994.0,0.8741825662539859,19.486666666666668,51.0,22.0,11.0,,0.0,,,,,True,16.741716666666665,43.25828333333334,False,2026-07-31 10:00,2026-07-31,10,4,False,MORNING,64.0,1.479485431884529
1785488400000,4.0,4.0,11.0,11.0,2280.0,256.0,0.39287954896299326,19.0,3.0,3.0,2.0,,0.0,,,,,True,42.95655,17.04345,False,2026-07-31 11:00,2026-07-31,11,4,False,MORNING,7.0,0.41071496674675606
1785492000000,94.0,92.0,1622.0,363.0,52748.0,12291.0,0.6489293241625457,19.11159420289855,92.0,30.0,13.0,,0.0,,,,,True,7.200683333333333,52.79931666666667,False,2026-07-31 12:00,2026-07-31,12,4,False,MORNING,186.0,3.522772864169012
1785495600000,8.0,13.0,45.0,38.0,9667.0,3383.0,0.6411474241284305,24.78717948717949,8.0,5.0,1.0,,0.0,,,,,True,52.1031,7.896900000000002,False,2026-07-31 13:00,2026-07-31,13,4,False,AFTERNOON,16.0,2.0261115121123474
1785499200000,47.0,118.0,1731.0,668.0,89394.0,28600.0,0.7786510512305441,25.252542372881354,199.0,42.0,8.0,,0.0,,,,,True,0.0,60.0,False,2026-07-31 14:00,2026-07-31,14,4,False,AFTERNOON,246.0,4.1
1785502800000,21.0,27.0,367.0,124.0,18590.0,2801.0,0.5295311317008492,22.950617283950617,47.0,16.0,7.0,,0.0,,,,,True,47.356033333333336,12.643966666666664,False,2026-07-31 15:00,2026-07-31,15,4,False,AFTERNOON,68.0,5.378059100651432
1785506400000,41.0,64.0,440.0,342.0,45477.0,19007.0,0.7554260863141589,23.6859375,134.0,17.0,3.0,,0.0,,,,,True,27.761233333333333,32.23876666666666,False,2026-07-31 16:00,2026-07-31,16,4,False,AFTERNOON,175.0,5.428247358511441
1785510000000,18.0,42.0,399.0,217.0,26964.0,9124.0,0.805940122873755,21.4,78.0,13.0,5.0,,0.0,,,,,True,4.565066666666667,55.43493333333333,False,2026-07-31 17:00,2026-07-31,17,4,False,AFTERNOON,96.0,1.731759997306151
1785513600000,0.0,0.0,0.0,0.0,0.0,0.0,,,0.0,0.0,0.0,77.5,2.0,82.0,42.0,40.0,-2.0,False,0.0,,False,2026-07-31 18:00,2026-07-31,18,4,False,AFTERNOON,0.0,
1785517200000,0.0,0.0,0.0,0.0,0.0,0.0,,,0.0,0.0,0.0,70.9090909090909,11.0,99.0,39.0,34.0,-5.0,False,0.0,,False,2026-07-31 19:00,2026-07-31,19,4,False,EVENING,0.0,
1785520800000,0.0,0.0,0.0,0.0,0.0,0.0,,,0.0,0.0,0.0,73.3,10.0,84.0,34.0,29.0,-5.0,False,0.0,,False,2026-07-31 20:00,2026-07-31,20,4,False,EVENING,0.0,
1785524400000,0.0,0.0,0.0,0.0,0.0,0.0,,,0.0,0.0,0.0,65.33333333333333,9.0,91.0,29.0,25.0,-4.0,False,0.0,,False,2026-07-31 21:00,2026-07-31,21,4,False,EVENING,0.0,
1785528000000,0.0,0.0,0.0,0.0,0.0,0.0,,,0.0,0.0,0.0,75.33333333333333,12.0,94.0,24.0,20.0,-4.0,False,0.0,,False,2026-07-31 22:00,2026-07-31,22,4,False,EVENING,0.0,
1785531600000,0.0,0.0,0.0,0.0,0.0,0.0,,,0.0,0.0,0.0,89.9,10.0,94.0,20.0,13.0,-7.0,False,0.0,,False,2026-07-31 23:00,2026-07-31,23,4,False,EVENING,0.0,
1785535200000,0.0,0.0,0.0,0.0,0.0,0.0,,,0.0,0.0,0.0,93.7,10.0,99.0,13.0,8.0,-5.0,False,0.0,,False,2026-08-01 00:00,2026-08-01,0,5,True,EVENING,0.0,
1785538800000,0.0,0.0,0.0,0.0,0.0,0.0,,,0.0,0.0,0.0,75.71428571428571,7.0,92.0,8.0,5.0,-3.0,False,26.184183333333333,,False,2026-08-01 01:00,2026-08-01,1,5,True,EVENING,0.0,
1785542400000,0.0,0.0,0.0,0.0,0.0,0.0,,,0.0,0.0,0.0,56.2,10.0,77.0,5.0,5.0,0.0,False,60.0,,False,2026-08-01 02:00,2026-08-01,2,5,True,EVENING,0.0,
1785546000000,0.0,0.0,0.0,0.0,0.0,0.0,,,0.0,0.0,0.0,27.0,12.0,32.0,5.0,6.0,1.0,False,60.0,,False,2026-08-01 03:00,2026-08-01,3,5,True,NIGHT,0.0,
1785549600000,0.0,0.0,0.0,0.0,0.0,0.0,,,0.0,0.0,0.0,29.0,12.0,64.0,6.0,11.0,5.0,False,60.0,,False,2026-08-01 04:00,2026-08-01,4,5,True,NIGHT,0.0,
1785553200000,0.0,0.0,0.0,0.0,0.0,0.0,,,0.0,0.0,0.0,16.5,12.0,22.0,11.0,22.0,11.0,False,60.0,,False,2026-08-01 05:00,2026-08-01,5,5,True,NIGHT,0.0,
1785556800000,0.0,0.0,0.0,0.0,0.0,0.0,,,0.0,0.0,0.0,11.416666666666666,12.0,16.0,23.0,33.0,10.0,False,60.0,,False,2026-08-01 06:00,2026-08-01,6,5,True,NIGHT,0.0,
1785560400000,0.0,0.0,0.0,0.0,0.0,0.0,,,0.0,0.0,0.0,8.083333333333334,12.0,14.0,34.0,45.0,11.0,False,60.0,,False,2026-08-01 07:00,2026-08-01,7,5,True,MORNING,0.0,
1785564000000,0.0,0.0,0.0,0.0,0.0,0.0,,,0.0,0.0,0.0,8.75,12.0,15.0,46.0,55.0,9.0,False,60.0,,False,2026-08-01 08:00,2026-08-01,8,5,True,MORNING,0.0,
1785567600000,0.0,0.0,0.0,0.0,0.0,0.0,,,0.0,0.0,0.0,7.833333333333333,12.0,13.0,56.0,67.0,11.0,False,60.0,,False,2026-08-01 09:00,2026-08-01,9,5,True,MORNING,0.0,
1785571200000,0.0,0.0,0.0,0.0,0.0,0.0,,,0.0,0.0,0.0,8.333333333333334,12.0,11.0,68.0,77.0,9.0,False,60.0,,False,2026-08-01 10:00,2026-08-01,10,5,True,MORNING,0.0,
1785574800000,0.0,0.0,0.0,0.0,0.0,0.0,,,0.0,0.0,0.0,16.666666666666668,12.0,55.0,78.0,83.0,5.0,False,60.0,,False,2026-08-01 11:00,2026-08-01,11,5,True,MORNING,0.0,
1785578400000,0.0,0.0,0.0,0.0,0.0,0.0,,,0.0,0.0,0.0,48.25,8.0,69.0,83.0,76.0,-7.0,False,60.0,,False,2026-08-01 12:00,2026-08-01,12,5,True,MORNING,0.0,
1785582000000,0.0,0.0,0.0,0.0,0.0,0.0,,,0.0,0.0,0.0,67.55555555555556,9.0,97.0,76.0,68.0,-8.0,False,60.0,,False,2026-08-01 13:00,2026-08-01,13,5,True,AFTERNOON,0.0,
1785585600000,0.0,0.0,0.0,0.0,0.0,0.0,,,0.0,0.0,0.0,42.5,8.0,63.0,67.0,63.0,-4.0,False,60.0,,False,2026-08-01 14:00,2026-08-01,14,5,True,AFTERNOON,0.0,
1785589200000,0.0,0.0,0.0,0.0,0.0,0.0,,,0.0,0.0,0.0,42.111111111111114,9.0,62.0,63.0,58.0,-5.0,False,60.0,,False,2026-08-01 15:00,2026-08-01,15,5,True,AFTERNOON,0.0,
1785592800000,0.0,0.0,0.0,0.0,0.0,0.0,,,0.0,0.0,0.0,59.333333333333336,6.0,65.0,58.0,53.0,-5.0,False,60.0,,False,2026-08-01 16:00,2026-08-01,16,5,True,AFTERNOON,0.0,
1785596400000,0.0,0.0,0.0,0.0,0.0,0.0,,,0.0,0.0,0.0,51.142857142857146,7.0,58.0,53.0,49.0,-4.0,False,60.0,,False,2026-08-01 17:00,2026-08-01,17,5,True,AFTERNOON,0.0,
1785600000000,0.0,0.0,0.0,0.0,0.0,0.0,,,0.0,0.0,0.0,52.666666666666664,6.0,85.0,48.0,44.0,-4.0,False,60.0,,False,2026-08-01 18:00,2026-08-01,18,5,True,AFTERNOON,0.0,
1785603600000,0.0,0.0,0.0,0.0,0.0,0.0,,,0.0,0.0,0.0,85.5,2.0,89.0,44.0,39.0,-5.0,False,60.0,,False,2026-08-01 19:00,2026-08-01,19,5,True,EVENING,0.0,
1785607200000,0.0,0.0,0.0,0.0,0.0,0.0,,,0.0,0.0,0.0,92.5,8.0,99.0,39.0,32.0,-7.0,False,60.0,,False,2026-08-01 20:00,2026-08-01,20,5,True,EVENING,0.0,
1785610800000,0.0,0.0,0.0,0.0,0.0,0.0,,,0.0,0.0,0.0,93.11111111111111,9.0,96.0,32.0,25.0,-7.0,False,60.0,,False,2026-08-01 21:00,2026-08-01,21,5,True,EVENING,0.0,
1785614400000,0.0,0.0,0.0,0.0,0.0,0.0,,,0.0,0.0,0.0,95.57142857142857,7.0,98.0,25.0,19.0,-6.0,False,60.0,,False,2026-08-01 22:00,2026-08-01,22,5,True,EVENING,0.0,
1785618000000,0.0,0.0,0.0,0.0,0.0,0.0,,,0.0,0.0,0.0,98.8,5.0,100.0,19.0,16.0,-3.0,False,60.0,,False,2026-08-01 23:00,2026-08-01,23,5,True,EVENING,0.0,
1785621600000,0.0,0.0,0.0,0.0,0.0,0.0,,,0.0,0.0,0.0,89.5,6.0,98.0,16.0,11.0,-5.0,False,60.0,,False,2026-08-02 00:00,2026-08-02,0,6,True,EVENING,0.0,
1785625200000,0.0,0.0,0.0,0.0,0.0,0.0,,,0.0,0.0,0.0,75.41666666666667,12.0,89.0,11.0,8.0,-3.0,False,60.0,,False,2026-08-02 01:00,2026-08-02,1,6,True,EVENING,0.0,
1785628800000,0.0,0.0,0.0,0.0,0.0,0.0,,,0.0,0.0,0.0,92.75,8.0,98.0,8.0,5.0,-3.0,False,60.0,,False,2026-08-02 02:00,2026-08-02,2,6,True,EVENING,0.0,
1785632400000,0.0,0.0,0.0,0.0,0.0,0.0,,,0.0,0.0,0.0,82.4,10.0,96.0,5.0,5.0,0.0,False,60.0,,False,2026-08-02 03:00,2026-08-02,3,6,True,NIGHT,0.0,
1785636000000,0.0,0.0,0.0,0.0,0.0,0.0,,,0.0,0.0,0.0,80.63636363636364,11.0,96.0,5.0,5.0,0.0,False,60.0,,False,2026-08-02 04:00,2026-08-02,4,6,True,NIGHT,0.0,
1785639600000,0.0,0.0,0.0,0.0,0.0,0.0,,,0.0,0.0,0.0,45.5,10.0,85.0,5.0,5.0,0.0,False,60.0,,True,2026-08-02 05:00,2026-08-02,5,6,True,NIGHT,0.0,
1785643200000,0.0,0.0,0.0,0.0,0.0,0.0,,,0.0,0.0,0.0,17.5,12.0,21.0,5.0,5.0,0.0,False,60.0,,False,2026-08-02 06:00,2026-08-02,6,6,True,NIGHT,0.0,
1785646800000,0.0,0.0,0.0,0.0,0.0,0.0,,,0.0,0.0,0.0,12.0,12.0,18.0,6.0,18.0,12.0,False,60.0,,False,2026-08-02 07:00,2026-08-02,7,6,True,MORNING,0.0,
1785650400000,0.0,0.0,0.0,0.0,0.0,0.0,,,0.0,0.0,0.0,6.083333333333333,12.0,12.0,20.0,36.0,16.0,False,60.0,,False,2026-08-02 08:00,2026-08-02,8,6,True,MORNING,0.0,
1785654000000,0.0,0.0,0.0,0.0,0.0,0.0,,,0.0,0.0,0.0,6.333333333333333,12.0,12.0,36.0,51.0,15.0,False,60.0,,False,2026-08-02 09:00,2026-08-02,9,6,True,MORNING,0.0,
1785657600000,0.0,0.0,0.0,0.0,0.0,0.0,,,0.0,0.0,0.0,6.083333333333333,12.0,8.0,52.0,65.0,13.0,False,60.0,,False,2026-08-02 10:00,2026-08-02,10,6,True,MORNING,0.0,
1785661200000,0.0,0.0,0.0,0.0,0.0,0.0,,,0.0,0.0,0.0,29.875,8.0,98.0,66.0,68.0,2.0,False,60.0,,False,2026-08-02 11:00,2026-08-02,11,6,True,MORNING,0.0,
1785664800000,0.0,0.0,0.0,0.0,0.0,0.0,,,0.0,0.0,0.0,97.0,1.0,97.0,67.0,58.0,-9.0,False,60.0,,True,2026-08-02 12:00,2026-08-02,12,6,True,MORNING,0.0,
1785668400000,0.0,0.0,0.0,0.0,0.0,0.0,,,0.0,0.0,0.0,,0.0,,56.0,48.0,-8.0,False,60.0,,True,2026-08-02 13:00,2026-08-02,13,6,True,AFTERNOON,0.0,
1785672000000,0.0,0.0,0.0,0.0,0.0,0.0,,,0.0,0.0,0.0,,0.0,,48.0,45.0,-3.0,False,60.0,,True,2026-08-02 14:00,2026-08-02,14,6,True,AFTERNOON,0.0,
1785675600000,0.0,0.0,0.0,0.0,0.0,0.0,,,0.0,0.0,0.0,77.375,8.0,97.0,44.0,39.0,-5.0,False,60.0,,False,2026-08-02 15:00,2026-08-02,15,6,True,AFTERNOON,0.0,
1785679200000,0.0,0.0,0.0,0.0,0.0,0.0,,,0.0,0.0,0.0,67.5,12.0,84.0,39.0,34.0,-5.0,False,60.0,,False,2026-08-02 16:00,2026-08-02,16,6,True,AFTERNOON,0.0,
1785682800000,0.0,0.0,0.0,0.0,0.0,0.0,,,0.0,0.0,0.0,73.66666666666667,3.0,86.0,33.0,30.0,-3.0,False,60.0,,False,2026-08-02 17:00,2026-08-02,17,6,True,AFTERNOON,0.0,
1785686400000,0.0,0.0,0.0,0.0,0.0,0.0,,,0.0,0.0,0.0,17.5,2.0,18.0,29.0,28.0,-1.0,False,60.0,,False,2026-08-02 18:00,2026-08-02,18,6,True,AFTERNOON,0.0,
1785690000000,24.0,20.0,780.0,81.0,10533.0,1413.0,0.5028409716808635,17.555,24.0,7.0,4.0,18.0,1.0,18.0,27.0,27.0,0.0,True,21.6607,38.3393,False,2026-08-02 19:00,2026-08-02,19,6,True,EVENING,48.0,1.2519790397842423
1785704400000,0.0,0.0,0.0,0.0,0.0,0.0,,,0.0,0.0,0.0,34.0,11.0,76.0,16.0,16.0,0.0,False,60.0,,False,2026-08-02 23:00,2026-08-02,23,6,True,EVENING,0.0,
1785708000000,0.0,0.0,0.0,0.0,0.0,0.0,,,0.0,0.0,0.0,17.0,12.0,31.0,16.0,19.0,3.0,False,60.0,,False,2026-08-03 00:00,2026-08-03,0,0,False,EVENING,0.0,
1785711600000,0.0,0.0,0.0,0.0,0.0,0.0,,,0.0,0.0,0.0,9.0,12.0,16.0,19.0,29.0,10.0,False,60.0,,False,2026-08-03 01:00,2026-08-03,1,0,False,EVENING,0.0,
1785715200000,0.0,0.0,0.0,0.0,0.0,0.0,,,0.0,0.0,0.0,6.416666666666667,12.0,12.0,30.0,45.0,15.0,False,60.0,,False,2026-08-03 02:00,2026-08-03,2,0,False,EVENING,0.0,
1785718800000,0.0,0.0,0.0,0.0,0.0,0.0,,,0.0,0.0,0.0,13.0,12.0,17.0,46.0,58.0,12.0,False,60.0,,False,2026-08-03 03:00,2026-08-03,3,0,False,NIGHT,0.0,
1785722400000,0.0,0.0,0.0,0.0,0.0,0.0,,,0.0,0.0,0.0,9.083333333333334,12.0,14.0,59.0,71.0,12.0,False,60.0,,False,2026-08-03 04:00,2026-08-03,4,0,False,NIGHT,0.0,
1785726000000,0.0,0.0,0.0,0.0,0.0,0.0,,,0.0,0.0,0.0,10.083333333333334,12.0,15.0,72.0,80.0,8.0,False,60.0,,False,2026-08-03 05:00,2026-08-03,5,0,False,NIGHT,0.0,
1785729600000,0.0,0.0,0.0,0.0,0.0,0.0,,,0.0,0.0,0.0,8.083333333333334,12.0,13.0,81.0,89.0,8.0,False,60.0,,False,2026-08-03 06:00,2026-08-03,6,0,False,NIGHT,0.0,
1785733200000,0.0,0.0,0.0,0.0,0.0,0.0,,,0.0,0.0,0.0,8.083333333333334,12.0,12.0,90.0,97.0,7.0,False,60.0,,False,2026-08-03 07:00,2026-08-03,7,0,False,MORNING,0.0,
1785736800000,0.0,0.0,0.0,0.0,0.0,0.0,,,0.0,0.0,0.0,10.333333333333334,12.0,18.0,98.0,100.0,2.0,False,60.0,,False,2026-08-03 08:00,2026-08-03,8,0,False,MORNING,0.0,
1785740400000,0.0,0.0,0.0,0.0,0.0,0.0,,,0.0,0.0,0.0,8.75,12.0,20.0,100.0,100.0,0.0,False,60.0,,False,2026-08-03 09:00,2026-08-03,9,0,False,MORNING,0.0,
1785744000000,0.0,0.0,0.0,0.0,0.0,0.0,,,0.0,0.0,0.0,20.666666666666668,3.0,41.0,100.0,95.0,-5.0,False,60.0,,True,2026-08-03 10:00,2026-08-03,10,0,False,MORNING,0.0,
1785747600000,0.0,0.0,0.0,0.0,0.0,0.0,,,0.0,0.0,0.0,60.2,5.0,92.0,94.0,86.0,-8.0,False,60.0,,True,2026-08-03 11:00,2026-08-03,11,0,False,MORNING,0.0,
1785751200000,41.0,32.0,806.0,199.0,21571.0,3569.0,0.5965638854179334,22.469791666666666,55.0,14.0,8.0,41.81818181818182,11.0,93.0,85.0,79.0,-6.0,True,43.63445,16.36555,False,2026-08-03 12:00,2026-08-03,12,0,False,MORNING,96.0,5.865980672815763
1785754800000,29.0,21.0,308.0,108.0,11244.0,3691.0,0.6462166336258471,17.847619047619048,24.0,10.0,5.0,28.363636363636363,11.0,38.0,78.0,74.0,-4.0,True,50.5397,9.460299999999997,False,2026-08-03 13:00,2026-08-03,13,0,False,AFTERNOON,53.0,5.602359333213537
1785758400000,57.0,73.0,428.0,148.0,24699.0,6720.0,0.5059734717069224,11.278082191780822,16.0,7.0,5.0,32.25,12.0,48.0,74.0,69.0,-5.0,True,13.4626,46.5374,False,2026-08-03 14:00,2026-08-03,14,0,False,AFTERNOON,73.0,1.5686308216617173
1785762000000,98.0,80.0,3178.0,395.0,37735.0,5660.0,0.618857336958218,15.722916666666666,27.0,16.0,12.0,20.166666666666668,12.0,25.0,68.0,67.0,-1.0,True,20.194516666666665,39.805483333333335,False,2026-08-03 15:00,2026-08-03,15,0,False,AFTERNOON,125.0,3.1402708755786994
1785765600000,64.0,41.0,219.0,125.0,11487.0,1717.0,0.41822769366436013,9.339024390243903,20.0,5.0,5.0,23.333333333333332,12.0,29.0,67.0,64.0,-3.0,True,32.761833333333335,27.238166666666665,False,2026-08-03 16:00,2026-08-03,16,0,False,AFTERNOON,84.0,3.083907996744764
1785769200000,44.0,39.0,1084.0,168.0,18172.0,4620.0,0.6611892513192971,15.531623931623932,19.0,12.0,7.0,18.375,8.0,28.0,64.0,62.0,-2.0,True,38.5603,21.439700000000002,False,2026-08-03 17:00,2026-08-03,17,0,False,AFTERNOON,63.0,2.9384739525273207
1785772800000,130.0,115.0,3045.0,581.0,75926.0,10167.0,0.5328209403908599,22.007536231884057,100.0,26.0,12.0,29.833333333333332,12.0,43.0,62.0,58.0,-4.0,True,0.0,60.0,False,2026-08-03 18:00,2026-08-03,18,0,False,AFTERNOON,230.0,3.8333333333333335
1785776400000,79.0,76.0,1827.0,285.0,35331.0,15288.0,0.7502864132465938,15.496052631578948,43.0,16.0,12.0,26.333333333333332,9.0,31.0,58.0,54.0,-4.0,True,20.699833333333334,39.30016666666667,False,2026-08-03 19:00,2026-08-03,19,0,False,EVENING,122.0,3.104312534722075
1785780000000,0.0,0.0,0.0,0.0,0.0,0.0,,,0.0,0.0,0.0,,0.0,,54.0,45.0,-9.0,False,60.0,,True,2026-08-03 20:00,2026-08-03,20,0,False,EVENING,0.0,
1785783600000,0.0,0.0,0.0,0.0,0.0,0.0,,,0.0,0.0,0.0,,0.0,,44.0,36.0,-8.0,False,60.0,,True,2026-08-03 21:00,2026-08-03,21,0,False,EVENING,0.0,
1785787200000,0.0,0.0,0.0,0.0,0.0,0.0,,,0.0,0.0,0.0,67.0,1.0,67.0,36.0,34.0,-2.0,False,60.0,,True,2026-08-03 22:00,2026-08-03,22,0,False,EVENING,0.0,
1785790800000,0.0,0.0,0.0,0.0,0.0,0.0,,,0.0,0.0,0.0,74.41666666666667,12.0,88.0,33.0,27.0,-6.0,False,60.0,,False,2026-08-03 23:00,2026-08-03,23,0,False,EVENING,0.0,
1785794400000,0.0,0.0,0.0,0.0,0.0,0.0,,,0.0,0.0,0.0,63.77777777777778,9.0,74.0,27.0,23.0,-4.0,False,60.0,,False,2026-08-04 00:00,2026-08-04,0,1,False,EVENING,0.0,
1785798000000,0.0,0.0,0.0,0.0,0.0,0.0,,,0.0,0.0,0.0,36.875,8.0,97.0,23.0,23.0,0.0,False,60.0,,False,2026-08-04 01:00,2026-08-04,1,1,False,EVENING,0.0,
1785801600000,0.0,0.0,0.0,0.0,0.0,0.0,,,0.0,0.0,0.0,9.416666666666666,12.0,12.0,23.0,30.0,7.0,False,60.0,,False,2026-08-04 02:00,2026-08-04,2,1,False,EVENING,0.0,
1785805200000,0.0,0.0,0.0,0.0,0.0,0.0,,,0.0,0.0,0.0,11.666666666666666,12.0,20.0,30.0,38.0,8.0,False,60.0,,False,2026-08-04 03:00,2026-08-04,3,1,False,NIGHT,0.0,
1785808800000,0.0,0.0,0.0,0.0,0.0,0.0,,,0.0,0.0,0.0,4.666666666666667,12.0,8.0,38.0,53.0,15.0,False,60.0,,False,2026-08-04 04:00,2026-08-04,4,1,False,NIGHT,0.0,
1785812400000,0.0,0.0,0.0,0.0,0.0,0.0,,,0.0,0.0,0.0,4.583333333333333,12.0,7.0,54.0,67.0,13.0,False,60.0,,False,2026-08-04 05:00,2026-08-04,5,1,False,NIGHT,0.0,
1785816000000,0.0,0.0,0.0,0.0,0.0,0.0,,,0.0,0.0,0.0,5.416666666666667,12.0,10.0,68.0,77.0,9.0,False,60.0,,False,2026-08-04 06:00,2026-08-04,6,1,False,NIGHT,0.0,
1785819600000,0.0,0.0,0.0,0.0,0.0,0.0,,,0.0,0.0,0.0,5.666666666666667,12.0,9.0,78.0,88.0,10.0,False,60.0,,False,2026-08-04 07:00,2026-08-04,7,1,False,MORNING,0.0,
1785823200000,0.0,0.0,0.0,0.0,0.0,0.0,,,0.0,0.0,0.0,12.416666666666666,12.0,18.0,89.0,95.0,6.0,False,60.0,,False,2026-08-04 08:00,2026-08-04,8,1,False,MORNING,0.0,
1785826800000,0.0,0.0,0.0,0.0,0.0,0.0,,,0.0,0.0,0.0,8.333333333333334,12.0,17.0,95.0,97.0,2.0,False,60.0,,False,2026-08-04 09:00,2026-08-04,9,1,False,MORNING,0.0,
1785830400000,0.0,0.0,0.0,0.0,0.0,0.0,,,0.0,0.0,0.0,11.6,5.0,18.0,97.0,92.0,-5.0,False,60.0,,False,2026-08-04 10:00,2026-08-04,10,1,False,MORNING,0.0,
1785834000000,0.0,0.0,0.0,0.0,0.0,0.0,,,0.0,0.0,0.0,,0.0,,92.0,85.0,-7.0,False,60.0,,False,2026-08-04 11:00,2026-08-04,11,1,False,MORNING,0.0,
1785837600000,0.0,0.0,0.0,0.0,0.0,0.0,,,0.0,0.0,0.0,,0.0,,84.0,77.0,-7.0,False,60.0,,False,2026-08-04 12:00,2026-08-04,12,1,False,MORNING,0.0,
1785841200000,71.0,21.0,608.0,170.0,13790.0,2490.0,0.7157099351789865,21.88888888888889,1.0,1.0,1.0,,0.0,,77.0,74.0,-3.0,True,49.61566666666667,10.38433333333333,False,2026-08-04 13:00,2026-08-04,13,1,False,AFTERNOON,72.0,6.933521651205344
1785844800000,29.0,18.0,462.0,80.0,7275.0,1953.0,0.6769629516456296,13.472222222222223,8.0,5.0,2.0,,0.0,,,,,True,17.5145,42.4855,False,2026-08-04 14:00,2026-08-04,14,1,False,AFTERNOON,37.0,0.8708853608878323
1785848400000,14.0,6.0,381.0,20.0,1973.0,0.0,0.3958081091850388,10.96111111111111,0.0,0.0,0.0,,0.0,,,,,True,0.0,60.0,False,2026-08-04 15:00,2026-08-04,15,1,False,AFTERNOON,14.0,0.23333333333333334
1785859200000,0.0,0.0,0.0,0.0,0.0,0.0,,,0.0,0.0,0.0,,0.0,,44.0,44.0,0.0,False,60.0,,False,2026-08-04 18:00,2026-08-04,18,1,False,AFTERNOON,0.0,
1785862800000,0.0,0.0,0.0,0.0,0.0,0.0,,,0.0,0.0,0.0,82.7,10.0,98.0,44.0,36.0,-8.0,False,60.0,,False,2026-08-04 19:00,2026-08-04,19,1,False,EVENING,0.0,
1785866400000,0.0,0.0,0.0,0.0,0.0,0.0,,,0.0,0.0,0.0,66.0,10.0,98.0,36.0,30.0,-6.0,False,60.0,,False,2026-08-04 20:00,2026-08-04,20,1,False,EVENING,0.0,
1785870000000,37.0,77.0,325.0,394.0,68183.0,4180.0,0.2545987092478209,29.516450216450217,60.0,12.0,12.0,87.16666666666667,12.0,96.0,30.0,23.0,-7.0,True,21.760416666666668,38.23958333333333,False,2026-08-04 21:00,2026-08-04,21,1,False,EVENING,97.0,2.5366385181149553
1785873600000,0.0,28.0,1.0,109.0,26599.0,0.0,0.03841755564183277,31.665476190476188,0.0,0.0,0.0,79.0,12.0,94.0,23.0,18.0,-5.0,True,46.20588333333333,13.794116666666667,False,2026-08-04 22:00,2026-08-04,22,1,False,EVENING,0.0,0.0
1785877200000,0.0,0.0,0.0,0.0,0.0,0.0,,,0.0,0.0,0.0,55.2,5.0,76.0,18.0,14.0,-4.0,False,60.0,,False,2026-08-04 23:00,2026-08-04,23,1,False,EVENING,0.0,
1785880800000,0.0,0.0,0.0,0.0,0.0,0.0,,,0.0,0.0,0.0,48.2,5.0,73.0,14.0,11.0,-3.0,False,60.0,,False,2026-08-05 00:00,2026-08-05,0,2,False,EVENING,0.0,
1785884400000,0.0,0.0,0.0,0.0,0.0,0.0,,,0.0,0.0,0.0,36.0,6.0,55.0,11.0,9.0,-2.0,False,60.0,,False,2026-08-05 01:00,2026-08-05,1,2,False,EVENING,0.0,
1785888000000,2.0,60.0,25.0,121.0,27307.0,5856.0,0.3008083825546525,15.170555555555556,4.0,4.0,4.0,17.5,12.0,26.0,9.0,12.0,3.0,True,13.613983333333334,46.38601666666666,False,2026-08-05 02:00,2026-08-05,2,2,False,EVENING,6.0,0.12934932617983652
1785891600000,0.0,0.0,0.0,0.0,0.0,0.0,,,0.0,0.0,0.0,8.666666666666666,12.0,14.0,12.0,24.0,12.0,False,0.0,,False,2026-08-05 03:00,2026-08-05,3,2,False,NIGHT,0.0,
1785895200000,0.0,0.0,0.0,0.0,0.0,0.0,,,0.0,0.0,0.0,9.583333333333334,12.0,25.0,24.0,39.0,15.0,False,0.0,,False,2026-08-05 04:00,2026-08-05,4,2,False,NIGHT,0.0,
1785898800000,0.0,0.0,0.0,0.0,0.0,0.0,,,0.0,0.0,0.0,4.416666666666667,12.0,8.0,40.0,56.0,16.0,False,0.0,,False,2026-08-05 05:00,2026-08-05,5,2,False,NIGHT,0.0,
1785902400000,0.0,0.0,0.0,0.0,0.0,0.0,,,0.0,0.0,0.0,4.083333333333333,12.0,14.0,58.0,71.0,13.0,False,0.0,,False,2026-08-05 06:00,2026-08-05,6,2,False,NIGHT,0.0,
1785906000000,0.0,0.0,0.0,0.0,0.0,0.0,,,0.0,0.0,0.0,4.583333333333333,12.0,10.0,72.0,84.0,12.0,False,37.291016666666664,,False,2026-08-05 07:00,2026-08-05,7,2,False,MORNING,0.0,
1785909600000,0.0,0.0,0.0,0.0,0.0,0.0,,,0.0,0.0,0.0,9.916666666666666,12.0,18.0,84.0,91.0,7.0,False,60.0,,False,2026-08-05 08:00,2026-08-05,8,2,False,MORNING,0.0,
1785913200000,0.0,0.0,0.0,0.0,0.0,0.0,,,0.0,0.0,0.0,6.166666666666667,12.0,10.0,91.0,99.0,8.0,False,60.0,,False,2026-08-05 09:00,2026-08-05,9,2,False,MORNING,0.0,
1785916800000,0.0,0.0,0.0,0.0,0.0,0.0,,,0.0,0.0,0.0,13.25,12.0,30.0,99.0,100.0,1.0,False,60.0,,False,2026-08-05 10:00,2026-08-05,10,2,False,MORNING,0.0,
1785920400000,0.0,0.0,0.0,0.0,0.0,0.0,,,0.0,0.0,0.0,20.0,12.0,38.0,100.0,96.0,-4.0,False,60.0,,False,2026-08-05 11:00,2026-08-05,11,2,False,MORNING,0.0,
1785924000000,0.0,0.0,0.0,0.0,0.0,0.0,,,0.0,0.0,0.0,20.125,8.0,40.0,96.0,92.0,-4.0,False,60.0,,False,2026-08-05 12:00,2026-08-05,12,2,False,MORNING,0.0,
1785927600000,64.0,88.0,367.0,478.0,79956.0,5234.0,0.32519097149354914,30.28636363636364,74.0,15.0,14.0,48.63636363636363,11.0,64.0,91.0,82.0,-9.0,True,15.755133333333333,44.24486666666667,False,2026-08-05 13:00,2026-08-05,13,2,False,AFTERNOON,138.0,3.1190058959758797
1785931200000,4.0,38.0,149.0,231.0,38174.0,1520.0,0.23026969412681045,33.4859649122807,61.0,19.0,10.0,26.083333333333332,12.0,40.0,82.0,78.0,-4.0,True,41.26206666666667,18.73793333333333,False,2026-08-05 14:00,2026-08-05,14,2,False,AFTERNOON,65.0,3.4688990959515285
1785934800000,33.0,31.0,285.0,191.0,20004.0,2906.0,0.530813541092949,21.509677419354837,112.0,18.0,11.0,27.25,8.0,69.0,78.0,72.0,-6.0,True,27.471716666666666,32.528283333333334,False,2026-08-05 15:00,2026-08-05,15,2,False,AFTERNOON,145.0,4.457659155084011
1785938400000,42.0,43.0,206.0,163.0,36480.0,3567.0,0.3381632225670063,28.27906976744186,8.0,3.0,3.0,39.42857142857143,7.0,96.0,71.0,66.0,-5.0,True,0.0,60.0,False,2026-08-05 16:00,2026-08-05,16,2,False,AFTERNOON,50.0,0.8333333333333334
1785942000000,11.0,84.0,96.0,287.0,73808.0,4281.0,0.20584346747258583,29.288888888888888,37.0,9.0,5.0,22.8,10.0,32.0,66.0,63.0,-3.0,True,13.497766666666667,46.502233333333336,False,2026-08-05 17:00,2026-08-05,17,2,False,AFTERNOON,48.0,1.0322084889112852
1785945600000,25.0,88.0,120.0,376.0,68283.0,5928.0,0.2951975645584302,25.86477272727273,67.0,15.0,5.0,24.666666666666668,12.0,36.0,62.0,59.0,-3.0,True,10.507883333333334,49.49211666666667,False,2026-08-05 18:00,2026-08-05,18,2,False,AFTERNOON,92.0,1.8588819027407395
1785949200000,0.0,39.0,86.0,60.0,8208.0,499.0,0.24742209234232623,7.015384615384615,48.0,6.0,6.0,63.8,10.0,91.0,59.0,51.0,-8.0,True,33.9175,26.082500000000003,False,2026-08-05 19:00,2026-08-05,19,2,False,EVENING,48.0,1.8403143870411194
1785952800000,9.0,19.0,37.0,32.0,4651.0,720.0,0.16543764049642362,8.159649122807018,4.0,2.0,2.0,46.27272727272727,11.0,74.0,51.0,46.0,-5.0,True,52.75698333333333,7.243016666666669,False,2026-08-05 20:00,2026-08-05,20,2,False,EVENING,13.0,1.7948322637206866
1785956400000,60.0,76.0,3068.0,94.0,19445.0,8088.0,0.6307432750003417,8.528508771929825,13.0,7.0,5.0,40.81818181818182,11.0,54.0,46.0,42.0,-4.0,True,16.073566666666668,43.926433333333335,False,2026-08-05 21:00,2026-08-05,21,2,False,EVENING,73.0,1.6618695045428227
1785960000000,14.0,17.0,73.0,24.0,3819.0,4179.0,0.48854418689761775,7.488235294117647,0.0,0.0,0.0,40.25,12.0,62.0,41.0,38.0,-3.0,True,51.253416666666666,8.746583333333334,False,2026-08-05 22:00,2026-08-05,22,2,False,EVENING,14.0,1.600625005954706
1785963600000,64.0,100.0,524.0,312.0,66939.0,3520.0,0.2216508390336755,22.313,5.0,4.0,3.0,76.83333333333333,12.0,89.0,37.0,30.0,-7.0,True,6.4665,53.533500000000004,False,2026-08-05 23:00,2026-08-05,23,2,False,EVENING,69.0,1.2889125500854604
1785967200000,116.0,61.0,1779.0,152.0,25238.0,6129.0,0.5326069638614285,13.791256830601093,4.0,3.0,2.0,49.416666666666664,12.0,70.0,30.0,26.0,-4.0,True,28.79928333333333,31.20071666666667,False,2026-08-06 00:00,2026-08-06,0,3,False,EVENING,120.0,3.8460655017005485
1785970800000,99.0,57.0,1170.0,120.0,20639.0,8272.0,0.6608048548775936,12.069590643274854,1.0,1.0,1.0,32.45454545454545,11.0,68.0,26.0,24.0,-2.0,True,19.832866666666668,40.16713333333333,False,2026-08-06 01:00,2026-08-06,1,3,False,EVENING,100.0,2.4895976312308403
1785974400000,0.0,0.0,0.0,0.0,0.0,0.0,,,0.0,0.0,0.0,24.916666666666668,12.0,58.0,24.0,25.0,1.0,False,0.0,,False,2026-08-06 02:00,2026-08-06,2,3,False,EVENING,0.0,
1785978000000,0.0,0.0,0.0,0.0,0.0,0.0,,,0.0,0.0,0.0,15.0,12.0,20.0,25.0,31.0,6.0,False,0.0,,False,2026-08-06 03:00,2026-08-06,3,3,False,NIGHT,0.0,
1785981600000,0.0,0.0,0.0,0.0,0.0,0.0,,,0.0,0.0,0.0,14.916666666666666,12.0,21.0,31.0,40.0,9.0,False,0.0,,False,2026-08-06 04:00,2026-08-06,4,3,False,NIGHT,0.0,
1785985200000,0.0,0.0,0.0,0.0,0.0,0.0,,,0.0,0.0,0.0,11.5,12.0,14.0,41.0,55.0,14.0,False,0.0,,False,2026-08-06 05:00,2026-08-06,5,3,False,NIGHT,0.0,
1785988800000,0.0,0.0,0.0,0.0,0.0,0.0,,,0.0,0.0,0.0,8.083333333333334,12.0,24.0,55.0,67.0,12.0,False,0.0,,False,2026-08-06 06:00,2026-08-06,6,3,False,NIGHT,0.0,
1785992400000,0.0,0.0,0.0,0.0,0.0,0.0,,,0.0,0.0,0.0,4.166666666666667,12.0,7.0,68.0,80.0,12.0,False,0.0,,False,2026-08-06 07:00,2026-08-06,7,3,False,MORNING,0.0,
1785996000000,0.0,0.0,0.0,0.0,0.0,0.0,,,0.0,0.0,0.0,2.4166666666666665,12.0,4.0,80.0,92.0,12.0,False,0.0,,False,2026-08-06 08:00,2026-08-06,8,3,False,MORNING,0.0,
1785999600000,0.0,0.0,0.0,0.0,0.0,0.0,,,0.0,0.0,0.0,3.9166666666666665,12.0,7.0,93.0,98.0,5.0,False,0.0,,False,2026-08-06 09:00,2026-08-06,9,3,False,MORNING,0.0,
1786003200000,0.0,0.0,0.0,0.0,0.0,0.0,,,0.0,0.0,0.0,4.333333333333333,12.0,11.0,98.0,100.0,2.0,False,0.0,,False,2026-08-06 10:00,2026-08-06,10,3,False,MORNING,0.0,
1786006800000,6.0,19.0,178.0,184.0,18103.0,2752.0,0.5411316109024794,31.759649122807016,40.0,7.0,5.0,12.875,8.0,42.0,100.0,96.0,-4.0,True,11.306716666666667,48.69328333333333,False,2026-08-06 11:00,2026-08-06,11,3,False,MORNING,46.0,0.944688812317373
1786010400000,179.0,115.0,3502.0,632.0,72654.0,15135.0,0.7120195592751547,21.05913043478261,88.0,29.0,18.0,26.666666666666668,12.0,43.0,96.0,90.0,-6.0,True,2.3679666666666668,57.63203333333333,False,2026-08-06 12:00,2026-08-06,12,3,False,MORNING,267.0,4.632840185521825
1786014000000,115.0,119.0,4422.0,486.0,58169.0,12087.0,0.6967631510669253,16.293837535014006,101.0,35.0,21.0,49.916666666666664,12.0,95.0,89.0,81.0,-8.0,True,0.0,60.0,False,2026-08-06 13:00,2026-08-06,13,3,False,AFTERNOON,216.0,3.6
1786017600000,80.0,111.0,4812.0,297.0,37753.0,9712.0,0.6574486256805356,11.337237237237238,34.0,9.0,4.0,41.666666666666664,12.0,72.0,80.0,74.0,-6.0,True,2.2860666666666667,57.71393333333333,False,2026-08-06 14:00,2026-08-06,14,3,False,AFTERNOON,114.0,1.975259584918258
1786021200000,83.0,79.0,2322.0,330.0,48667.0,5930.0,0.48760638985688953,20.534599156118144,12.0,6.0,6.0,32.25,8.0,43.0,74.0,69.0,-5.0,True,21.8269,38.173100000000005,False,2026-08-06 15:00,2026-08-06,15,3,False,AFTERNOON,95.0,2.4886634829238385
1786024800000,45.0,45.0,1009.0,79.0,8833.0,2855.0,0.4731686562935823,6.542962962962963,1.0,1.0,1.0,60.166666666666664,12.0,96.0,68.0,61.0,-7.0,True,30.060216666666665,29.939783333333335,False,2026-08-06 16:00,2026-08-06,16,3,False,AFTERNOON,46.0,1.5364172642086589
1786028400000,38.0,53.0,1821.0,72.0,9579.0,3423.0,0.6199709697032901,6.024528301886792,9.0,5.0,5.0,80.77777777777777,9.0,91.0,60.0,52.0,-8.0,True,36.50221666666667,23.49778333333333,False,2026-08-06 17:00,2026-08-06,17,3,False,AFTERNOON,47.0,2.000188670278828
1786032000000,2.0,4.0,44.0,2.0,477.0,113.0,0.30251247090468003,3.975,3.0,3.0,3.0,86.6,5.0,100.0,52.0,47.0,-5.0,True,2.972,57.028,False,2026-08-06 18:00,2026-08-06,18,3,False,AFTERNOON,5.0,0.08767622922073368
1786035600000,0.0,0.0,0.0,0.0,0.0,0.0,,,0.0,0.0,0.0,61.0,4.0,76.0,46.0,42.0,-4.0,False,0.0,,False,2026-08-06 19:00,2026-08-06,19,3,False,EVENING,0.0,
1786039200000,0.0,0.0,0.0,0.0,0.0,0.0,,,0.0,0.0,0.0,62.2,5.0,77.0,41.0,38.0,-3.0,False,0.0,,False,2026-08-06 20:00,2026-08-06,20,3,False,EVENING,0.0,
1786042800000,0.0,0.0,0.0,0.0,0.0,0.0,,,0.0,0.0,0.0,61.0,1.0,61.0,37.0,33.0,-4.0,False,0.0,,False,2026-08-06 21:00,2026-08-06,21,3,False,EVENING,0.0,
1786046400000,0.0,0.0,0.0,0.0,0.0,0.0,,,0.0,0.0,0.0,60.25,4.0,66.0,33.0,30.0,-3.0,False,0.0,,False,2026-08-06 22:00,2026-08-06,22,3,False,EVENING,0.0,
1786050000000,0.0,0.0,0.0,0.0,0.0,0.0,,,0.0,0.0,0.0,88.2,5.0,91.0,30.0,26.0,-4.0,False,0.0,,False,2026-08-06 23:00,2026-08-06,23,3,False,EVENING,0.0,
1786053600000,0.0,0.0,0.0,0.0,0.0,0.0,,,0.0,0.0,0.0,64.55555555555556,9.0,76.0,25.0,21.0,-4.0,False,51.39845,,False,2026-08-07 00:00,2026-08-07,0,4,False,EVENING,0.0,
1786057200000,0.0,0.0,0.0,0.0,0.0,0.0,,,0.0,0.0,0.0,34.5,12.0,82.0,20.0,19.0,-1.0,False,60.0,,False,2026-08-07 01:00,2026-08-07,1,4,False,EVENING,0.0,
1786060800000,0.0,0.0,0.0,0.0,0.0,0.0,,,0.0,0.0,0.0,13.333333333333334,12.0,20.0,20.0,29.0,9.0,False,60.0,,False,2026-08-07 02:00,2026-08-07,2,4,False,EVENING,0.0,
1786064400000,0.0,0.0,0.0,0.0,0.0,0.0,,,0.0,0.0,0.0,9.083333333333334,12.0,14.0,30.0,42.0,12.0,False,60.0,,False,2026-08-07 03:00,2026-08-07,3,4,False,NIGHT,0.0,
1786068000000,0.0,0.0,0.0,0.0,0.0,0.0,,,0.0,0.0,0.0,5.166666666666667,12.0,8.0,44.0,59.0,15.0,False,60.0,,False,2026-08-07 04:00,2026-08-07,4,4,False,NIGHT,0.0,
1786071600000,0.0,0.0,0.0,0.0,0.0,0.0,,,0.0,0.0,0.0,6.25,12.0,11.0,60.0,70.0,10.0,False,60.0,,False,2026-08-07 05:00,2026-08-07,5,4,False,NIGHT,0.0,
1786075200000,0.0,0.0,0.0,0.0,0.0,0.0,,,0.0,0.0,0.0,4.25,12.0,8.0,72.0,83.0,11.0,False,60.0,,False,2026-08-07 06:00,2026-08-07,6,4,False,NIGHT,0.0,
1786078800000,0.0,0.0,0.0,0.0,0.0,0.0,,,0.0,0.0,0.0,3.0,12.0,8.0,84.0,93.0,9.0,False,60.0,,False,2026-08-07 07:00,2026-08-07,7,4,False,MORNING,0.0,
1786082400000,0.0,0.0,0.0,0.0,0.0,0.0,,,0.0,0.0,0.0,4.166666666666667,12.0,8.0,94.0,100.0,6.0,False,60.0,,False,2026-08-07 08:00,2026-08-07,8,4,False,MORNING,0.0,
1786086000000,0.0,0.0,0.0,0.0,0.0,0.0,,,0.0,0.0,0.0,3.5,12.0,8.0,100.0,99.0,-1.0,False,60.0,,False,2026-08-07 09:00,2026-08-07,9,4,False,MORNING,0.0,
1786089600000,0.0,0.0,0.0,0.0,0.0,0.0,,,0.0,0.0,0.0,20.571428571428573,7.0,34.0,99.0,91.0,-8.0,False,60.0,,False,2026-08-07 10:00,2026-08-07,10,4,False,MORNING,0.0,
1786093200000,125.0,63.0,1091.0,289.0,33185.0,8242.0,0.6392193281385995,17.558201058201057,30.0,12.0,7.0,32.111111111111114,9.0,96.0,91.0,85.0,-6.0,True,29.000366666666668,30.999633333333332,False,2026-08-07 11:00,2026-08-07,11,4,False,MORNING,155.0,5.000059140484457
1786096800000,103.0,118.0,1907.0,693.0,95321.0,6494.0,0.3721467715678647,26.92683615819209,47.0,18.0,12.0,18.416666666666668,12.0,24.0,84.0,82.0,-2.0,True,0.0,60.0,False,2026-08-07 12:00,2026-08-07,12,4,False,MORNING,150.0,2.5
1786100400000,16.0,46.0,752.0,107.0,15020.0,771.0,0.2787595981898035,10.884057971014494,16.0,6.0,3.0,57.0,12.0,98.0,82.0,73.0,-9.0,True,32.27686666666666,27.723133333333337,False,2026-08-07 13:00,2026-08-07,13,4,False,AFTERNOON,32.0,1.1542706812842223
1786104000000,38.0,109.0,5745.0,112.0,18850.0,12013.0,0.6209003846951759,5.764525993883792,12.0,7.0,2.0,80.9090909090909,11.0,91.0,72.0,62.0,-10.0,True,2.744866666666667,57.25513333333333,False,2026-08-07 14:00,2026-08-07,14,4,False,AFTERNOON,50.0,0.8732841422079185
1786107600000,46.0,102.0,5106.0,212.0,35985.0,4900.0,0.3637213493590104,11.759803921568627,5.0,4.0,4.0,60.5,6.0,73.0,61.0,55.0,-6.0,True,3.2033,56.7967,True,2026-08-07 15:00,2026-08-07,15,4,False,AFTERNOON,51.0,0.8979394929634996
1786111200000,59.0,80.0,3603.0,171.0,21287.0,8732.0,0.6338268608410104,8.869583333333333,12.0,4.0,3.0,65.5,2.0,94.0,54.0,50.0,-4.0,True,17.961966666666665,42.03803333333333,True,2026-08-07 16:00,2026-08-07,16,4,False,AFTERNOON,71.0,1.6889467553588378
1786114800000,64.0,79.0,2246.0,171.0,19461.0,5569.0,0.6018870297371609,8.211392405063291,14.0,7.0,4.0,31.545454545454547,11.0,67.0,50.0,48.0,-2.0,True,10.928816666666666,49.07118333333334,False,2026-08-07 17:00,2026-08-07,17,4,False,AFTERNOON,78.0,1.589527594436789
1786118400000,54.0,88.0,1587.0,167.0,33475.0,7332.0,0.4449183753124984,12.679924242424242,3.0,2.0,1.0,60.416666666666664,12.0,83.0,47.0,41.0,-6.0,True,12.8831,47.1169,False,2026-08-07 18:00,2026-08-07,18,4,False,AFTERNOON,57.0,1.2097570086317224
1786122000000,80.0,113.0,3645.0,161.0,44524.0,17156.0,0.7361565754432056,13.133923303834809,0.0,0.0,0.0,52.45454545454545,11.0,68.0,41.0,36.0,-5.0,True,1.1028333333333333,58.897166666666664,False,2026-08-07 19:00,2026-08-07,19,4,False,EVENING,80.0,1.3582996352399521
1786125600000,87.0,72.0,2920.0,63.0,11694.0,6227.0,0.6311511065888327,5.413888888888889,12.0,5.0,4.0,62.25,12.0,91.0,36.0,31.0,-5.0,True,20.86765,39.13235,False,2026-08-07 20:00,2026-08-07,20,4,False,EVENING,99.0,2.529876176616022
1786129200000,51.0,113.0,5232.0,160.0,31991.0,24331.0,0.8958087299525289,9.436873156342184,1.0,1.0,1.0,66.41666666666667,12.0,76.0,30.0,26.0,-4.0,True,0.0,60.0,False,2026-08-07 21:00,2026-08-07,21,4,False,EVENING,52.0,0.8666666666666667
1786132800000,56.0,95.0,3138.0,158.0,19282.0,13631.0,0.7675273212030009,6.76561403508772,12.0,6.0,4.0,55.583333333333336,12.0,84.0,26.0,22.0,-4.0,True,5.04445,54.95555,False,2026-08-07 22:00,2026-08-07,22,4,False,EVENING,68.0,1.23736365116899
1786136400000,30.0,74.0,2457.0,94.0,14544.0,4197.0,0.6048972179662142,6.551351351351352,1.0,1.0,1.0,59.416666666666664,12.0,75.0,22.0,18.0,-4.0,True,20.671833333333332,39.32816666666667,False,2026-08-07 23:00,2026-08-07,23,4,False,EVENING,31.0,0.7882391331064673
1786140000000,0.0,10.0,11.0,8.0,1041.0,2.0,0.16051583623080917,3.4699999999999998,0.0,0.0,0.0,29.09090909090909,11.0,70.0,18.0,17.0,-1.0,True,57.0266,2.973399999999998,False,2026-08-08 00:00,2026-08-08,0,5,True,EVENING,0.0,0.0
1786143600000,0.0,0.0,0.0,0.0,0.0,0.0,,,0.0,0.0,0.0,14.0,12.0,24.0,17.0,24.0,7.0,False,60.0,,False,2026-08-08 01:00,2026-08-08,1,5,True,EVENING,0.0,
1786147200000,0.0,0.0,0.0,0.0,0.0,0.0,,,0.0,0.0,0.0,4.916666666666667,12.0,10.0,24.0,39.0,15.0,False,60.0,,False,2026-08-08 02:00,2026-08-08,2,5,True,EVENING,0.0,
1786150800000,0.0,0.0,0.0,0.0,0.0,0.0,,,0.0,0.0,0.0,2.3333333333333335,12.0,6.0,42.0,59.0,17.0,False,60.0,,False,2026-08-08 03:00,2026-08-08,3,5,True,NIGHT,0.0,
1786154400000,0.0,0.0,0.0,0.0,0.0,0.0,,,0.0,0.0,0.0,4.166666666666667,12.0,8.0,60.0,72.0,12.0,False,60.0,,False,2026-08-08 04:00,2026-08-08,4,5,True,NIGHT,0.0,
1786158000000,0.0,0.0,0.0,0.0,0.0,0.0,,,0.0,0.0,0.0,4.25,12.0,6.0,74.0,85.0,11.0,False,60.0,,False,2026-08-08 05:00,2026-08-08,5,5,True,NIGHT,0.0,
1786161600000,0.0,0.0,0.0,0.0,0.0,0.0,,,0.0,0.0,0.0,5.166666666666667,12.0,10.0,86.0,95.0,9.0,False,60.0,,False,2026-08-08 06:00,2026-08-08,6,5,True,NIGHT,0.0,
1786165200000,0.0,0.0,0.0,0.0,0.0,0.0,,,0.0,0.0,0.0,2.9166666666666665,12.0,4.0,96.0,100.0,4.0,False,60.0,,False,2026-08-08 07:00,2026-08-08,7,5,True,MORNING,0.0,
1786168800000,0.0,0.0,0.0,0.0,0.0,0.0,,,0.0,0.0,0.0,3.5833333333333335,12.0,6.0,100.0,100.0,0.0,False,60.0,,False,2026-08-08 08:00,2026-08-08,8,5,True,MORNING,0.0,
1786172400000,16.0,55.0,485.0,168.0,25523.0,9384.0,0.5396262275669484,15.468484848484849,40.0,13.0,6.0,9.0,12.0,13.0,100.0,100.0,0.0,True,28.200783333333334,31.799216666666666,False,2026-08-08 09:00,2026-08-08,9,5,True,MORNING,56.0,1.7610496694625077
1786176000000,22.0,71.0,122.0,82.0,22311.0,8187.0,0.36861610626768704,10.474647887323945,14.0,9.0,5.0,10.416666666666666,12.0,15.0,100.0,99.0,-1.0,True,17.701966666666667,42.298033333333336,False,2026-08-08 10:00,2026-08-08,10,5,True,MORNING,36.0,0.8511034003945022
1786179600000,46.0,83.0,813.0,356.0,48464.0,11699.0,0.4821061494573276,19.463453815261044,103.0,43.0,23.0,16.666666666666668,12.0,25.0,98.0,96.0,-2.0,True,12.6474,47.3526,False,2026-08-08 11:00,2026-08-08,11,5,True,MORNING,149.0,3.1466065221339483
1786183200000,40.0,86.0,672.0,280.0,57700.0,2607.0,0.2028178833558382,22.364341085271317,18.0,8.0,7.0,18.9,10.0,22.0,96.0,91.0,-5.0,True,14.593983333333334,45.406016666666666,False,2026-08-08 12:00,2026-08-08,12,5,True,MORNING,58.0,1.2773637561248308
1786186800000,23.0,42.0,65.0,37.0,10375.0,4319.0,0.5445276935511292,8.234126984126984,2.0,1.0,1.0,28.0,9.0,72.0,90.0,85.0,-5.0,True,36.582116666666664,23.417883333333336,False,2026-08-08 13:00,2026-08-08,13,5,True,AFTERNOON,25.0,1.0675601908228254
1786190400000,0.0,64.0,75.0,67.0,18574.0,522.0,0.09524446481651444,9.673958333333333,26.0,5.0,3.0,55.083333333333336,12.0,67.0,84.0,74.0,-10.0,True,18.6227,41.377300000000005,False,2026-08-08 14:00,2026-08-08,14,5,True,AFTERNOON,26.0,0.6283638613442636
1786194000000,8.0,39.0,231.0,24.0,10439.0,3388.0,0.27324493556540774,8.922222222222222,3.0,3.0,2.0,84.0,12.0,96.0,73.0,62.0,-11.0,True,31.548866666666665,28.451133333333335,False,2026-08-08 15:00,2026-08-08,15,5,True,AFTERNOON,11.0,0.38662783204886975
1786197600000,39.0,74.0,1291.0,135.0,29910.0,2305.0,0.22696217737963176,13.472972972972972,19.0,4.0,3.0,72.0,12.0,84.0,61.0,53.0,-8.0,True,22.677016666666667,37.32298333333333,False,2026-08-08 16:00,2026-08-08,16,5,True,AFTERNOON,58.0,1.5540022479446312
1786201200000,69.0,107.0,2382.0,284.0,51298.0,5928.0,0.40987251332570535,15.980685358255451,20.0,7.0,4.0,73.91666666666667,12.0,85.0,52.0,45.0,-7.0,True,0.20435,59.79565,False,2026-08-08 17:00,2026-08-08,17,5,True,AFTERNOON,89.0,1.488402584468937
1786204800000,154.0,110.0,5253.0,391.0,51288.0,13799.0,0.6369495854751381,15.541818181818181,34.0,22.0,16.0,73.81818181818181,11.0,92.0,44.0,38.0,-6.0,True,1.8486,58.1514,False,2026-08-08 18:00,2026-08-08,18,5,True,AFTERNOON,188.0,3.232940221559584
1786208400000,85.0,114.0,2154.0,446.0,78492.0,8895.0,0.37089710749037424,22.950877192982453,45.0,32.0,16.0,58.0,12.0,80.0,37.0,34.0,-3.0,True,0.0,60.0,False,2026-08-08 19:00,2026-08-08,19,5,True,EVENING,130.0,2.1666666666666665
1786212000000,4.0,55.0,406.0,254.0,40964.0,2864.0,0.31359891332388784,24.826666666666664,44.0,17.0,13.0,59.7,10.0,85.0,33.0,30.0,-3.0,True,30.49435,29.50565,False,2026-08-08 20:00,2026-08-08,20,5,True,EVENING,48.0,1.6268070691545518
1786215600000,11.0,30.0,194.0,49.0,8472.0,552.0,0.23895739390310913,9.413333333333332,17.0,7.0,4.0,76.9090909090909,11.0,98.0,30.0,25.0,-5.0,True,35.71135,24.288649999999997,False,2026-08-08 21:00,2026-08-08,21,5,True,EVENING,28.0,1.1528018230737402
1786219200000,0.0,0.0,0.0,0.0,0.0,0.0,,,0.0,0.0,0.0,,0.0,,24.0,21.0,-3.0,False,0.0,,True,2026-08-08 22:00,2026-08-08,22,5,True,EVENING,0.0,
1786222800000,0.0,0.0,0.0,0.0,0.0,0.0,,,0.0,0.0,0.0,74.0,1.0,74.0,20.0,18.0,-2.0,False,0.0,,True,2026-08-08 23:00,2026-08-08,23,5,True,EVENING,0.0,
1786226400000,0.0,0.0,0.0,0.0,0.0,0.0,,,0.0,0.0,0.0,80.2,5.0,98.0,18.0,17.0,-1.0,False,0.0,,True,2026-08-09 00:00,2026-08-09,0,6,True,EVENING,0.0,
1786230000000,0.0,0.0,0.0,0.0,0.0,0.0,,,0.0,0.0,0.0,6.25,12.0,18.0,17.0,25.0,8.0,False,0.0,,False,2026-08-09 01:00,2026-08-09,1,6,True,EVENING,0.0,
1786233600000,0.0,0.0,0.0,0.0,0.0,0.0,,,0.0,0.0,0.0,4.166666666666667,12.0,14.0,26.0,39.0,13.0,False,0.0,,False,2026-08-09 02:00,2026-08-09,2,6,True,EVENING,0.0,
1786237200000,0.0,0.0,0.0,0.0,0.0,0.0,,,0.0,0.0,0.0,4.25,12.0,8.0,40.0,57.0,17.0,False,0.0,,False,2026-08-09 03:00,2026-08-09,3,6,True,NIGHT,0.0,
1786240800000,0.0,0.0,0.0,0.0,0.0,0.0,,,0.0,0.0,0.0,7.416666666666667,12.0,18.0,58.0,70.0,12.0,False,0.0,,False,2026-08-09 04:00,2026-08-09,4,6,True,NIGHT,0.0,
1786244400000,0.0,0.0,0.0,0.0,0.0,0.0,,,0.0,0.0,0.0,4.583333333333333,12.0,8.0,70.0,82.0,12.0,False,0.0,,False,2026-08-09 05:00,2026-08-09,5,6,True,NIGHT,0.0,
1786248000000,0.0,0.0,0.0,0.0,0.0,0.0,,,0.0,0.0,0.0,3.75,12.0,8.0,82.0,93.0,11.0,False,0.0,,False,2026-08-09 06:00,2026-08-09,6,6,True,NIGHT,0.0,
1786251600000,0.0,0.0,0.0,0.0,0.0,0.0,,,0.0,0.0,0.0,4.25,12.0,10.0,94.0,99.0,5.0,False,0.0,,False,2026-08-09 07:00,2026-08-09,7,6,True,MORNING,0.0,
1786255200000,0.0,0.0,0.0,0.0,0.0,0.0,,,0.0,0.0,0.0,6.416666666666667,12.0,12.0,99.0,100.0,1.0,False,0.0,,False,2026-08-09 08:00,2026-08-09,8,6,True,MORNING,0.0,
1786258800000,0.0,0.0,0.0,0.0,0.0,0.0,,,0.0,0.0,0.0,5.333333333333333,12.0,8.0,100.0,100.0,0.0,False,0.0,,False,2026-08-09 09:00,2026-08-09,9,6,True,MORNING,0.0,
1786262400000,0.0,0.0,0.0,0.0,0.0,0.0,,,0.0,0.0,0.0,22.727272727272727,11.0,72.0,100.0,95.0,-5.0,False,0.0,,False,2026-08-09 10:00,2026-08-09,10,6,True,MORNING,0.0,
1786266000000,0.0,0.0,0.0,0.0,0.0,0.0,,,0.0,0.0,0.0,37.0,2.0,53.0,94.0,87.0,-7.0,False,0.0,,True,2026-08-09 11:00,2026-08-09,11,6,True,MORNING,0.0,
1786269600000,0.0,0.0,0.0,0.0,0.0,0.0,,,0.0,0.0,0.0,34.18181818181818,11.0,46.0,86.0,81.0,-5.0,False,0.0,,False,2026-08-09 12:00,2026-08-09,12,6,True,MORNING,0.0,
1786273200000,11.0,19.0,56.0,30.0,5059.0,1840.0,0.3795635978503372,8.875438596491227,2.0,2.0,1.0,56.5,10.0,73.0,80.0,73.0,-7.0,True,18.689833333333333,41.31016666666667,False,2026-08-09 13:00,2026-08-09,13,6,True,AFTERNOON,13.0,0.3146925091079274
1786276800000,2.0,13.0,4.0,2.0,1854.0,354.0,0.15576532740072688,4.753846153846154,2.0,2.0,1.0,78.0,2.0,84.0,72.0,64.0,-8.0,True,15.888116666666667,44.11188333333333,True,2026-08-09 14:00,2026-08-09,14,6,True,AFTERNOON,4.0,0.0906785133106612
1786280400000,0.0,0.0,0.0,0.0,0.0,0.0,,,0.0,0.0,0.0,40.5,2.0,62.0,64.0,60.0,-4.0,False,0.0,,True,2026-08-09 15:00,2026-08-09,15,6,True,AFTERNOON,0.0,
1786284000000,0.0,0.0,0.0,0.0,0.0,0.0,,,0.0,0.0,0.0,,0.0,,60.0,56.0,-4.0,False,0.0,,True,2026-08-09 16:00,2026-08-09,16,6,True,AFTERNOON,0.0,
1786287600000,0.0,0.0,0.0,0.0,0.0,0.0,,,0.0,0.0,0.0,54.5,4.0,59.0,56.0,48.0,-8.0,False,0.0,,False,2026-08-09 17:00,2026-08-09,17,6,True,AFTERNOON,0.0,
1786291200000,0.0,0.0,0.0,0.0,0.0,0.0,,,0.0,0.0,0.0,58.125,8.0,85.0,46.0,42.0,-4.0,False,0.0,,False,2026-08-09 18:00,2026-08-09,18,6,True,AFTERNOON,0.0,
1786294800000,0.0,0.0,0.0,0.0,0.0,0.0,,,0.0,0.0,0.0,38.0,2.0,39.0,42.0,39.0,-3.0,False,16.314133333333334,,True,2026-08-09 19:00,2026-08-09,19,6,True,EVENING,0.0,
1786298400000,0.0,0.0,0.0,0.0,0.0,0.0,,,0.0,0.0,0.0,63.285714285714285,7.0,73.0,38.0,35.0,-3.0,False,60.0,,True,2026-08-09 20:00,2026-08-09,20,6,True,EVENING,0.0,
1786302000000,0.0,0.0,0.0,0.0,0.0,0.0,,,0.0,0.0,0.0,89.81818181818181,11.0,94.0,34.0,28.0,-6.0,False,60.0,,False,2026-08-09 21:00,2026-08-09,21,6,True,EVENING,0.0,
1786305600000,0.0,0.0,0.0,0.0,0.0,0.0,,,0.0,0.0,0.0,86.0,5.0,90.0,28.0,22.0,-6.0,False,60.0,,True,2026-08-09 22:00,2026-08-09,22,6,True,EVENING,0.0,
1786309200000,0.0,0.0,0.0,0.0,0.0,0.0,,,0.0,0.0,0.0,56.285714285714285,7.0,81.0,22.0,19.0,-3.0,False,60.0,,True,2026-08-09 23:00,2026-08-09,23,6,True,EVENING,0.0,
1786312800000,0.0,0.0,0.0,0.0,0.0,0.0,,,0.0,0.0,0.0,19.75,12.0,24.0,18.0,21.0,3.0,False,60.0,,False,2026-08-10 00:00,2026-08-10,0,0,False,EVENING,0.0,
1786316400000,0.0,0.0,0.0,0.0,0.0,0.0,,,0.0,0.0,0.0,15.416666666666666,12.0,19.0,22.0,29.0,7.0,False,60.0,,False,2026-08-10 01:00,2026-08-10,1,0,False,EVENING,0.0,
1786320000000,0.0,0.0,0.0,0.0,0.0,0.0,,,0.0,0.0,0.0,8.25,12.0,20.0,30.0,43.0,13.0,False,60.0,,False,2026-08-10 02:00,2026-08-10,2,0,False,EVENING,0.0,
1786323600000,0.0,0.0,0.0,0.0,0.0,0.0,,,0.0,0.0,0.0,6.833333333333333,12.0,14.0,44.0,57.0,13.0,False,60.0,,False,2026-08-10 03:00,2026-08-10,3,0,False,NIGHT,0.0,
1786327200000,0.0,0.0,0.0,0.0,0.0,0.0,,,0.0,0.0,0.0,6.583333333333333,12.0,10.0,58.0,71.0,13.0,False,60.0,,False,2026-08-10 04:00,2026-08-10,4,0,False,NIGHT,0.0,
1786330800000,0.0,0.0,0.0,0.0,0.0,0.0,,,0.0,0.0,0.0,6.25,12.0,12.0,72.0,82.0,10.0,False,60.0,,False,2026-08-10 05:00,2026-08-10,5,0,False,NIGHT,0.0,
1786334400000,0.0,0.0,0.0,0.0,0.0,0.0,,,0.0,0.0,0.0,6.666666666666667,12.0,10.0,83.0,91.0,8.0,False,60.0,,False,2026-08-10 06:00,2026-08-10,6,0,False,NIGHT,0.0,
1786338000000,0.0,0.0,0.0,0.0,0.0,0.0,,,0.0,0.0,0.0,8.5,12.0,10.0,92.0,99.0,7.0,False,60.0,,False,2026-08-10 07:00,2026-08-10,7,0,False,MORNING,0.0,
1786341600000,0.0,0.0,0.0,0.0,0.0,0.0,,,0.0,0.0,0.0,7.416666666666667,12.0,10.0,99.0,100.0,1.0,False,60.0,,False,2026-08-10 08:00,2026-08-10,8,0,False,MORNING,0.0,
1786345200000,0.0,0.0,0.0,0.0,0.0,0.0,,,0.0,0.0,0.0,20.0,2.0,21.0,100.0,91.0,-9.0,False,60.0,,False,2026-08-10 09:00,2026-08-10,9,0,False,MORNING,0.0,
1786348800000,0.0,0.0,0.0,0.0,0.0,0.0,,,0.0,0.0,0.0,28.0,4.0,40.0,90.0,86.0,-4.0,False,60.0,,True,2026-08-10 10:00,2026-08-10,10,0,False,MORNING,0.0,
1786352400000,0.0,0.0,0.0,0.0,0.0,0.0,,,0.0,0.0,0.0,,0.0,,86.0,72.0,-14.0,False,60.0,,True,2026-08-10 11:00,2026-08-10,11,0,False,MORNING,0.0,
1786356000000,0.0,0.0,0.0,0.0,0.0,0.0,,,0.0,0.0,0.0,,0.0,,72.0,68.0,-4.0,False,60.0,,False,2026-08-10 12:00,2026-08-10,12,0,False,MORNING,0.0,
1786359600000,0.0,0.0,0.0,0.0,0.0,0.0,,,0.0,0.0,0.0,,0.0,,68.0,63.0,-5.0,False,60.0,,True,2026-08-10 13:00,2026-08-10,13,0,False,AFTERNOON,0.0,
1786363200000,0.0,0.0,0.0,0.0,0.0,0.0,,,0.0,0.0,0.0,97.0,1.0,97.0,62.0,55.0,-7.0,False,60.0,,False,2026-08-10 14:00,2026-08-10,14,0,False,AFTERNOON,0.0,
1786366800000,0.0,0.0,0.0,0.0,0.0,0.0,,,0.0,0.0,0.0,95.0,2.0,96.0,55.0,49.0,-6.0,False,60.0,,False,2026-08-10 15:00,2026-08-10,15,0,False,AFTERNOON,0.0,
1786370400000,0.0,0.0,0.0,0.0,0.0,0.0,,,0.0,0.0,0.0,63.4,10.0,69.0,49.0,45.0,-4.0,False,60.0,,False,2026-08-10 16:00,2026-08-10,16,0,False,AFTERNOON,0.0,
1786374000000,0.0,0.0,0.0,0.0,0.0,0.0,,,0.0,0.0,0.0,91.2,5.0,96.0,44.0,36.0,-8.0,False,60.0,,False,2026-08-10 17:00,2026-08-10,17,0,False,AFTERNOON,0.0,
1786377600000,0.0,0.0,0.0,0.0,0.0,0.0,,,0.0,0.0,0.0,83.7,10.0,92.0,36.0,31.0,-5.0,False,60.0,,False,2026-08-10 18:00,2026-08-10,18,0,False,AFTERNOON,0.0,
1786381200000,0.0,0.0,0.0,0.0,0.0,0.0,,,0.0,0.0,0.0,63.0,2.0,68.0,30.0,27.0,-3.0,False,60.0,,False,2026-08-10 19:00,2026-08-10,19,0,False,EVENING,0.0,
1786384800000,0.0,0.0,0.0,0.0,0.0,0.0,,,0.0,0.0,0.0,,0.0,,27.0,25.0,-2.0,False,60.0,,False,2026-08-10 20:00,2026-08-10,20,0,False,EVENING,0.0,
1786388400000,15.0,11.0,122.0,70.0,7360.0,963.0,0.36654338286226246,22.303030303030305,12.0,3.0,3.0,76.0,6.0,91.0,25.0,22.0,-3.0,True,54.6956,5.304400000000001,False,2026-08-10 21:00,2026-08-10,21,0,False,EVENING,27.0,5.090113867732447
1786392000000,11.0,21.0,159.0,118.0,12637.0,1884.0,0.5213034459168023,20.05873015873016,49.0,13.0,8.0,76.75,8.0,91.0,22.0,18.0,-4.0,True,19.301983333333332,40.69801666666667,False,2026-08-10 22:00,2026-08-10,22,0,False,EVENING,60.0,1.4742733163491586
1786395600000,14.0,7.0,45.0,56.0,6012.0,1070.0,0.35990673792482303,28.62857142857143,29.0,5.0,4.0,75.0,11.0,91.0,18.0,14.0,-4.0,True,5.002483333333333,54.99751666666667,False,2026-08-10 23:00,2026-08-10,23,0,False,EVENING,43.0,0.7818534836875968
1786399200000,0.0,0.0,0.0,0.0,0.0,0.0,,,0.0,0.0,0.0,30.857142857142858,7.0,72.0,14.0,15.0,1.0,False,0.0,,True,2026-08-11 00:00,2026-08-11,0,1,False,EVENING,0.0,
1786402800000,0.0,0.0,0.0,0.0,0.0,0.0,,,0.0,0.0,0.0,18.75,12.0,28.0,16.0,18.0,2.0,False,0.0,,False,2026-08-11 01:00,2026-08-11,1,1,False,EVENING,0.0,
1786406400000,0.0,0.0,0.0,0.0,0.0,0.0,,,0.0,0.0,0.0,17.454545454545453,11.0,48.0,18.0,22.0,4.0,False,0.0,,False,2026-08-11 02:00,2026-08-11,2,1,False,EVENING,0.0,
1786410000000,0.0,0.0,0.0,0.0,0.0,0.0,,,0.0,0.0,0.0,6.083333333333333,12.0,10.0,23.0,36.0,13.0,False,0.0,,False,2026-08-11 03:00,2026-08-11,3,1,False,NIGHT,0.0,
1786413600000,0.0,0.0,0.0,0.0,0.0,0.0,,,0.0,0.0,0.0,6.666666666666667,12.0,14.0,38.0,53.0,15.0,False,0.0,,False,2026-08-11 04:00,2026-08-11,4,1,False,NIGHT,0.0,
1786417200000,0.0,0.0,0.0,0.0,0.0,0.0,,,0.0,0.0,0.0,8.833333333333334,12.0,15.0,54.0,65.0,11.0,False,0.0,,False,2026-08-11 05:00,2026-08-11,5,1,False,NIGHT,0.0,
1786420800000,0.0,0.0,0.0,0.0,0.0,0.0,,,0.0,0.0,0.0,8.5,12.0,14.0,66.0,77.0,11.0,False,0.0,,False,2026-08-11 06:00,2026-08-11,6,1,False,NIGHT,0.0,
1786424400000,0.0,0.0,0.0,0.0,0.0,0.0,,,0.0,0.0,0.0,7.0,12.0,10.0,78.0,87.0,9.0,False,0.0,,False,2026-08-11 07:00,2026-08-11,7,1,False,MORNING,0.0,
1786428000000,0.0,0.0,0.0,0.0,0.0,0.0,,,0.0,0.0,0.0,9.666666666666666,12.0,12.0,88.0,95.0,7.0,False,59.752633333333335,,False,2026-08-11 08:00,2026-08-11,8,1,False,MORNING,0.0,
1786431600000,0.0,0.0,0.0,0.0,0.0,0.0,,,0.0,0.0,0.0,20.8,10.0,48.0,95.0,93.0,-2.0,False,60.0,,False,2026-08-11 09:00,2026-08-11,9,1,False,MORNING,0.0,
1786435200000,0.0,0.0,0.0,0.0,0.0,0.0,,,0.0,0.0,0.0,63.5,2.0,67.0,92.0,80.0,-12.0,False,60.0,,True,2026-08-11 10:00,2026-08-11,10,1,False,MORNING,0.0,
1786438800000,0.0,0.0,0.0,0.0,0.0,0.0,,,0.0,0.0,0.0,,0.0,,80.0,72.0,-8.0,False,60.0,,True,2026-08-11 11:00,2026-08-11,11,1,False,MORNING,0.0,
1786442400000,20.0,22.0,862.0,84.0,10942.0,1279.0,0.5497763018923447,16.578787878787878,20.0,10.0,9.0,68.125,8.0,98.0,72.0,64.0,-8.0,True,38.7235,21.2765,True,2026-08-11 12:00,2026-08-11,12,1,False,MORNING,40.0,1.8800084600380702
1786446000000,149.0,95.0,3867.0,473.0,61615.0,8656.0,0.5673217156203434,21.619298245614036,32.0,17.0,9.0,58.916666666666664,12.0,70.0,63.0,57.0,-6.0,True,8.475533333333333,51.52446666666667,False,2026-08-11 13:00,2026-08-11,13,1,False,AFTERNOON,181.0,3.5128941978374026
1786449600000,107.0,105.0,5842.0,369.0,39967.0,15847.0,0.726880300083865,12.687936507936508,54.0,20.0,12.0,62.416666666666664,12.0,85.0,56.0,51.0,-5.0,True,3.2358166666666666,56.764183333333335,False,2026-08-11 14:00,2026-08-11,14,1,False,AFTERNOON,161.0,2.836295539646332
1786453200000,118.0,114.0,5966.0,439.0,39055.0,23851.0,0.8992592224937983,11.419590643274853,34.0,10.0,4.0,53.583333333333336,12.0,68.0,50.0,45.0,-5.0,True,0.0,60.0,False,2026-08-11 15:00,2026-08-11,15,1,False,AFTERNOON,152.0,2.533333333333333
1786456800000,81.0,111.0,6719.0,344.0,31402.0,19685.0,0.889584814967578,9.43003003003003,20.0,11.0,6.0,43.166666666666664,12.0,66.0,45.0,42.0,-3.0,True,0.0,60.0,False,2026-08-11 16:00,2026-08-11,16,1,False,AFTERNOON,101.0,1.6833333333333333
1786460400000,172.0,89.0,1444.0,292.0,40415.0,9735.0,0.5507483759364876,15.136704119850187,66.0,12.0,10.0,35.083333333333336,12.0,53.0,42.0,39.0,-3.0,True,4.726366666666666,55.273633333333336,False,2026-08-11 17:00,2026-08-11,17,1,False,AFTERNOON,238.0,4.305850468788916
1786464000000,44.0,18.0,436.0,76.0,8493.0,2274.0,0.6766675101863422,15.727777777777778,55.0,14.0,8.0,41.5,2.0,42.0,39.0,36.0,-3.0,True,3.1169333333333333,56.883066666666664,True,2026-08-11 18:00,2026-08-11,18,1,False,AFTERNOON,99.0,1.7404124953413203
1786467600000,0.0,0.0,0.0,0.0,0.0,0.0,,,0.0,0.0,0.0,46.166666666666664,6.0,73.0,35.0,32.0,-3.0,False,0.0,,True,2026-08-11 19:00,2026-08-11,19,1,False,EVENING,0.0,
1786471200000,0.0,0.0,0.0,0.0,0.0,0.0,,,0.0,0.0,0.0,57.125,8.0,69.0,32.0,29.0,-3.0,False,0.0,,False,2026-08-11 20:00,2026-08-11,20,1,False,EVENING,0.0,
1786474800000,6.0,11.0,31.0,31.0,6335.0,376.0,0.2754820264577179,19.196969696969695,0.0,0.0,0.0,59.875,8.0,80.0,28.0,25.0,-3.0,True,2.9470833333333335,57.05291666666667,False,2026-08-11 21:00,2026-08-11,21,1,False,EVENING,6.0,0.10516552615627305
1786478400000,4.0,4.0,10.0,9.0,1267.0,31.0,0.11263661689590873,10.558333333333334,6.0,2.0,2.0,44.54545454545455,11.0,61.0,25.0,23.0,-2.0,True,57.068083333333334,2.931916666666666,False,2026-08-11 22:00,2026-08-11,22,1,False,EVENING,10.0,3.410738140579258
1786482000000,24.0,22.0,205.0,99.0,17137.0,1408.0,0.34267438656278915,25.965151515151515,15.0,9.0,5.0,36.09090909090909,11.0,76.0,23.0,20.0,-3.0,True,48.09945,11.900550000000003,False,2026-08-11 23:00,2026-08-11,23,1,False,EVENING,39.0,3.2771594590165996
1786485600000,0.0,0.0,0.0,0.0,0.0,0.0,,,0.0,0.0,0.0,13.0,7.0,17.0,20.0,23.0,3.0,False,60.0,,True,2026-08-12 00:00,2026-08-12,0,2,False,EVENING,0.0,
1786489200000,0.0,0.0,0.0,0.0,0.0,0.0,,,0.0,0.0,0.0,4.416666666666667,12.0,7.0,23.0,32.0,9.0,False,60.0,,False,2026-08-12 01:00,2026-08-12,1,2,False,EVENING,0.0,
1786492800000,0.0,0.0,0.0,0.0,0.0,0.0,,,0.0,0.0,0.0,3.0833333333333335,12.0,5.0,34.0,46.0,12.0,False,60.0,,False,2026-08-12 02:00,2026-08-12,2,2,False,EVENING,0.0,
1786496400000,0.0,0.0,0.0,0.0,0.0,0.0,,,0.0,0.0,0.0,4.083333333333333,12.0,10.0,48.0,61.0,13.0,False,60.0,,False,2026-08-12 03:00,2026-08-12,3,2,False,NIGHT,0.0,
1786500000000,0.0,0.0,0.0,0.0,0.0,0.0,,,0.0,0.0,0.0,4.666666666666667,12.0,14.0,62.0,76.0,14.0,False,60.0,,False,2026-08-12 04:00,2026-08-12,4,2,False,NIGHT,0.0,
1786503600000,0.0,0.0,0.0,0.0,0.0,0.0,,,0.0,0.0,0.0,2.5833333333333335,12.0,4.0,76.0,88.0,12.0,False,60.0,,False,2026-08-12 05:00,2026-08-12,5,2,False,NIGHT,0.0,
1786507200000,0.0,0.0,0.0,0.0,0.0,0.0,,,0.0,0.0,0.0,4.25,12.0,8.0,89.0,96.0,7.0,False,60.0,,False,2026-08-12 06:00,2026-08-12,6,2,False,NIGHT,0.0,
1786510800000,0.0,0.0,0.0,0.0,0.0,0.0,,,0.0,0.0,0.0,4.916666666666667,12.0,10.0,96.0,99.0,3.0,False,60.0,,False,2026-08-12 07:00,2026-08-12,7,2,False,MORNING,0.0,
1786514400000,0.0,0.0,0.0,0.0,0.0,0.0,,,0.0,0.0,0.0,21.75,4.0,36.0,99.0,93.0,-6.0,False,60.0,,True,2026-08-12 08:00,2026-08-12,8,2,False,MORNING,0.0,
1786518000000,0.0,0.0,0.0,0.0,0.0,0.0,,,0.0,0.0,0.0,67.0,4.0,82.0,92.0,83.0,-9.0,False,60.0,,True,2026-08-12 09:00,2026-08-12,9,2,False,MORNING,0.0,
1786521600000,0.0,0.0,0.0,0.0,0.0,0.0,,,0.0,0.0,0.0,67.0,3.0,70.0,82.0,72.0,-10.0,False,60.0,,False,2026-08-12 10:00,2026-08-12,10,2,False,MORNING,0.0,
1786525200000,0.0,0.0,0.0,0.0,0.0,0.0,,,0.0,0.0,0.0,,0.0,,72.0,66.0,-6.0,False,60.0,,False,2026-08-12 11:00,2026-08-12,11,2,False,MORNING,0.0,
1786528800000,0.0,0.0,0.0,0.0,0.0,0.0,,,0.0,0.0,0.0,,0.0,,66.0,60.0,-6.0,False,60.0,,True,2026-08-12 12:00,2026-08-12,12,2,False,MORNING,0.0,
1786532400000,0.0,0.0,0.0,0.0,0.0,0.0,,,0.0,0.0,0.0,52.833333333333336,6.0,71.0,60.0,56.0,-4.0,False,60.0,,False,2026-08-12 13:00,2026-08-12,13,2,False,AFTERNOON,0.0,
1786536000000,41.0,49.0,1656.0,224.0,31631.0,12395.0,0.9442618910614052,21.517687074829933,31.0,13.0,8.0,59.5,12.0,78.0,55.0,49.0,-6.0,True,34.51358333333334,25.486416666666663,False,2026-08-12 14:00,2026-08-12,14,2,False,AFTERNOON,72.0,2.825034250270569
1786539600000,155.0,106.0,3561.0,422.0,58085.0,12728.0,0.5981307853440242,18.265723270440255,19.0,11.0,8.0,43.833333333333336,12.0,55.0,48.0,44.0,-4.0,True,0.0,60.0,False,2026-08-12 15:00,2026-08-12,15,2,False,AFTERNOON,174.0,2.9
1786543200000,107.0,109.0,4352.0,490.0,69573.0,19806.0,0.697391874892585,21.276146788990825,37.0,15.0,7.0,44.54545454545455,11.0,56.0,44.0,40.0,-4.0,True,1.14755,58.85245,False,2026-08-12 16:00,2026-08-12,16,2,False,AFTERNOON,144.0,2.4467970322391
1786546800000,157.0,94.0,5260.0,498.0,43674.0,29251.0,0.994311262839035,15.48723404255319,37.0,12.0,7.0,81.25,12.0,93.0,39.0,33.0,-6.0,True,9.629133333333334,50.370866666666664,False,2026-08-12 17:00,2026-08-12,17,2,False,AFTERNOON,194.0,3.851432640296044
1786550400000,141.0,104.0,6506.0,370.0,38412.0,21993.0,0.9901769022191904,12.311538461538463,35.0,13.0,5.0,58.583333333333336,12.0,75.0,32.0,28.0,-4.0,True,0.0,60.0,False,2026-08-12 18:00,2026-08-12,18,2,False,AFTERNOON,176.0,2.933333333333333
1786554000000,44.0,68.0,2556.0,255.0,29959.0,7198.0,0.7781322026683312,14.68578431372549,25.0,13.0,9.0,58.333333333333336,9.0,79.0,28.0,25.0,-3.0,True,21.8266,38.1734,False,2026-08-12 19:00,2026-08-12,19,2,False,EVENING,69.0,1.8075413769797817
1786557600000,0.0,0.0,0.0,0.0,0.0,0.0,,,0.0,0.0,0.0,64.5,2.0,67.0,24.0,19.0,-5.0,False,60.0,,True,2026-08-12 20:00,2026-08-12,20,2,False,EVENING,0.0,
1786561200000,0.0,0.0,0.0,0.0,0.0,0.0,,,0.0,0.0,0.0,,0.0,,19.0,16.0,-3.0,False,60.0,,True,2026-08-12 21:00,2026-08-12,21,2,False,EVENING,0.0,
1786564800000,0.0,3.0,22.0,3.0,203.0,0.0,0.3084623297283704,2.2555555555555555,0.0,0.0,0.0,73.0,2.0,85.0,16.0,13.0,-3.0,True,58.93281666666667,1.0671833333333325,False,2026-08-12 22:00,2026-08-12,22,2,False,EVENING,0.0,0.0
1786568400000,2.0,0.0,0.0,0.0,0.0,0.0,,,0.0,0.0,0.0,90.75,4.0,99.0,13.0,9.0,-4.0,True,60.0,0.0,True,2026-08-12 23:00,2026-08-12,23,2,False,EVENING,2.0,
1786572000000,40.0,18.0,66.0,67.0,8684.0,2397.0,0.4968564448348675,16.081481481481482,3.0,3.0,3.0,73.33333333333333,3.0,88.0,9.0,7.0,-2.0,True,46.01813333333333,13.981866666666669,True,2026-08-13 00:00,2026-08-13,0,3,False,EVENING,43.0,3.075411962160512
1786575600000,0.0,0.0,0.0,0.0,0.0,0.0,,,0.0,0.0,0.0,24.833333333333332,12.0,43.0,7.0,9.0,2.0,False,0.0,,False,2026-08-13 01:00,2026-08-13,1,3,False,EVENING,0.0,
1786579200000,0.0,0.0,0.0,0.0,0.0,0.0,,,0.0,0.0,0.0,14.0,12.0,17.0,9.0,15.0,6.0,False,0.0,,False,2026-08-13 02:00,2026-08-13,2,3,False,EVENING,0.0,
1786582800000,0.0,0.0,0.0,0.0,0.0,0.0,,,0.0,0.0,0.0,13.416666666666666,12.0,18.0,16.0,25.0,9.0,False,0.0,,False,2026-08-13 03:00,2026-08-13,3,3,False,NIGHT,0.0,
1786586400000,0.0,0.0,0.0,0.0,0.0,0.0,,,0.0,0.0,0.0,9.083333333333334,12.0,18.0,26.0,39.0,13.0,False,0.0,,False,2026-08-13 04:00,2026-08-13,4,3,False,NIGHT,0.0,
1786590000000,0.0,0.0,0.0,0.0,0.0,0.0,,,0.0,0.0,0.0,11.0,12.0,28.0,40.0,52.0,12.0,False,0.0,,False,2026-08-13 05:00,2026-08-13,5,3,False,NIGHT,0.0,
1786593600000,0.0,0.0,0.0,0.0,0.0,0.0,,,0.0,0.0,0.0,9.083333333333334,12.0,19.0,52.0,64.0,12.0,False,0.0,,False,2026-08-13 06:00,2026-08-13,6,3,False,NIGHT,0.0,
1786597200000,0.0,0.0,0.0,0.0,0.0,0.0,,,0.0,0.0,0.0,7.5,12.0,11.0,64.0,75.0,11.0,False,0.0,,False,2026-08-13 07:00,2026-08-13,7,3,False,MORNING,0.0,
1786600800000,0.0,0.0,0.0,0.0,0.0,0.0,,,0.0,0.0,0.0,8.916666666666666,12.0,12.0,76.0,84.0,8.0,False,0.0,,False,2026-08-13 08:00,2026-08-13,8,3,False,MORNING,0.0,
1786604400000,0.0,0.0,0.0,0.0,0.0,0.0,,,0.0,0.0,0.0,52.44444444444444,9.0,82.0,85.0,75.0,-10.0,False,0.0,,False,2026-08-13 09:00,2026-08-13,9,3,False,MORNING,0.0,
1786608000000,0.0,0.0,0.0,0.0,0.0,0.0,,,0.0,0.0,0.0,64.8,5.0,90.0,74.0,65.0,-9.0,False,0.0,,True,2026-08-13 10:00,2026-08-13,10,3,False,MORNING,0.0,
1786611600000,196.0,71.0,2394.0,406.0,41129.0,8949.0,0.7563194283025674,19.3093896713615,22.0,8.0,8.0,67.5,10.0,98.0,64.0,57.0,-7.0,True,2.9335666666666667,57.066433333333336,False,2026-08-13 11:00,2026-08-13,11,3,False,MORNING,218.0,3.820109077548798
1786615200000,245.0,114.0,3784.0,568.0,71064.0,20905.0,0.8109783019793987,20.77894736842105,87.0,38.0,13.0,43.083333333333336,12.0,56.0,56.0,52.0,-4.0,True,0.0,60.0,False,2026-08-13 12:00,2026-08-13,12,3,False,MORNING,332.0,5.533333333333333
1786618800000,70.0,60.0,1357.0,218.0,37926.0,8460.0,0.673886857066189,21.07,18.0,14.0,8.0,35.5,10.0,44.0,51.0,48.0,-3.0,True,25.876483333333333,34.12351666666667,False,2026-08-13 13:00,2026-08-13,13,3,False,AFTERNOON,88.0,2.578866676011802
1786622400000,41.0,24.0,718.0,177.0,19858.0,4851.0,0.763456527785924,27.580555555555556,38.0,13.0,8.0,53.6,5.0,60.0,48.0,44.0,-4.0,True,47.22748333333333,12.772516666666668,True,2026-08-13 14:00,2026-08-13,14,3,False,AFTERNOON,79.0,6.185155366144233
1786626000000,105.0,98.0,1138.0,402.0,76439.0,6824.0,0.38643520722763475,25.999659863945578,56.0,26.0,13.0,,0.0,,43.0,41.0,-2.0,True,8.58085,51.41915,False,2026-08-13 15:00,2026-08-13,15,3,False,AFTERNOON,161.0,3.131129161022693
1786629600000,93.0,96.0,4130.0,285.0,38263.0,12539.0,0.6772588853013785,13.285763888888889,17.0,8.0,4.0,92.33333333333333,6.0,98.0,40.0,35.0,-5.0,True,8.762116666666667,51.23788333333333,False,2026-08-13 16:00,2026-08-13,16,3,False,AFTERNOON,110.0,2.1468490273960708
1786633200000,88.0,106.0,5442.0,221.0,26742.0,15876.0,0.7855074531518754,8.409433962264151,16.0,13.0,7.0,64.66666666666667,12.0,81.0,34.0,29.0,-5.0,True,0.0,60.0,False,2026-08-13 17:00,2026-08-13,17,3,False,AFTERNOON,104.0,1.7333333333333334
1786636800000,62.0,109.0,1862.0,432.0,74802.0,7678.0,0.3935552036605041,22.875229357798165,10.0,9.0,6.0,42.09090909090909,11.0,58.0,29.0,26.0,-3.0,True,3.65905,56.34095,False,2026-08-13 18:00,2026-08-13,18,3,False,AFTERNOON,72.0,1.2779337231622825
1786640400000,22.0,43.0,1022.0,126.0,20379.0,512.0,0.2723933384161453,15.797674418604652,12.0,6.0,6.0,50.142857142857146,7.0,66.0,26.0,22.0,-4.0,True,39.48781666666667,20.512183333333333,False,2026-08-13 19:00,2026-08-13,19,3,False,EVENING,34.0,1.6575514876930866
1786644000000,69.0,66.0,2262.0,169.0,22119.0,5008.0,0.5641847640053849,11.17121212121212,46.0,14.0,8.0,41.0,7.0,50.0,22.0,19.0,-3.0,True,4.222583333333334,55.77741666666667,True,2026-08-13 20:00,2026-08-13,20,3,False,EVENING,115.0,2.0617663361366385
1786647600000,0.0,0.0,0.0,0.0,0.0,0.0,,,0.0,0.0,0.0,,0.0,,19.0,19.0,0.0,False,0.0,,True,2026-08-13 21:00,2026-08-13,21,3,False,EVENING,0.0,
1786662000000,0.0,0.0,0.0,0.0,0.0,0.0,,,0.0,0.0,0.0,,0.0,,17.0,16.0,-1.0,False,17.97136666666667,,True,2026-08-14 01:00,2026-08-14,1,4,False,EVENING,0.0,
1786665600000,0.0,0.0,0.0,0.0,0.0,0.0,,,0.0,0.0,0.0,24.444444444444443,9.0,56.0,15.0,15.0,0.0,False,60.0,,True,2026-08-14 02:00,2026-08-14,2,4,False,EVENING,0.0,
1786669200000,0.0,0.0,0.0,0.0,0.0,0.0,,,0.0,0.0,0.0,10.166666666666666,12.0,16.0,15.0,24.0,9.0,False,60.0,,False,2026-08-14 03:00,2026-08-14,3,4,False,NIGHT,0.0,
1786672800000,0.0,0.0,0.0,0.0,0.0,0.0,,,0.0,0.0,0.0,9.333333333333334,12.0,15.0,26.0,39.0,13.0,False,60.0,,False,2026-08-14 04:00,2026-08-14,4,4,False,NIGHT,0.0,
1786676400000,0.0,0.0,0.0,0.0,0.0,0.0,,,0.0,0.0,0.0,6.0,12.0,9.0,40.0,56.0,16.0,False,60.0,,False,2026-08-14 05:00,2026-08-14,5,4,False,NIGHT,0.0,
1786680000000,0.0,0.0,0.0,0.0,0.0,0.0,,,0.0,0.0,0.0,5.25,12.0,13.0,58.0,70.0,12.0,False,60.0,,False,2026-08-14 06:00,2026-08-14,6,4,False,NIGHT,0.0,
1786683600000,0.0,0.0,0.0,0.0,0.0,0.0,,,0.0,0.0,0.0,3.0,12.0,6.0,70.0,83.0,13.0,False,60.0,,False,2026-08-14 07:00,2026-08-14,7,4,False,MORNING,0.0,
1786687200000,0.0,0.0,0.0,0.0,0.0,0.0,,,0.0,0.0,0.0,7.833333333333333,12.0,20.0,84.0,92.0,8.0,False,60.0,,False,2026-08-14 08:00,2026-08-14,8,4,False,MORNING,0.0,
1786690800000,0.0,0.0,0.0,0.0,0.0,0.0,,,0.0,0.0,0.0,9.833333333333334,12.0,31.0,93.0,97.0,4.0,False,60.0,,False,2026-08-14 09:00,2026-08-14,9,4,False,MORNING,0.0,
1786694400000,0.0,0.0,0.0,0.0,0.0,0.0,,,0.0,0.0,0.0,55.5,2.0,73.0,96.0,85.0,-11.0,False,60.0,,True,2026-08-14 10:00,2026-08-14,10,4,False,MORNING,0.0,
1786698000000,0.0,0.0,0.0,0.0,0.0,0.0,,,0.0,0.0,0.0,,0.0,,84.0,77.0,-7.0,False,60.0,,True,2026-08-14 11:00,2026-08-14,11,4,False,MORNING,0.0,
1786701600000,0.0,0.0,0.0,0.0,0.0,0.0,,,0.0,0.0,0.0,66.5,4.0,75.0,76.0,67.0,-9.0,False,60.0,,True,2026-08-14 12:00,2026-08-14,12,4,False,MORNING,0.0,
1786705200000,176.0,77.0,2846.0,364.0,38649.0,8809.0,0.6854391876896605,16.73116883116883,6.0,4.0,2.0,64.3,10.0,97.0,67.0,60.0,-7.0,True,18.077183333333334,41.92281666666666,False,2026-08-14 13:00,2026-08-14,13,4,False,AFTERNOON,182.0,4.341311354318194
1786708800000,20.0,86.0,5898.0,178.0,16719.0,6841.0,0.5454751535713026,6.480232558139535,0.0,0.0,0.0,88.9090909090909,11.0,98.0,58.0,48.0,-10.0,True,0.0,60.0,True,2026-08-14 14:00,2026-08-14,14,4,False,AFTERNOON,20.0,0.3333333333333333
1786712400000,0.0,0.0,0.0,0.0,0.0,0.0,,,18.0,7.0,5.0,64.33333333333333,12.0,83.0,48.0,42.0,-6.0,False,0.0,,False,2026-08-14 15:00,2026-08-14,15,4,False,AFTERNOON,18.0,
1786716000000,0.0,0.0,0.0,0.0,0.0,0.0,,,25.0,8.0,5.0,65.54545454545455,11.0,97.0,42.0,37.0,-5.0,False,0.0,,False,2026-08-14 16:00,2026-08-14,16,4,False,AFTERNOON,25.0,
1786719600000,0.0,0.0,0.0,0.0,0.0,0.0,,,49.0,15.0,6.0,88.5,12.0,96.0,36.0,30.0,-6.0,False,0.0,,False,2026-08-14 17:00,2026-08-14,17,4,False,AFTERNOON,49.0,
1786723200000,0.0,0.0,0.0,0.0,0.0,0.0,,,31.0,20.0,6.0,64.81818181818181,11.0,84.0,29.0,25.0,-4.0,False,0.0,,False,2026-08-14 18:00,2026-08-14,18,4,False,AFTERNOON,31.0,
1786726800000,0.0,0.0,0.0,0.0,0.0,0.0,,,17.0,8.0,6.0,45.833333333333336,12.0,60.0,25.0,22.0,-3.0,False,0.0,,False,2026-08-14 19:00,2026-08-14,19,4,False,EVENING,17.0,
1786730400000,0.0,0.0,0.0,0.0,0.0,0.0,,,15.0,13.0,3.0,59.4,10.0,97.0,22.0,19.0,-3.0,False,0.0,,False,2026-08-14 20:00,2026-08-14,20,4,False,EVENING,15.0,
1786734000000,0.0,0.0,0.0,0.0,0.0,0.0,,,0.0,0.0,0.0,80.0,11.0,86.0,19.0,14.0,-5.0,False,0.0,,False,2026-08-14 21:00,2026-08-14,21,4,False,EVENING,0.0,
1786737600000,0.0,0.0,0.0,0.0,0.0,0.0,,,0.0,0.0,0.0,79.63636363636364,11.0,90.0,14.0,10.0,-4.0,False,0.0,,False,2026-08-14 22:00,2026-08-14,22,4,False,EVENING,0.0,
1786741200000,0.0,0.0,0.0,0.0,0.0,0.0,,,0.0,0.0,0.0,83.63636363636364,11.0,97.0,10.0,6.0,-4.0,False,0.0,,False,2026-08-14 23:00,2026-08-14,23,4,False,EVENING,0.0,
1786744800000,0.0,0.0,0.0,0.0,0.0,0.0,,,0.0,0.0,0.0,79.75,12.0,98.0,6.0,5.0,-1.0,False,0.0,,False,2026-08-15 00:00,2026-08-15,0,5,True,EVENING,0.0,
1786748400000,0.0,0.0,0.0,0.0,0.0,0.0,,,5.0,2.0,2.0,60.0,12.0,76.0,5.0,5.0,0.0,False,0.0,,False,2026-08-15 01:00,2026-08-15,1,5,True,EVENING,5.0,
1786752000000,0.0,0.0,0.0,0.0,0.0,0.0,,,0.0,0.0,0.0,28.636363636363637,11.0,48.0,5.0,5.0,0.0,False,0.0,,False,2026-08-15 02:00,2026-08-15,2,5,True,EVENING,0.0,
1786755600000,0.0,0.0,0.0,0.0,0.0,0.0,,,0.0,0.0,0.0,18.363636363636363,11.0,24.0,5.0,6.0,1.0,False,0.0,,False,2026-08-15 03:00,2026-08-15,3,5,True,NIGHT,0.0,
1786759200000,0.0,0.0,0.0,0.0,0.0,0.0,,,0.0,0.0,0.0,15.0,12.0,40.0,6.0,17.0,11.0,False,0.0,,False,2026-08-15 04:00,2026-08-15,4,5,True,NIGHT,0.0,
1786762800000,0.0,0.0,0.0,0.0,0.0,0.0,,,0.0,0.0,0.0,10.333333333333334,12.0,15.0,18.0,30.0,12.0,False,0.0,,False,2026-08-15 05:00,2026-08-15,5,5,True,NIGHT,0.0,
1786766400000,0.0,0.0,0.0,0.0,0.0,0.0,,,0.0,0.0,0.0,11.333333333333334,12.0,38.0,32.0,41.0,9.0,False,0.0,,False,2026-08-15 06:00,2026-08-15,6,5,True,NIGHT,0.0,
1786770000000,0.0,0.0,0.0,0.0,0.0,0.0,,,0.0,0.0,0.0,8.833333333333334,12.0,12.0,42.0,52.0,10.0,False,0.0,,False,2026-08-15 07:00,2026-08-15,7,5,True,MORNING,0.0,
1786773600000,0.0,0.0,0.0,0.0,0.0,0.0,,,0.0,0.0,0.0,9.75,12.0,14.0,53.0,62.0,9.0,False,0.0,,False,2026-08-15 08:00,2026-08-15,8,5,True,MORNING,0.0,
1786777200000,0.0,0.0,0.0,0.0,0.0,0.0,,,0.0,0.0,0.0,12.181818181818182,11.0,17.0,63.0,71.0,8.0,False,0.0,,False,2026-08-15 09:00,2026-08-15,9,5,True,MORNING,0.0,
1786780800000,0.0,0.0,0.0,0.0,0.0,0.0,,,0.0,0.0,0.0,15.75,12.0,22.0,71.0,77.0,6.0,False,0.0,,False,2026-08-15 10:00,2026-08-15,10,5,True,MORNING,0.0,
1786784400000,0.0,0.0,0.0,0.0,0.0,0.0,,,1.0,1.0,1.0,22.9,10.0,41.0,77.0,75.0,-2.0,False,0.0,,False,2026-08-15 11:00,2026-08-15,11,5,True,MORNING,1.0,
1786788000000,0.0,0.0,0.0,0.0,0.0,0.0,,,7.0,4.0,4.0,61.75,8.0,78.0,72.0,66.0,-6.0,False,0.0,,False,2026-08-15 12:00,2026-08-15,12,5,True,MORNING,7.0,
1786791600000,0.0,0.0,0.0,0.0,0.0,0.0,,,41.0,21.0,14.0,49.916666666666664,12.0,61.0,66.0,60.0,-6.0,False,0.0,,False,2026-08-15 13:00,2026-08-15,13,5,True,AFTERNOON,41.0,
1786795200000,1.0,2.0,91.0,5.0,610.0,393.0,1.267145799882978,10.166666666666666,14.0,9.0,6.0,37.416666666666664,12.0,72.0,59.0,55.0,-4.0,True,0.0,60.0,False,2026-08-15 14:00,2026-08-15,14,5,True,AFTERNOON,15.0,0.25
1786798800000,77.0,71.0,1263.0,184.0,26069.0,6140.0,0.5907920240059881,12.238967136150235,45.0,15.0,8.0,19.0,6.0,23.0,55.0,52.0,-3.0,True,22.976516666666665,37.02348333333333,True,2026-08-15 15:00,2026-08-15,15,5,True,AFTERNOON,122.0,3.295205880592003
1786802400000,58.0,51.0,678.0,153.0,20324.0,1827.0,0.43035232310953037,13.283660130718953,49.0,19.0,14.0,27.09090909090909,11.0,46.0,51.0,49.0,-2.0,True,33.81896666666667,26.181033333333332,False,2026-08-15 16:00,2026-08-15,16,5,True,AFTERNOON,107.0,4.086928068792803
1786806000000,27.0,52.0,311.0,226.0,36346.0,7188.0,0.3894947860398173,23.298717948717947,46.0,9.0,5.0,40.714285714285715,7.0,76.0,49.0,46.0,-3.0,True,5.257233333333334,54.74276666666667,False,2026-08-15 17:00,2026-08-15,17,5,True,AFTERNOON,73.0,1.3335095108455728
1786809600000,0.0,0.0,0.0,0.0,0.0,0.0,,,0.0,0.0,0.0,56.0,7.0,95.0,46.0,41.0,-5.0,False,0.0,,False,2026-08-15 18:00,2026-08-15,18,5,True,AFTERNOON,0.0,
1786813200000,0.0,0.0,0.0,0.0,0.0,0.0,,,0.0,0.0,0.0,88.5,2.0,97.0,40.0,35.0,-5.0,False,0.0,,False,2026-08-15 19:00,2026-08-15,19,5,True,EVENING,0.0,
1786816800000,0.0,0.0,0.0,0.0,0.0,0.0,,,0.0,0.0,0.0,91.0,3.0,93.0,35.0,32.0,-3.0,False,0.0,,False,2026-08-15 20:00,2026-08-15,20,5,True,EVENING,0.0,
1786820400000,3.0,4.0,6.0,8.0,1567.0,37.0,0.12965022624061656,13.058333333333334,0.0,0.0,0.0,,0.0,,32.0,30.0,-2.0,True,3.932166666666667,56.06783333333333,False,2026-08-15 21:00,2026-08-15,21,5,True,EVENING,3.0,0.05350661549848844
1786824000000,5.0,3.0,11.0,23.0,2878.0,433.0,0.6008392218465285,31.977777777777778,0.0,0.0,0.0,91.0,6.0,95.0,30.0,25.0,-5.0,True,44.23025,15.769750000000002,False,2026-08-15 22:00,2026-08-15,22,5,True,EVENING,5.0,0.3170627308613009
1786827600000,0.0,0.0,0.0,0.0,0.0,0.0,,,0.0,0.0,0.0,89.875,8.0,99.0,25.0,20.0,-5.0,False,60.0,,False,2026-08-15 23:00,2026-08-15,23,5,True,EVENING,0.0,
1786831200000,0.0,0.0,0.0,0.0,0.0,0.0,,,0.0,0.0,0.0,89.5,8.0,99.0,19.0,15.0,-4.0,False,60.0,,False,2026-08-16 00:00,2026-08-16,0,6,True,EVENING,0.0,
1786834800000,7.0,7.0,6.0,6.0,864.0,90.0,0.1647128745125987,4.114285714285715,0.0,0.0,0.0,97.0,2.0,99.0,15.0,12.0,-3.0,True,55.38896666666667,4.6110333333333315,False,2026-08-16 01:00,2026-08-16,1,6,True,EVENING,7.0,1.5180978956271558
1786838400000,14.0,21.0,63.0,19.0,4207.0,0.0,0.10057433995932713,6.677777777777778,0.0,0.0,0.0,54.5,8.0,76.0,12.0,9.0,-3.0,True,47.68725,12.312750000000001,False,2026-08-16 02:00,2026-08-16,2,6,True,EVENING,14.0,1.1370327506040485
1786842000000,0.0,0.0,0.0,0.0,0.0,0.0,,,0.0,0.0,0.0,19.5,12.0,25.0,9.0,14.0,5.0,False,60.0,,False,2026-08-16 03:00,2026-08-16,3,6,True,NIGHT,0.0,
1786845600000,0.0,0.0,0.0,0.0,0.0,0.0,,,0.0,0.0,0.0,16.5,12.0,25.0,14.0,23.0,9.0,False,60.0,,False,2026-08-16 04:00,2026-08-16,4,6,True,NIGHT,0.0,
1786849200000,0.0,0.0,0.0,0.0,0.0,0.0,,,0.0,0.0,0.0,13.916666666666666,12.0,28.0,24.0,37.0,13.0,False,60.0,,False,2026-08-16 05:00,2026-08-16,5,6,True,NIGHT,0.0,
1786852800000,0.0,0.0,0.0,0.0,0.0,0.0,,,0.0,0.0,0.0,9.5,12.0,16.0,38.0,50.0,12.0,False,59.97598333333333,,False,2026-08-16 06:00,2026-08-16,6,6,True,NIGHT,0.0,
1786856400000,0.0,0.0,0.0,0.0,0.0,0.0,,,0.0,0.0,0.0,10.083333333333334,12.0,20.0,50.0,61.0,11.0,False,60.0,,False,2026-08-16 07:00,2026-08-16,7,6,True,MORNING,0.0,
1786860000000,0.0,1.0,0.0,0.0,33.0,0.0,0.0,1.1,0.0,0.0,0.0,8.666666666666666,12.0,12.0,62.0,72.0,10.0,True,28.214966666666665,31.785033333333335,False,2026-08-16 08:00,2026-08-16,8,6,True,MORNING,0.0,0.0
1786863600000,0.0,0.0,0.0,0.0,0.0,0.0,,,0.0,0.0,0.0,9.583333333333334,12.0,16.0,73.0,81.0,8.0,False,0.0,,False,2026-08-16 09:00,2026-08-16,9,6,True,MORNING,0.0,
1786867200000,4.0,1.0,11.0,1.0,179.0,0.0,0.3645661477461561,5.966666666666667,0.0,0.0,0.0,21.22222222222222,9.0,41.0,81.0,77.0,-4.0,True,0.0,60.0,False,2026-08-16 10:00,2026-08-16,10,6,True,MORNING,4.0,0.06666666666666667
1786870800000,0.0,0.0,0.0,0.0,0.0,0.0,,,0.0,0.0,0.0,,0.0,,77.0,67.0,-10.0,False,0.0,,True,2026-08-16 11:00,2026-08-16,11,6,True,MORNING,0.0,
1786874400000,0.0,1.0,8.0,0.0,0.0,0.0,0.0,0.0,0.0,0.0,0.0,,0.0,,67.0,60.0,-7.0,True,0.0,60.0,True,2026-08-16 12:00,2026-08-16,12,6,True,MORNING,0.0,0.0
1786878000000,0.0,0.0,0.0,0.0,0.0,0.0,,,0.0,0.0,0.0,,0.0,,60.0,55.0,-5.0,False,0.0,,True,2026-08-16 13:00,2026-08-16,13,6,True,AFTERNOON,0.0,
1786881600000,0.0,0.0,0.0,0.0,0.0,0.0,,,0.0,0.0,0.0,,0.0,,54.0,50.0,-4.0,False,0.0,,True,2026-08-16 14:00,2026-08-16,14,6,True,AFTERNOON,0.0,
1786885200000,0.0,0.0,0.0,0.0,0.0,0.0,,,0.0,0.0,0.0,55.55555555555556,9.0,85.0,49.0,43.0,-6.0,False,0.0,,False,2026-08-16 15:00,2026-08-16,15,6,True,AFTERNOON,0.0,
1786888800000,0.0,0.0,0.0,0.0,0.0,0.0,,,0.0,0.0,0.0,78.9,10.0,95.0,43.0,37.0,-6.0,False,0.0,,False,2026-08-16 16:00,2026-08-16,16,6,True,AFTERNOON,0.0,
1786892400000,0.0,0.0,0.0,0.0,0.0,0.0,,,0.0,0.0,0.0,69.66666666666667,12.0,85.0,36.0,32.0,-4.0,False,0.0,,False,2026-08-16 17:00,2026-08-16,17,6,True,AFTERNOON,0.0,
1786896000000,0.0,0.0,0.0,0.0,0.0,0.0,,,0.0,0.0,0.0,68.3,10.0,78.0,31.0,27.0,-4.0,False,0.0,,False,2026-08-16 18:00,2026-08-16,18,6,True,AFTERNOON,0.0,
1786899600000,0.0,0.0,0.0,0.0,0.0,0.0,,,0.0,0.0,0.0,81.22222222222223,9.0,92.0,27.0,22.0,-5.0,False,0.0,,False,2026-08-16 19:00,2026-08-16,19,6,True,EVENING,0.0,
1786903200000,0.0,0.0,0.0,0.0,0.0,0.0,,,0.0,0.0,0.0,81.36363636363636,11.0,92.0,22.0,17.0,-5.0,False,0.0,,False,2026-08-16 20:00,2026-08-16,20,6,True,EVENING,0.0,
1786906800000,0.0,0.0,0.0,0.0,0.0,0.0,,,0.0,0.0,0.0,84.63636363636364,11.0,98.0,16.0,13.0,-3.0,False,2.0163,,False,2026-08-16 21:00,2026-08-16,21,6,True,EVENING,0.0,
1786910400000,0.0,0.0,0.0,0.0,0.0,0.0,,,0.0,0.0,0.0,96.0,5.0,98.0,12.0,8.0,-4.0,False,60.0,,True,2026-08-16 22:00,2026-08-16,22,6,True,EVENING,0.0,
1786914000000,47.0,68.0,343.0,238.0,52674.0,2488.0,0.20402684655471323,25.820588235294117,33.0,8.0,5.0,28.833333333333332,6.0,43.0,8.0,7.0,-1.0,True,20.731583333333333,39.26841666666667,False,2026-08-16 23:00,2026-08-16,23,6,True,EVENING,80.0,2.037260648400644
1786917600000,3.0,59.0,57.0,149.0,32326.0,2446.0,0.22816216127207198,18.26327683615819,9.0,5.0,3.0,39.25,8.0,64.0,7.0,5.0,-2.0,True,28.053566666666665,31.946433333333335,False,2026-08-17 00:00,2026-08-17,0,0,False,EVENING,12.0,0.37562878693813495
1786921200000,23.0,30.0,55.0,44.0,7703.0,1869.0,0.21582528178094185,8.55888888888889,5.0,4.0,4.0,33.583333333333336,12.0,55.0,5.0,5.0,0.0,True,40.55965,19.440350000000002,False,2026-08-17 01:00,2026-08-17,1,0,False,EVENING,28.0,1.4403032867206607
1786924800000,0.0,1.0,0.0,0.0,125.0,0.0,0.0,4.166666666666667,0.0,0.0,0.0,18.416666666666668,12.0,21.0,5.0,9.0,4.0,True,59.96535,0.03464999999999918,False,2026-08-17 02:00,2026-08-17,2,0,False,EVENING,0.0,0.0
1786928400000,0.0,1.0,0.0,0.0,3.0,0.0,0.0,0.1,0.0,0.0,0.0,15.833333333333334,12.0,19.0,10.0,19.0,9.0,True,58.762966666666664,1.2370333333333363,False,2026-08-17 03:00,2026-08-17,3,0,False,NIGHT,0.0,0.0
1786932000000,0.0,0.0,0.0,0.0,0.0,0.0,,,0.0,0.0,0.0,14.416666666666666,12.0,20.0,20.0,32.0,12.0,False,0.0,,False,2026-08-17 04:00,2026-08-17,4,0,False,NIGHT,0.0,
1786935600000,0.0,0.0,0.0,0.0,0.0,0.0,,,0.0,0.0,0.0,9.25,12.0,14.0,33.0,46.0,13.0,False,0.0,,False,2026-08-17 05:00,2026-08-17,5,0,False,NIGHT,0.0,
1786939200000,0.0,0.0,0.0,0.0,0.0,0.0,,,0.0,0.0,0.0,10.75,12.0,17.0,46.0,58.0,12.0,False,0.0,,False,2026-08-17 06:00,2026-08-17,6,0,False,NIGHT,0.0,
1786942800000,0.0,0.0,0.0,0.0,0.0,0.0,,,0.0,0.0,0.0,11.5,12.0,18.0,58.0,64.0,6.0,False,0.0,,False,2026-08-17 07:00,2026-08-17,7,0,False,MORNING,0.0,
1786946400000,7.0,3.0,17.0,6.0,660.0,715.0,0.7327263252028752,7.333333333333333,1.0,1.0,1.0,26.0,6.0,42.0,64.0,60.0,-4.0,True,0.0,60.0,False,2026-08-17 08:00,2026-08-17,8,0,False,MORNING,8.0,0.13333333333333333
1786950000000,0.0,1.0,8.0,0.0,0.0,0.0,0.0,0.0,0.0,0.0,0.0,63.8,5.0,79.0,60.0,51.0,-9.0,True,0.0,60.0,False,2026-08-17 09:00,2026-08-17,9,0,False,MORNING,0.0,0.0
1786953600000,0.0,0.0,0.0,0.0,0.0,0.0,,,0.0,0.0,0.0,83.0,7.0,94.0,51.0,45.0,-6.0,False,0.0,,False,2026-08-17 10:00,2026-08-17,10,0,False,MORNING,0.0,
1786957200000,0.0,0.0,0.0,0.0,0.0,0.0,,,0.0,0.0,0.0,76.4,5.0,82.0,44.0,39.0,-5.0,False,0.0,,False,2026-08-17 11:00,2026-08-17,11,0,False,MORNING,0.0,
1786960800000,0.0,0.0,0.0,0.0,0.0,0.0,,,0.0,0.0,0.0,39.083333333333336,12.0,78.0,39.0,36.0,-3.0,False,0.0,,False,2026-08-17 12:00,2026-08-17,12,0,False,MORNING,0.0,
1786964400000,0.0,0.0,0.0,0.0,0.0,0.0,,,0.0,0.0,0.0,20.916666666666668,12.0,39.0,36.0,36.0,0.0,False,53.38308333333333,,False,2026-08-17 13:00,2026-08-17,13,0,False,AFTERNOON,0.0,
1786968000000,0.0,0.0,0.0,0.0,0.0,0.0,,,0.0,0.0,0.0,32.5,12.0,50.0,36.0,35.0,-1.0,False,60.0,,False,2026-08-17 09:00,2026-08-17,9,0,False,MORNING,0.0,
1786971600000,0.0,0.0,0.0,0.0,0.0,0.0,,,0.0,0.0,0.0,25.083333333333332,12.0,52.0,35.0,37.0,2.0,False,60.0,,False,2026-08-17 10:00,2026-08-17,10,0,False,MORNING,0.0,
1786975200000,0.0,0.0,0.0,0.0,0.0,0.0,,,0.0,0.0,0.0,18.333333333333332,12.0,20.0,38.0,44.0,6.0,False,60.0,,False,2026-08-17 11:00,2026-08-17,11,0,False,MORNING,0.0,
1786978800000,0.0,0.0,0.0,0.0,0.0,0.0,,,0.0,0.0,0.0,14.833333333333334,12.0,21.0,45.0,56.0,11.0,False,60.0,,False,2026-08-17 12:00,2026-08-17,12,0,False,MORNING,0.0,
1786982400000,0.0,0.0,0.0,0.0,0.0,0.0,,,0.0,0.0,0.0,19.5,12.0,24.0,56.0,58.0,2.0,False,60.0,,False,2026-08-17 13:00,2026-08-17,13,0,False,AFTERNOON,0.0,
1786986000000,0.0,0.0,0.0,0.0,0.0,0.0,,,0.0,0.0,0.0,29.0,12.0,40.0,58.0,56.0,-2.0,False,60.0,,False,2026-08-17 14:00,2026-08-17,14,0,False,AFTERNOON,0.0,
1786989600000,0.0,0.0,0.0,0.0,0.0,0.0,,,0.0,0.0,0.0,39.75,12.0,67.0,56.0,51.0,-5.0,False,60.0,,False,2026-08-17 15:00,2026-08-17,15,0,False,AFTERNOON,0.0,
1786993200000,0.0,0.0,0.0,0.0,0.0,0.0,,,0.0,0.0,0.0,21.333333333333332,12.0,24.0,51.0,51.0,0.0,False,60.0,,False,2026-08-17 16:00,2026-08-17,16,0,False,AFTERNOON,0.0,
1786996800000,0.0,0.0,0.0,0.0,0.0,0.0,,,0.0,0.0,0.0,22.25,12.0,33.0,51.0,52.0,1.0,False,60.0,,False,2026-08-17 17:00,2026-08-17,17,0,False,AFTERNOON,0.0,
1787000400000,0.0,0.0,0.0,0.0,0.0,0.0,,,0.0,0.0,0.0,15.75,12.0,26.0,52.0,51.0,-1.0,False,60.0,,False,2026-08-17 18:00,2026-08-17,18,0,False,AFTERNOON,0.0,
1787004000000,0.0,0.0,0.0,0.0,0.0,0.0,,,0.0,0.0,0.0,17.666666666666668,12.0,29.0,51.0,53.0,2.0,False,60.0,,False,2026-08-17 19:00,2026-08-17,19,0,False,EVENING,0.0,
1787007600000,0.0,0.0,0.0,0.0,0.0,0.0,,,0.0,0.0,0.0,35.55555555555556,9.0,49.0,53.0,47.0,-6.0,False,60.0,,False,2026-08-17 20:00,2026-08-17,20,0,False,EVENING,0.0,
1787011200000,0.0,0.0,0.0,0.0,0.0,0.0,,,0.0,0.0,0.0,38.0,10.0,46.0,46.0,43.0,-3.0,False,60.0,,False,2026-08-17 21:00,2026-08-17,21,0,False,EVENING,0.0,
1787014800000,2.0,7.0,97.0,44.0,6732.0,314.0,0.3492773003678701,32.05714285714286,10.0,3.0,3.0,25.166666666666668,6.0,28.0,42.0,39.0,-3.0,True,56.243516666666665,3.7564833333333354,False,2026-08-17 22:00,2026-08-17,22,0,False,EVENING,12.0,3.1944771040290325
1787018400000,0.0,37.0,71.0,132.0,20266.0,2735.0,0.3154897721654729,18.257657657657656,24.0,12.0,9.0,18.0,12.0,32.0,38.0,40.0,2.0,True,24.232683333333334,35.767316666666666,False,2026-08-17 23:00,2026-08-17,23,0,False,EVENING,24.0,0.6710036490483164
1787022000000,0.0,0.0,0.0,0.0,0.0,0.0,,,0.0,0.0,0.0,15.25,12.0,18.0,40.0,47.0,7.0,False,0.0,,False,2026-08-18 00:00,2026-08-18,0,1,False,EVENING,0.0,
1787025600000,0.0,0.0,0.0,0.0,0.0,0.0,,,0.0,0.0,0.0,10.25,12.0,14.0,48.0,60.0,12.0,False,17.30125,,False,2026-08-18 01:00,2026-08-18,1,1,False,EVENING,0.0,
1787029200000,0.0,0.0,0.0,0.0,0.0,0.0,,,0.0,0.0,0.0,8.083333333333334,12.0,12.0,62.0,73.0,11.0,False,60.0,,False,2026-08-18 02:00,2026-08-18,2,1,False,EVENING,0.0,
1787032800000,0.0,0.0,0.0,0.0,0.0,0.0,,,0.0,0.0,0.0,6.5,12.0,8.0,74.0,85.0,11.0,False,60.0,,False,2026-08-18 03:00,2026-08-18,3,1,False,NIGHT,0.0,
1787036400000,0.0,0.0,0.0,0.0,0.0,0.0,,,0.0,0.0,0.0,9.416666666666666,12.0,17.0,86.0,92.0,6.0,False,60.0,,False,2026-08-18 04:00,2026-08-18,4,1,False,NIGHT,0.0,
1787040000000,0.0,0.0,0.0,0.0,0.0,0.0,,,0.0,0.0,0.0,8.75,12.0,12.0,94.0,99.0,5.0,False,60.0,,False,2026-08-18 05:00,2026-08-18,5,1,False,NIGHT,0.0,
1787043600000,0.0,0.0,0.0,0.0,0.0,0.0,,,0.0,0.0,0.0,10.833333333333334,12.0,18.0,99.0,100.0,1.0,False,60.0,,False,2026-08-18 06:00,2026-08-18,6,1,False,NIGHT,0.0,
1787047200000,0.0,0.0,0.0,0.0,0.0,0.0,,,0.0,0.0,0.0,17.5,12.0,49.0,100.0,98.0,-2.0,False,60.0,,False,2026-08-18 07:00,2026-08-18,7,1,False,MORNING,0.0,
1787050800000,16.0,11.0,542.0,48.0,3673.0,913.0,0.8065790489875169,11.13030303030303,0.0,0.0,0.0,37.63636363636363,11.0,66.0,97.0,89.0,-8.0,True,15.78425,44.21575,False,2026-08-18 08:00,2026-08-18,8,1,False,MORNING,16.0,0.3618620061855787
1787054400000,25.0,22.0,417.0,77.0,8528.0,2140.0,0.5328277922673957,12.92121212121212,15.0,11.0,7.0,25.5,8.0,32.0,89.0,84.0,-5.0,True,41.10706666666667,18.892933333333332,False,2026-08-18 09:00,2026-08-18,9,1,False,MORNING,40.0,2.1171937302836334
1787058000000,86.0,104.0,3728.0,424.0,64753.0,5840.0,0.4335618514586155,20.754166666666666,31.0,12.0,8.0,26.272727272727273,11.0,40.0,84.0,80.0,-4.0,True,7.651466666666667,52.348533333333336,False,2026-08-18 10:00,2026-08-18,10,1,False,MORNING,117.0,2.2350196376084397
1787061600000,149.0,110.0,4772.0,405.0,43389.0,8741.0,0.5221677145456989,13.148181818181818,16.0,8.0,5.0,22.416666666666668,12.0,32.0,79.0,76.0,-3.0,True,0.0,60.0,False,2026-08-18 11:00,2026-08-18,11,1,False,MORNING,165.0,2.75
1787065200000,121.0,105.0,2761.0,365.0,51714.0,5574.0,0.4366774753020933,16.417142857142856,47.0,12.0,10.0,19.09090909090909,11.0,26.0,76.0,74.0,-2.0,True,2.136216666666667,57.86378333333333,False,2026-08-18 12:00,2026-08-18,12,1,False,MORNING,168.0,2.9033704732407464
1787068800000,21.0,36.0,345.0,137.0,25089.0,425.0,0.22296254881797337,23.230555555555554,19.0,6.0,5.0,34.0,10.0,49.0,74.0,68.0,-6.0,True,41.30538333333333,18.69461666666667,False,2026-08-18 13:00,2026-08-18,13,1,False,AFTERNOON,40.0,2.1396533939806197
1787072400000,58.0,83.0,2367.0,180.0,32178.0,5042.0,0.483444418056222,12.922891566265061,39.0,14.0,8.0,28.333333333333332,12.0,40.0,68.0,63.0,-5.0,True,12.42395,47.57605,False,2026-08-18 14:00,2026-08-18,14,1,False,AFTERNOON,97.0,2.0388409714551754
1787076000000,41.0,116.0,4807.0,192.0,21891.0,12142.0,0.5979021563125926,6.29051724137931,27.0,10.0,6.0,24.583333333333332,12.0,28.0,63.0,60.0,-3.0,True,0.0,60.0,False,2026-08-18 15:00,2026-08-18,15,1,False,AFTERNOON,68.0,1.1333333333333333
1787079600000,102.0,116.0,3854.0,326.0,37011.0,23443.0,0.6925768327840167,10.635344827586207,65.0,27.0,9.0,23.166666666666668,12.0,30.0,60.0,57.0,-3.0,True,0.0,60.0,False,2026-08-18 16:00,2026-08-18,16,1,False,AFTERNOON,167.0,2.783333333333333
1787083200000,82.0,105.0,4044.0,192.0,31382.0,7608.0,0.5395074760124001,9.962539682539681,31.0,12.0,5.0,17.09090909090909,11.0,34.0,57.0,57.0,0.0,True,4.02725,55.97275,False,2026-08-18 17:00,2026-08-18,17,1,False,AFTERNOON,113.0,2.0188395245900908
1787086800000,68.0,99.0,3160.0,173.0,30165.0,11667.0,0.6248277242673582,10.156565656565656,29.0,11.0,8.0,15.636363636363637,11.0,22.0,57.0,57.0,0.0,True,5.7024,54.2976,False,2026-08-18 18:00,2026-08-18,18,1,False,AFTERNOON,97.0,1.786450966525224
1787090400000,29.0,39.0,520.0,112.0,18291.0,3439.0,0.5901344051770615,15.633333333333333,22.0,4.0,4.0,16.833333333333332,6.0,21.0,57.0,53.0,-4.0,True,6.049333333333333,53.95066666666666,False,2026-08-18 19:00,2026-08-18,19,1,False,EVENING,51.0,0.9453080592145912
1787094000000,0.0,0.0,0.0,0.0,0.0,0.0,,,0.0,0.0,0.0,25.714285714285715,7.0,31.0,52.0,50.0,-2.0,False,0.0,,True,2026-08-18 20:00,2026-08-18,20,1,False,EVENING,0.0,
1787097600000,0.0,0.0,0.0,0.0,0.0,0.0,,,0.0,0.0,0.0,25.25,12.0,31.0,50.0,47.0,-3.0,False,0.0,,False,2026-08-18 21:00,2026-08-18,21,1,False,EVENING,0.0,
1787101200000,0.0,0.0,0.0,0.0,0.0,0.0,,,0.0,0.0,0.0,30.75,12.0,46.0,46.0,42.0,-4.0,False,0.0,,False,2026-08-18 22:00,2026-08-18,22,1,False,EVENING,0.0,
1787104800000,0.0,0.0,0.0,0.0,0.0,0.0,,,0.0,0.0,0.0,27.416666666666668,12.0,39.0,42.0,40.0,-2.0,False,0.0,,False,2026-08-18 23:00,2026-08-18,23,1,False,EVENING,0.0,
1787108400000,0.0,0.0,0.0,0.0,0.0,0.0,,,0.0,0.0,0.0,36.833333333333336,12.0,61.0,39.0,35.0,-4.0,False,34.513133333333336,,False,2026-08-19 00:00,2026-08-19,0,2,False,EVENING,0.0,
1787112000000,0.0,0.0,0.0,0.0,0.0,0.0,,,0.0,0.0,0.0,28.666666666666668,12.0,60.0,35.0,34.0,-1.0,False,60.0,,False,2026-08-19 01:00,2026-08-19,1,2,False,EVENING,0.0,
1787115600000,0.0,0.0,0.0,0.0,0.0,0.0,,,0.0,0.0,0.0,8.666666666666666,12.0,16.0,34.0,42.0,8.0,False,60.0,,False,2026-08-19 02:00,2026-08-19,2,2,False,EVENING,0.0,
1787119200000,0.0,0.0,0.0,0.0,0.0,0.0,,,0.0,0.0,0.0,8.333333333333334,12.0,11.0,43.0,55.0,12.0,False,60.0,,False,2026-08-19 03:00,2026-08-19,3,2,False,NIGHT,0.0,
1787122800000,0.0,0.0,0.0,0.0,0.0,0.0,,,0.0,0.0,0.0,8.75,12.0,13.0,56.0,70.0,14.0,False,60.0,,False,2026-08-19 04:00,2026-08-19,4,2,False,NIGHT,0.0,
1787126400000,0.0,0.0,0.0,0.0,0.0,0.0,,,0.0,0.0,0.0,10.5,12.0,20.0,71.0,78.0,7.0,False,60.0,,False,2026-08-19 05:00,2026-08-19,5,2,False,NIGHT,0.0,
1787130000000,0.0,0.0,0.0,0.0,0.0,0.0,,,0.0,0.0,0.0,10.5,12.0,16.0,78.0,87.0,9.0,False,60.0,,False,2026-08-19 06:00,2026-08-19,6,2,False,NIGHT,0.0,
1787133600000,0.0,0.0,0.0,0.0,0.0,0.0,,,0.0,0.0,0.0,40.45454545454545,11.0,89.0,88.0,81.0,-7.0,False,60.0,,False,2026-08-19 07:00,2026-08-19,7,2,False,MORNING,0.0,
1787137200000,0.0,0.0,0.0,0.0,0.0,0.0,,,0.0,0.0,0.0,36.81818181818182,11.0,61.0,81.0,75.0,-6.0,False,60.0,,False,2026-08-19 08:00,2026-08-19,8,2,False,MORNING,0.0,
1787140800000,63.0,26.0,754.0,112.0,12413.0,2512.0,0.6388853878527224,15.914102564102564,3.0,2.0,2.0,38.6,10.0,48.0,74.0,66.0,-8.0,True,45.62851666666667,14.37148333333333,False,2026-08-19 09:00,2026-08-19,9,2,False,MORNING,66.0,4.592427828720998
1787144400000,105.0,73.0,3886.0,251.0,32345.0,5147.0,0.7261720921698135,14.769406392694064,14.0,9.0,5.0,49.22222222222222,9.0,66.0,66.0,59.0,-7.0,True,22.138783333333333,37.861216666666664,False,2026-08-19 10:00,2026-08-19,10,2,False,MORNING,119.0,3.14305800174585
1787148000000,0.0,0.0,0.0,0.0,0.0,0.0,,,0.0,0.0,0.0,28.90909090909091,11.0,40.0,58.0,55.0,-3.0,False,60.0,,False,2026-08-19 11:00,2026-08-19,11,2,False,MORNING,0.0,
1787151600000,49.0,52.0,1435.0,223.0,24538.0,6616.0,0.770621285544894,15.729487179487178,21.0,11.0,7.0,33.25,8.0,42.0,55.0,51.0,-4.0,True,30.67825,29.32175,False,2026-08-19 12:00,2026-08-19,12,2,False,MORNING,70.0,2.387306351087503
1787155200000,30.0,38.0,1385.0,103.0,10743.0,2858.0,0.6687983626506592,9.423684210526316,2.0,2.0,2.0,42.77777777777778,9.0,66.0,51.0,45.0,-6.0,True,19.959083333333332,40.04091666666667,False,2026-08-19 13:00,2026-08-19,13,2,False,AFTERNOON,32.0,0.7991825028980771
1787158800000,11.0,9.0,23.0,26.0,5557.0,67.0,0.09482008407582053,20.581481481481482,0.0,0.0,0.0,52.5,10.0,73.0,45.0,41.0,-4.0,True,0.0,60.0,False,2026-08-19 14:00,2026-08-19,14,2,False,AFTERNOON,11.0,0.18333333333333332
1787162400000,102.0,66.0,2752.0,208.0,28498.0,6872.0,0.7599289557359379,14.392929292929294,25.0,11.0,4.0,36.45454545454545,11.0,48.0,40.0,37.0,-3.0,True,2.150916666666667,57.84908333333333,False,2026-08-19 15:00,2026-08-19,15,2,False,AFTERNOON,127.0,2.195367543997384
1787166000000,81.0,103.0,5201.0,333.0,32386.0,19516.0,0.7888866149488621,10.480906148867314,22.0,13.0,9.0,29.25,12.0,36.0,37.0,35.0,-2.0,True,9.141783333333333,50.858216666666664,False,2026-08-19 16:00,2026-08-19,16,2,False,AFTERNOON,103.0,2.025238137528089
1787169600000,38.0,64.0,2610.0,124.0,14965.0,15617.0,0.6744943594678687,7.794270833333333,11.0,7.0,3.0,22.444444444444443,9.0,34.0,35.0,34.0,-1.0,True,28.049866666666667,31.950133333333333,False,2026-08-19 17:00,2026-08-19,17,2,False,AFTERNOON,49.0,1.5336399222121138
1787173200000,5.0,36.0,483.0,44.0,7115.0,2167.0,0.3049572766168649,6.587962962962963,11.0,4.0,2.0,16.083333333333332,12.0,28.0,34.0,39.0,5.0,True,41.1904,18.809600000000003,False,2026-08-19 18:00,2026-08-19,18,2,False,AFTERNOON,16.0,0.8506294658046953
1787176800000,62.0,67.0,2037.0,132.0,21491.0,4485.0,0.5293214042363232,10.692039800995024,21.0,8.0,3.0,21.0,10.0,40.0,39.0,36.0,-3.0,True,22.874716666666668,37.12528333333333,False,2026-08-19 19:00,2026-08-19,19,2,False,EVENING,83.0,2.2356731733136046
1787180400000,0.0,40.0,49.0,194.0,41622.0,541.0,0.11435253749028525,34.684999999999995,26.0,5.0,4.0,36.333333333333336,6.0,60.0,36.0,31.0,-5.0,True,0.0,60.0,False,2026-08-19 20:00,2026-08-19,20,2,False,EVENING,26.0,0.43333333333333335
1787184000000,0.0,0.0,0.0,0.0,0.0,0.0,,,0.0,0.0,0.0,43.083333333333336,12.0,58.0,30.0,27.0,-3.0,False,0.0,,False,2026-08-19 21:00,2026-08-19,21,2,False,EVENING,0.0,
1787187600000,0.0,0.0,0.0,0.0,0.0,0.0,,,0.0,0.0,0.0,55.5,12.0,81.0,27.0,22.0,-5.0,False,0.0,,False,2026-08-19 22:00,2026-08-19,22,2,False,EVENING,0.0,
1787191200000,0.0,0.0,0.0,0.0,0.0,0.0,,,0.0,0.0,0.0,58.25,12.0,80.0,22.0,18.0,-4.0,False,12.6968,,False,2026-08-19 23:00,2026-08-19,23,2,False,EVENING,0.0,
1787194800000,9.0,23.0,48.0,30.0,9083.0,1962.0,0.4714643735171058,13.163768115942029,2.0,2.0,1.0,29.90909090909091,11.0,46.0,17.0,16.0,-1.0,True,46.89888333333333,13.10111666666667,False,2026-08-20 00:00,2026-08-20,0,3,False,EVENING,11.0,0.839623085563953
1787198400000,0.0,28.0,76.0,17.0,5242.0,889.0,0.2042136825558975,6.2404761904761905,0.0,0.0,0.0,16.0,12.0,22.0,16.0,20.0,4.0,True,44.6763,15.323700000000002,False,2026-08-20 01:00,2026-08-20,1,3,False,EVENING,0.0,0.0
1787202000000,0.0,1.0,0.0,1.0,64.0,0.0,0.11467550533614673,2.1333333333333333,0.0,0.0,0.0,17.0,12.0,22.0,21.0,29.0,8.0,True,13.081083333333334,46.91891666666667,False,2026-08-20 02:00,2026-08-20,2,3,False,EVENING,0.0,0.0
1787205600000,0.0,0.0,0.0,0.0,0.0,0.0,,,0.0,0.0,0.0,13.0,12.0,23.0,30.0,42.0,12.0,False,0.0,,False,2026-08-20 03:00,2026-08-20,3,3,False,NIGHT,0.0,
1787209200000,0.0,0.0,0.0,0.0,0.0,0.0,,,0.0,0.0,0.0,9.083333333333334,12.0,12.0,44.0,58.0,14.0,False,0.0,,False,2026-08-20 04:00,2026-08-20,4,3,False,NIGHT,0.0,
1787212800000,0.0,1.0,1.0,0.0,0.0,0.0,0.0,0.0,0.0,0.0,0.0,7.083333333333333,12.0,10.0,58.0,70.0,12.0,True,0.0,60.0,False,2026-08-20 05:00,2026-08-20,5,3,False,NIGHT,0.0,0.0
1787216400000,0.0,1.0,2.0,0.0,0.0,0.0,0.0,0.0,0.0,0.0,0.0,9.5,12.0,12.0,71.0,80.0,9.0,True,0.0,60.0,False,2026-08-20 06:00,2026-08-20,6,3,False,NIGHT,0.0,0.0
1787220000000,0.0,0.0,0.0,0.0,0.0,0.0,,,0.0,0.0,0.0,9.5,12.0,14.0,80.0,88.0,8.0,False,0.0,,False,2026-08-20 07:00,2026-08-20,7,3,False,MORNING,0.0,
1787223600000,0.0,0.0,0.0,0.0,0.0,0.0,,,0.0,0.0,0.0,26.272727272727273,11.0,46.0,88.0,82.0,-6.0,False,0.0,,False,2026-08-20 08:00,2026-08-20,8,3,False,MORNING,0.0,
1787227200000,0.0,0.0,0.0,0.0,0.0,0.0,,,0.0,0.0,0.0,76.33333333333333,3.0,90.0,81.0,72.0,-9.0,False,0.0,,False,2026-08-20 09:00,2026-08-20,9,3,False,MORNING,0.0,
1787230800000,146.0,76.0,2374.0,422.0,46637.0,9334.0,0.6357690307046338,20.45482456140351,49.0,21.0,12.0,72.5,12.0,83.0,71.0,62.0,-9.0,True,0.0,60.0,False,2026-08-20 10:00,2026-08-20,10,3,False,MORNING,195.0,3.25
1787234400000,95.0,97.0,3934.0,223.0,33112.0,10762.0,0.6782506014382002,11.378694158075602,32.0,14.0,7.0,51.083333333333336,12.0,72.0,61.0,55.0,-6.0,True,6.38315,53.61685,False,2026-08-20 11:00,2026-08-20,11,3,False,MORNING,127.0,2.3686583601983333
1787238000000,54.0,114.0,6057.0,219.0,24378.0,12581.0,0.7347151201451497,7.128070175438596,38.0,16.0,10.0,27.333333333333332,12.0,40.0,55.0,52.0,-3.0,True,2.5662666666666665,57.433733333333336,False,2026-08-20 12:00,2026-08-20,12,3,False,MORNING,92.0,1.6018460695572636
1787241600000,135.0,120.0,5009.0,580.0,52738.0,19732.0,0.8435578724581738,14.649444444444445,42.0,19.0,15.0,31.083333333333332,12.0,47.0,52.0,48.0,-4.0,True,0.0,60.0,False,2026-08-20 13:00,2026-08-20,13,3,False,AFTERNOON,177.0,2.95
1787245200000,31.0,49.0,1978.0,63.0,7777.0,6935.0,0.6889189519743093,5.29047619047619,4.0,3.0,2.0,32.9,10.0,43.0,48.0,44.0,-4.0,True,36.356566666666666,23.643433333333334,False,2026-08-20 14:00,2026-08-20,14,3,False,AFTERNOON,35.0,1.4803264613289384
1787248800000,97.0,55.0,1866.0,272.0,34615.0,4647.0,0.6253432959588147,20.97878787878788,33.0,15.0,10.0,44.45454545454545,11.0,60.0,44.0,40.0,-4.0,True,32.2582,27.741799999999998,False,2026-08-20 15:00,2026-08-20,15,3,False,AFTERNOON,130.0,4.686069397083102
1787252400000,83.0,111.0,4233.0,300.0,34581.0,13742.0,0.7233261961143947,10.384684684684684,27.0,13.0,8.0,32.333333333333336,12.0,55.0,40.0,37.0,-3.0,True,4.488283333333333,55.511716666666665,False,2026-08-20 16:00,2026-08-20,16,3,False,AFTERNOON,110.0,1.9815636518776967
1787256000000,23.0,80.0,4217.0,118.0,12809.0,7669.0,0.6199922066395723,5.337083333333334,15.0,5.0,4.0,29.875,8.0,38.0,37.0,32.0,-5.0,True,19.834666666666667,40.165333333333336,True,2026-08-20 17:00,2026-08-20,17,3,False,AFTERNOON,38.0,0.9460894967467799
1787259600000,44.0,60.0,1937.0,166.0,24546.0,4962.0,0.5995423251516884,13.636666666666667,21.0,11.0,8.0,,0.0,,31.0,27.0,-4.0,True,26.89528333333333,33.10471666666667,True,2026-08-20 18:00,2026-08-20,18,3,False,AFTERNOON,65.0,1.9634664345413013
1787263200000,23.0,56.0,1719.0,147.0,18771.0,4201.0,0.6136294111574495,11.173214285714286,57.0,12.0,6.0,60.4,5.0,72.0,27.0,24.0,-3.0,True,26.663733333333333,33.33626666666667,False,2026-08-20 19:00,2026-08-20,19,3,False,EVENING,80.0,2.3997888185839646
1787266800000,17.0,27.0,615.0,78.0,9663.0,5378.0,0.7907766145686759,11.92962962962963,11.0,7.0,6.0,26.7,10.0,49.0,24.0,22.0,-2.0,True,42.861583333333336,17.138416666666664,False,2026-08-20 20:00,2026-08-20,20,3,False,EVENING,28.0,1.6337565216545678
1787270400000,27.0,46.0,227.0,147.0,20616.0,8849.0,0.6583500553663878,14.939130434782609,27.0,9.0,5.0,23.3,10.0,46.0,22.0,21.0,-1.0,True,36.18103333333333,23.818966666666668,False,2026-08-20 21:00,2026-08-20,21,3,False,EVENING,54.0,2.267100867795832
1787274000000,0.0,0.0,0.0,0.0,0.0,0.0,,,0.0,0.0,0.0,15.833333333333334,12.0,19.0,21.0,24.0,3.0,False,60.0,,False,2026-08-20 22:00,2026-08-20,22,3,False,EVENING,0.0,
1787277600000,0.0,0.0,0.0,0.0,0.0,0.0,,,0.0,0.0,0.0,13.0,12.0,18.0,25.0,32.0,7.0,False,60.0,,False,2026-08-20 23:00,2026-08-20,23,3,False,EVENING,0.0,
1787281200000,0.0,0.0,0.0,0.0,0.0,0.0,,,0.0,0.0,0.0,12.083333333333334,12.0,17.0,33.0,45.0,12.0,False,60.0,,False,2026-08-21 00:00,2026-08-21,0,4,False,EVENING,0.0,
1787284800000,0.0,0.0,0.0,0.0,0.0,0.0,,,0.0,0.0,0.0,11.0,12.0,14.0,46.0,59.0,13.0,False,60.0,,False,2026-08-21 01:00,2026-08-21,1,4,False,EVENING,0.0,
1787288400000,0.0,0.0,0.0,0.0,0.0,0.0,,,0.0,0.0,0.0,10.333333333333334,12.0,13.0,60.0,71.0,11.0,False,60.0,,False,2026-08-21 02:00,2026-08-21,2,4,False,EVENING,0.0,
1787292000000,0.0,0.0,0.0,0.0,0.0,0.0,,,0.0,0.0,0.0,9.75,12.0,18.0,71.0,81.0,10.0,False,60.0,,False,2026-08-21 03:00,2026-08-21,3,4,False,NIGHT,0.0,
1787295600000,0.0,0.0,0.0,0.0,0.0,0.0,,,0.0,0.0,0.0,9.583333333333334,12.0,12.0,82.0,89.0,7.0,False,60.0,,False,2026-08-21 04:00,2026-08-21,4,4,False,NIGHT,0.0,
1787299200000,0.0,0.0,0.0,0.0,0.0,0.0,,,0.0,0.0,0.0,9.5,12.0,12.0,90.0,95.0,5.0,False,60.0,,False,2026-08-21 05:00,2026-08-21,5,4,False,NIGHT,0.0,
1787302800000,0.0,0.0,0.0,0.0,0.0,0.0,,,0.0,0.0,0.0,12.583333333333334,12.0,19.0,95.0,99.0,4.0,False,60.0,,False,2026-08-21 06:00,2026-08-21,6,4,False,NIGHT,0.0,
1787306400000,0.0,0.0,0.0,0.0,0.0,0.0,,,0.0,0.0,0.0,17.0,12.0,31.0,100.0,100.0,0.0,False,60.0,,False,2026-08-21 07:00,2026-08-21,7,4,False,MORNING,0.0,
1787310000000,0.0,0.0,0.0,0.0,0.0,0.0,,,0.0,0.0,0.0,54.75,4.0,85.0,100.0,93.0,-7.0,False,60.0,,True,2026-08-21 08:00,2026-08-21,8,4,False,MORNING,0.0,
1787313600000,14.0,10.0,935.0,31.0,2167.0,295.0,0.5648844271298572,7.223333333333333,0.0,0.0,0.0,50.22222222222222,9.0,89.0,92.0,84.0,-8.0,True,55.48948333333333,4.510516666666668,False,2026-08-21 09:00,2026-08-21,9,4,False,MORNING,14.0,3.1038572816861327
1787317200000,0.0,0.0,0.0,0.0,0.0,0.0,,,0.0,0.0,0.0,28.0,9.0,53.0,84.0,78.0,-6.0,False,60.0,,False,2026-08-21 10:00,2026-08-21,10,4,False,MORNING,0.0,
1787320800000,58.0,62.0,1438.0,214.0,28763.0,7607.0,0.689057638353109,15.463978494623657,28.0,11.0,6.0,67.6,10.0,79.0,78.0,69.0,-9.0,True,26.25315,33.746849999999995,False,2026-08-21 11:00,2026-08-21,11,4,False,MORNING,86.0,2.548385997507916
1787324400000,119.0,110.0,3440.0,390.0,43730.0,17476.0,0.6714891109896958,13.251515151515152,41.0,16.0,11.0,58.833333333333336,12.0,77.0,68.0,62.0,-6.0,True,4.171916666666666,55.82808333333333,False,2026-08-21 12:00,2026-08-21,12,4,False,MORNING,160.0,2.865941125807352
1787328000000,105.0,102.0,3838.0,286.0,38587.0,14122.0,0.6748515240591271,12.610130718954249,17.0,10.0,8.0,54.09090909090909,11.0,70.0,61.0,55.0,-6.0,True,4.58525,55.41475,False,2026-08-21 13:00,2026-08-21,13,4,False,AFTERNOON,122.0,2.2015799042673656
1787331600000,11.0,12.0,213.0,37.0,3501.0,2908.0,1.0095170591073506,9.725,3.0,2.0,2.0,52.142857142857146,7.0,73.0,55.0,50.0,-5.0,True,54.076433333333334,5.923566666666666,False,2026-08-21 14:00,2026-08-21,14,4,False,AFTERNOON,14.0,2.363440944926199
1787335200000,8.0,48.0,2372.0,73.0,9555.0,5795.0,0.8032148025441938,6.635416666666667,5.0,2.0,2.0,57.0,9.0,72.0,50.0,45.0,-5.0,True,35.811416666666666,24.188583333333334,False,2026-08-21 15:00,2026-08-21,15,4,False,AFTERNOON,13.0,0.5374436287091362
1787338800000,20.0,27.0,315.0,61.0,7777.0,5000.0,0.5570778459341367,9.601234567901233,11.0,4.0,4.0,56.36363636363637,11.0,63.0,45.0,41.0,-4.0,True,44.55605,15.443950000000001,False,2026-08-21 16:00,2026-08-21,16,4,False,AFTERNOON,31.0,2.007258505757918
1787342400000,102.0,116.0,4814.0,253.0,36178.0,9732.0,0.5523660070983033,10.395977011494251,43.0,14.0,9.0,24.666666666666668,12.0,35.0,40.0,39.0,-1.0,True,0.0,60.0,False,2026-08-21 17:00,2026-08-21,17,4,False,AFTERNOON,145.0,2.4166666666666665
1787346000000,63.0,97.0,4777.0,162.0,24855.0,8802.0,0.5592383764333034,8.541237113402063,47.0,12.0,7.0,33.9,10.0,61.0,39.0,37.0,-2.0,True,9.8604,50.1396,False,2026-08-21 18:00,2026-08-21,18,4,False,AFTERNOON,110.0,2.193874701832484
1787349600000,0.0,7.0,302.0,2.0,40.0,241.0,0.34867334079282586,0.1904761904761905,0.0,0.0,0.0,54.888888888888886,9.0,70.0,36.0,33.0,-3.0,True,19.757683333333333,40.24231666666667,False,2026-08-21 19:00,2026-08-21,19,4,False,EVENING,0.0,0.0
1787353200000,0.0,1.0,2.0,0.0,0.0,0.0,0.0,0.0,0.0,0.0,0.0,46.333333333333336,12.0,66.0,33.0,30.0,-3.0,True,0.0,60.0,False,2026-08-21 20:00,2026-08-21,20,4,False,EVENING,0.0,0.0
1787356800000,0.0,0.0,0.0,0.0,0.0,0.0,,,0.0,0.0,0.0,48.0,11.0,64.0,30.0,27.0,-3.0,False,0.0,,False,2026-08-21 21:00,2026-08-21,21,4,False,EVENING,0.0,
1787360400000,0.0,0.0,0.0,0.0,0.0,0.0,,,0.0,0.0,0.0,54.916666666666664,12.0,70.0,26.0,23.0,-3.0,False,0.0,,False,2026-08-21 22:00,2026-08-21,22,4,False,EVENING,0.0,
1787364000000,0.0,0.0,0.0,0.0,0.0,0.0,,,0.0,0.0,0.0,59.5,12.0,86.0,23.0,19.0,-4.0,False,0.0,,False,2026-08-21 23:00,2026-08-21,23,4,False,EVENING,0.0,
1787367600000,0.0,0.0,0.0,0.0,0.0,0.0,,,0.0,0.0,0.0,33.125,8.0,51.0,18.0,15.0,-3.0,False,0.0,,False,2026-08-22 00:00,2026-08-22,0,5,True,EVENING,0.0,
1787371200000,0.0,0.0,0.0,0.0,0.0,0.0,,,0.0,0.0,0.0,7.75,12.0,28.0,15.0,24.0,9.0,False,0.0,,False,2026-08-22 01:00,2026-08-22,1,5,True,EVENING,0.0,
1787374800000,0.0,0.0,0.0,0.0,0.0,0.0,,,0.0,0.0,0.0,8.25,12.0,12.0,26.0,38.0,12.0,False,37.36245,,False,2026-08-22 02:00,2026-08-22,2,5,True,EVENING,0.0,
1787378400000,0.0,0.0,0.0,0.0,0.0,0.0,,,0.0,0.0,0.0,10.916666666666666,12.0,14.0,39.0,52.0,13.0,False,60.0,,False,2026-08-22 03:00,2026-08-22,3,5,True,NIGHT,0.0,
1787382000000,0.0,0.0,0.0,0.0,0.0,0.0,,,0.0,0.0,0.0,9.25,12.0,12.0,54.0,65.0,11.0,False,60.0,,False,2026-08-22 04:00,2026-08-22,4,5,True,NIGHT,0.0,
1787385600000,0.0,0.0,0.0,0.0,0.0,0.0,,,0.0,0.0,0.0,11.416666666666666,12.0,14.0,66.0,74.0,8.0,False,60.0,,False,2026-08-22 05:00,2026-08-22,5,5,True,NIGHT,0.0,
1787389200000,0.0,0.0,0.0,0.0,0.0,0.0,,,0.0,0.0,0.0,9.25,12.0,11.0,75.0,83.0,8.0,False,60.0,,False,2026-08-22 06:00,2026-08-22,6,5,True,NIGHT,0.0,
1787392800000,0.0,0.0,0.0,0.0,0.0,0.0,,,0.0,0.0,0.0,11.916666666666666,12.0,14.0,84.0,90.0,6.0,False,60.0,,False,2026-08-22 07:00,2026-08-22,7,5,True,MORNING,0.0,
1787396400000,0.0,0.0,0.0,0.0,0.0,0.0,,,0.0,0.0,0.0,29.636363636363637,11.0,80.0,90.0,90.0,0.0,False,60.0,,False,2026-08-22 08:00,2026-08-22,8,5,True,MORNING,0.0,
1787400000000,0.0,0.0,0.0,0.0,0.0,0.0,,,0.0,0.0,0.0,37.45454545454545,11.0,78.0,90.0,83.0,-7.0,False,60.0,,False,2026-08-22 09:00,2026-08-22,9,5,True,MORNING,0.0,
1787403600000,0.0,0.0,0.0,0.0,0.0,0.0,,,0.0,0.0,0.0,35.0,8.0,49.0,82.0,76.0,-6.0,False,60.0,,False,2026-08-22 10:00,2026-08-22,10,5,True,MORNING,0.0,
1787407200000,0.0,0.0,0.0,0.0,0.0,0.0,,,0.0,0.0,0.0,43.0,12.0,52.0,76.0,69.0,-7.0,False,60.0,,False,2026-08-22 11:00,2026-08-22,11,5,True,MORNING,0.0,
1787410800000,0.0,0.0,0.0,0.0,0.0,0.0,,,0.0,0.0,0.0,37.833333333333336,12.0,60.0,69.0,63.0,-6.0,False,60.0,,False,2026-08-22 12:00,2026-08-22,12,5,True,MORNING,0.0,
1787414400000,0.0,0.0,0.0,0.0,0.0,0.0,,,0.0,0.0,0.0,35.166666666666664,12.0,44.0,63.0,59.0,-4.0,False,60.0,,False,2026-08-22 13:00,2026-08-22,13,5,True,AFTERNOON,0.0,
1787418000000,0.0,0.0,0.0,0.0,0.0,0.0,,,0.0,0.0,0.0,39.666666666666664,12.0,56.0,58.0,54.0,-4.0,False,60.0,,False,2026-08-22 14:00,2026-08-22,14,5,True,AFTERNOON,0.0,
1787421600000,0.0,0.0,0.0,0.0,0.0,0.0,,,0.0,0.0,0.0,42.6,10.0,67.0,53.0,50.0,-3.0,False,60.0,,False,2026-08-22 15:00,2026-08-22,15,5,True,AFTERNOON,0.0,
1787425200000,0.0,0.0,0.0,0.0,0.0,0.0,,,0.0,0.0,0.0,55.333333333333336,9.0,74.0,50.0,45.0,-5.0,False,60.0,,False,2026-08-22 16:00,2026-08-22,16,5,True,AFTERNOON,0.0,
1787428800000,69.0,61.0,1537.0,207.0,29954.0,7205.0,0.649390207231751,16.36830601092896,14.0,9.0,4.0,58.166666666666664,12.0,81.0,44.0,39.0,-5.0,True,27.698183333333333,32.30181666666667,False,2026-08-22 17:00,2026-08-22,17,5,True,AFTERNOON,83.0,2.5695149240832174
1787432400000,58.0,95.0,2946.0,139.0,22654.0,13573.0,0.6732165773964686,7.948771929824561,16.0,11.0,9.0,39.333333333333336,12.0,58.0,39.0,36.0,-3.0,True,11.387333333333334,48.61266666666667,False,2026-08-22 18:00,2026-08-22,18,5,True,AFTERNOON,74.0,1.5222370027016277
1787436000000,133.0,110.0,4448.0,339.0,36383.0,21570.0,0.8326477666474814,11.025151515151515,39.0,14.0,12.0,30.0,12.0,55.0,36.0,34.0,-2.0,True,3.9017166666666667,56.098283333333335,False,2026-08-22 19:00,2026-08-22,19,5,True,EVENING,172.0,3.066047475606057
1787439600000,80.0,97.0,3339.0,317.0,56996.0,8694.0,0.5086858629888233,19.586254295532644,26.0,15.0,7.0,25.625,8.0,34.0,34.0,33.0,-1.0,True,10.74075,49.25925,False,2026-08-22 20:00,2026-08-22,20,5,True,EVENING,106.0,2.1518801037368616
1787443200000,147.0,109.0,6354.0,305.0,35267.0,22088.0,0.7076212797416862,10.785015290519878,10.0,8.0,4.0,31.4,10.0,49.0,32.0,31.0,-1.0,True,0.0,60.0,False,2026-08-22 21:00,2026-08-22,21,5,True,EVENING,157.0,2.6166666666666667
1787446800000,2.0,13.0,1119.0,2.0,252.0,1831.0,0.5002723250473815,0.6461538461538461,0.0,0.0,0.0,23.2,10.0,38.0,30.0,29.0,-1.0,True,48.58403333333333,11.41596666666667,False,2026-08-22 22:00,2026-08-22,22,5,True,EVENING,2.0,0.17519322352611397
1787450400000,0.0,0.0,0.0,0.0,0.0,0.0,,,0.0,0.0,0.0,28.0,10.0,53.0,29.0,29.0,0.0,False,60.0,,False,2026-08-22 23:00,2026-08-22,23,5,True,EVENING,0.0,
1787454000000,0.0,0.0,0.0,0.0,0.0,0.0,,,0.0,0.0,0.0,61.916666666666664,12.0,82.0,29.0,24.0,-5.0,False,60.0,,False,2026-08-23 00:00,2026-08-23,0,6,True,EVENING,0.0,
1787457600000,0.0,3.0,0.0,0.0,3.0,6.0,0.3333333333333333,0.03333333333333333,0.0,0.0,0.0,46.27272727272727,11.0,76.0,24.0,21.0,-3.0,True,59.64725,0.35275000000000034,False,2026-08-23 01:00,2026-08-23,1,6,True,EVENING,0.0,0.0
1787461200000,0.0,0.0,0.0,0.0,0.0,0.0,,,0.0,0.0,0.0,54.375,8.0,76.0,21.0,16.0,-5.0,False,60.0,,False,2026-08-23 02:00,2026-08-23,2,6,True,EVENING,0.0,
1787464800000,0.0,0.0,0.0,0.0,0.0,0.0,,,0.0,0.0,0.0,66.0909090909091,11.0,80.0,16.0,12.0,-4.0,False,60.0,,False,2026-08-23 03:00,2026-08-23,3,6,True,NIGHT,0.0,
1787468400000,0.0,0.0,0.0,0.0,0.0,0.0,,,0.0,0.0,0.0,76.33333333333333,12.0,85.0,12.0,7.0,-5.0,False,60.0,,False,2026-08-23 04:00,2026-08-23,4,6,True,NIGHT,0.0,
1787472000000,0.0,0.0,0.0,0.0,0.0,0.0,,,0.0,0.0,0.0,63.18181818181818,11.0,72.0,6.0,5.0,-1.0,False,60.0,,False,2026-08-23 05:00,2026-08-23,5,6,True,NIGHT,0.0,
1787475600000,0.0,0.0,0.0,0.0,0.0,0.0,,,0.0,0.0,0.0,68.0,1.0,68.0,5.0,5.0,0.0,False,60.0,,False,2026-08-23 06:00,2026-08-23,6,6,True,NIGHT,0.0,
1787497200000,0.0,0.0,0.0,0.0,0.0,0.0,,,0.0,0.0,0.0,37.63636363636363,11.0,67.0,18.0,16.0,-2.0,False,60.0,,False,2026-08-23 12:00,2026-08-23,12,6,True,MORNING,0.0,
1787500800000,13.0,23.0,463.0,34.0,4749.0,3129.0,0.4098585358080352,6.882608695652174,4.0,3.0,3.0,42.142857142857146,7.0,55.0,16.0,13.0,-3.0,True,47.10565,12.894350000000003,False,2026-08-23 13:00,2026-08-23,13,6,True,AFTERNOON,17.0,1.3184068991457496
1787504400000,0.0,0.0,0.0,0.0,0.0,0.0,,,0.0,0.0,0.0,56.416666666666664,12.0,75.0,13.0,10.0,-3.0,False,60.0,,False,2026-08-23 14:00,2026-08-23,14,6,True,AFTERNOON,0.0,
1787508000000,0.0,0.0,0.0,0.0,0.0,0.0,,,0.0,0.0,0.0,55.833333333333336,12.0,79.0,10.0,7.0,-3.0,False,60.0,,False,2026-08-23 15:00,2026-08-23,15,6,True,AFTERNOON,0.0,
1787511600000,0.0,0.0,0.0,0.0,0.0,0.0,,,0.0,0.0,0.0,38.90909090909091,11.0,56.0,7.0,5.0,-2.0,False,60.0,,False,2026-08-23 16:00,2026-08-23,16,6,True,AFTERNOON,0.0,
1787515200000,15.0,44.0,449.0,162.0,23709.0,4631.0,0.47634541951081794,17.961363636363636,57.0,18.0,12.0,34.083333333333336,12.0,47.0,5.0,5.0,0.0,True,35.0655,24.9345,False,2026-08-23 17:00,2026-08-23,17,6,True,AFTERNOON,72.0,2.8875654214040787
1787518800000,43.0,72.0,1593.0,241.0,27903.0,11884.0,0.6991102684347986,12.918055555555556,41.0,20.0,8.0,22.166666666666668,12.0,32.0,5.0,5.0,0.0,True,22.382083333333334,37.617916666666666,False,2026-08-23 18:00,2026-08-23,18,6,True,AFTERNOON,84.0,2.2329785230885104
1787522400000,83.0,107.0,3945.0,351.0,46053.0,13314.0,0.574625737001493,14.346728971962618,45.0,16.0,9.0,19.166666666666668,12.0,22.0,5.0,5.0,0.0,True,4.224716666666667,55.775283333333334,False,2026-08-23 19:00,2026-08-23,19,6,True,EVENING,128.0,2.2949233486637
1787526000000,67.0,109.0,3715.0,130.0,31939.0,16575.0,0.6422602368303737,9.767278287461775,8.0,5.0,3.0,16.416666666666668,12.0,20.0,6.0,8.0,2.0,True,5.058283333333334,54.941716666666665,False,2026-08-23 20:00,2026-08-23,20,6,True,EVENING,75.0,1.3650829378890297
1787529600000,46.0,46.0,2693.0,100.0,10776.0,4609.0,0.6414212127993947,7.808695652173913,10.0,5.0,1.0,17.4,5.0,27.0,8.0,9.0,1.0,True,37.237883333333336,22.762116666666664,False,2026-08-23 21:00,2026-08-23,21,6,True,EVENING,56.0,2.4602281422275465
1787533200000,0.0,14.0,23.0,40.0,6199.0,959.0,0.44384353222910156,14.75952380952381,13.0,4.0,1.0,16.2,10.0,22.0,9.0,9.0,0.0,True,55.390633333333334,4.609366666666666,False,2026-08-23 22:00,2026-08-23,22,6,True,EVENING,13.0,2.8203440819780017
1787536800000,0.0,0.0,0.0,0.0,0.0,0.0,,,0.0,0.0,0.0,13.25,12.0,20.0,9.0,15.0,6.0,False,60.0,,False,2026-08-23 23:00,2026-08-23,23,6,True,EVENING,0.0,
1787540400000,0.0,0.0,0.0,0.0,0.0,0.0,,,0.0,0.0,0.0,16.083333333333332,12.0,18.0,16.0,26.0,10.0,False,60.0,,False,2026-08-24 00:00,2026-08-24,0,0,False,EVENING,0.0,
1787544000000,0.0,0.0,0.0,0.0,0.0,0.0,,,0.0,0.0,0.0,15.166666666666666,12.0,24.0,28.0,45.0,17.0,False,60.0,,False,2026-08-24 01:00,2026-08-24,1,0,False,EVENING,0.0,
1787547600000,0.0,0.0,0.0,0.0,0.0,0.0,,,0.0,0.0,0.0,12.5,12.0,16.0,46.0,58.0,12.0,False,60.0,,False,2026-08-24 02:00,2026-08-24,2,0,False,EVENING,0.0,
1787551200000,0.0,0.0,0.0,0.0,0.0,0.0,,,0.0,0.0,0.0,9.5,12.0,13.0,59.0,70.0,11.0,False,60.0,,False,2026-08-24 03:00,2026-08-24,3,0,False,NIGHT,0.0,
1787554800000,0.0,0.0,0.0,0.0,0.0,0.0,,,0.0,0.0,0.0,10.583333333333334,12.0,12.0,71.0,79.0,8.0,False,60.0,,False,2026-08-24 04:00,2026-08-24,4,0,False,NIGHT,0.0,
1787558400000,0.0,0.0,0.0,0.0,0.0,0.0,,,0.0,0.0,0.0,12.333333333333334,12.0,18.0,80.0,86.0,6.0,False,60.0,,False,2026-08-24 05:00,2026-08-24,5,0,False,NIGHT,0.0,
1787562000000,0.0,0.0,0.0,0.0,0.0,0.0,,,0.0,0.0,0.0,12.916666666666666,12.0,38.0,86.0,92.0,6.0,False,60.0,,False,2026-08-24 06:00,2026-08-24,6,0,False,NIGHT,0.0,
1787565600000,0.0,0.0,0.0,0.0,0.0,0.0,,,0.0,0.0,0.0,10.166666666666666,12.0,15.0,92.0,97.0,5.0,False,60.0,,False,2026-08-24 07:00,2026-08-24,7,0,False,MORNING,0.0,
1787569200000,0.0,0.0,0.0,0.0,0.0,0.0,,,0.0,0.0,0.0,38.285714285714285,7.0,43.0,96.0,87.0,-9.0,False,60.0,,True,2026-08-24 08:00,2026-08-24,8,0,False,MORNING,0.0,
1787572800000,43.0,64.0,153.0,84.0,19725.0,6862.0,0.5579731896366427,10.2734375,5.0,3.0,3.0,36.416666666666664,12.0,49.0,86.0,78.0,-8.0,True,25.477333333333334,34.522666666666666,False,2026-08-24 09:00,2026-08-24,9,0,False,MORNING,48.0,1.390390854317936
1787576400000,146.0,27.0,959.0,44.0,6105.0,1703.0,0.4567009677197458,7.537037037037037,6.0,6.0,1.0,50.0,6.0,60.0,78.0,70.0,-8.0,True,33.94416666666667,26.055833333333332,False,2026-08-24 10:00,2026-08-24,10,0,False,MORNING,152.0,5.833626507180094
1787580000000,0.0,0.0,0.0,0.0,0.0,0.0,,,0.0,0.0,0.0,52.166666666666664,12.0,63.0,70.0,62.0,-8.0,False,0.0,,False,2026-08-24 11:00,2026-08-24,11,0,False,MORNING,0.0,
1787583600000,27.0,24.0,1930.0,54.0,4298.0,2647.0,1.00089583783,5.969444444444445,2.0,1.0,1.0,55.57142857142857,7.0,82.0,62.0,56.0,-6.0,True,0.0,60.0,False,2026-08-24 12:00,2026-08-24,12,0,False,MORNING,29.0,0.48333333333333334
1787587200000,56.0,69.0,3532.0,238.0,33930.0,4753.0,0.6449547545005023,16.391304347826086,18.0,6.0,5.0,40.142857142857146,7.0,45.0,56.0,52.0,-4.0,True,0.0,60.0,False,2026-08-24 13:00,2026-08-24,13,0,False,AFTERNOON,74.0,1.2333333333333334
1787590800000,0.0,0.0,0.0,0.0,0.0,0.0,,,0.0,0.0,0.0,48.36363636363637,11.0,69.0,51.0,46.0,-5.0,False,0.0,,False,2026-08-24 14:00,2026-08-24,14,0,False,AFTERNOON,0.0,
1787594400000,85.0,29.0,1386.0,218.0,17597.0,4324.0,0.8288578982236439,20.226436781609195,2.0,2.0,2.0,43.63636363636363,11.0,50.0,46.0,42.0,-4.0,True,0.0,60.0,False,2026-08-24 15:00,2026-08-24,15,0,False,AFTERNOON,87.0,1.45
1787598000000,179.0,119.0,9975.0,492.0,43675.0,16408.0,0.7825060227378223,12.233893557422968,3.0,2.0,2.0,46.083333333333336,12.0,58.0,42.0,38.0,-4.0,True,0.0,60.0,False,2026-08-24 16:00,2026-08-24,16,0,False,AFTERNOON,182.0,3.033333333333333
1787601600000,146.0,119.0,9789.0,517.0,45092.0,24468.0,0.8956921703030729,12.630812324929972,1.0,1.0,1.0,40.583333333333336,12.0,53.0,38.0,35.0,-3.0,True,0.0,60.0,False,2026-08-24 17:00,2026-08-24,17,0,False,AFTERNOON,147.0,2.45
1787605200000,5.0,6.0,237.0,13.0,962.0,273.0,0.4649396785318734,5.344444444444445,10.0,5.0,3.0,58.0,1.0,58.0,35.0,31.0,-4.0,True,0.0,60.0,True,2026-08-24 18:00,2026-08-24,18,0,False,AFTERNOON,15.0,0.25
1787608800000,25.0,6.0,24.0,49.0,5379.0,318.0,0.452921380957652,29.883333333333333,0.0,0.0,0.0,,0.0,,30.0,28.0,-2.0,True,0.9378,59.0622,True,2026-08-24 19:00,2026-08-24,19,0,False,EVENING,25.0,0.42328257328714475
1787612400000,43.0,43.0,937.0,158.0,28834.0,2683.0,0.40353147284342655,22.351937984496125,50.0,16.0,11.0,42.166666666666664,6.0,58.0,27.0,26.0,-1.0,True,37.54175,22.45825,False,2026-08-24 20:00,2026-08-24,20,0,False,EVENING,93.0,4.14101722084312
1787619600000,64.0,88.0,5829.0,164.0,19994.0,6487.0,0.619032697322968,7.573484848484849,16.0,13.0,8.0,,0.0,,,,,True,9.216783333333334,50.78321666666667,False,2026-08-24 22:00,2026-08-24,22,0,False,EVENING,80.0,1.5753236059288616
1787623200000,105.0,111.0,4923.0,206.0,28607.0,15552.0,0.7230928365906686,8.59069069069069,41.0,18.0,10.0,,0.0,,,,,True,0.0,60.0,False,2026-08-24 23:00,2026-08-24,23,0,False,EVENING,146.0,2.433333333333333
1787626800000,52.0,36.0,1600.0,81.0,10544.0,2500.0,0.6242153982932255,9.762962962962964,16.0,12.0,4.0,15.11111111111111,9.0,30.0,19.0,22.0,3.0,True,40.013333333333335,19.986666666666665,True,2026-08-25 00:00,2026-08-25,0,1,False,EVENING,68.0,3.4022681787858575
1787630400000,0.0,0.0,0.0,0.0,0.0,0.0,,,0.0,0.0,0.0,8.25,12.0,10.0,22.0,31.0,9.0,False,60.0,,False,2026-08-25 01:00,2026-08-25,1,1,False,EVENING,0.0,
1787634000000,0.0,0.0,0.0,0.0,0.0,0.0,,,0.0,0.0,0.0,11.416666666666666,12.0,15.0,32.0,41.0,9.0,False,60.0,,False,2026-08-25 02:00,2026-08-25,2,1,False,EVENING,0.0,
1787637600000,0.0,0.0,0.0,0.0,0.0,0.0,,,0.0,0.0,0.0,13.5,12.0,20.0,42.0,50.0,8.0,False,60.0,,False,2026-08-25 03:00,2026-08-25,3,1,False,NIGHT,0.0,
1787641200000,0.0,0.0,0.0,0.0,0.0,0.0,,,0.0,0.0,0.0,12.666666666666666,12.0,17.0,52.0,63.0,11.0,False,60.0,,False,2026-08-25 04:00,2026-08-25,4,1,False,NIGHT,0.0,
1787644800000,0.0,0.0,0.0,0.0,0.0,0.0,,,0.0,0.0,0.0,11.25,12.0,15.0,64.0,73.0,9.0,False,60.0,,False,2026-08-25 05:00,2026-08-25,5,1,False,NIGHT,0.0,
1787648400000,0.0,0.0,0.0,0.0,0.0,0.0,,,0.0,0.0,0.0,10.583333333333334,12.0,31.0,74.0,84.0,10.0,False,60.0,,False,2026-08-25 06:00,2026-08-25,6,1,False,NIGHT,0.0,
1787652000000,0.0,0.0,0.0,0.0,0.0,0.0,,,0.0,0.0,0.0,9.083333333333334,12.0,13.0,84.0,91.0,7.0,False,60.0,,False,2026-08-25 07:00,2026-08-25,7,1,False,MORNING,0.0,
1787655600000,0.0,0.0,0.0,0.0,0.0,0.0,,,0.0,0.0,0.0,35.0,8.0,55.0,92.0,85.0,-7.0,False,60.0,,True,2026-08-25 08:00,2026-08-25,8,1,False,MORNING,0.0,
1787659200000,44.0,26.0,1267.0,121.0,13633.0,2333.0,0.6779638662149795,17.478205128205126,5.0,3.0,1.0,24.7,10.0,33.0,84.0,79.0,-5.0,True,47.36025,12.63975,True,2026-08-25 09:00,2026-08-25,9,1,False,MORNING,49.0,3.8766589529065056
1787662800000,12.0,5.0,63.0,27.0,1841.0,338.0,0.6732699337690647,12.273333333333333,0.0,0.0,0.0,32.0,8.0,46.0,78.0,73.0,-5.0,True,58.10628333333333,1.8937166666666698,False,2026-08-25 10:00,2026-08-25,10,1,False,MORNING,12.0,6.336745201235654
1787666400000,49.0,27.0,912.0,112.0,13970.0,5541.0,0.8904677132662697,17.246913580246915,0.0,0.0,0.0,42.083333333333336,12.0,54.0,72.0,66.0,-6.0,True,0.0,60.0,False,2026-08-25 11:00,2026-08-25,11,1,False,MORNING,49.0,0.8166666666666667
1787670000000,86.0,111.0,6845.0,309.0,30728.0,11703.0,0.8528918230826767,9.227627627627628,2.0,1.0,1.0,43.166666666666664,12.0,65.0,66.0,60.0,-6.0,True,3.0787333333333335,56.92126666666667,False,2026-08-25 12:00,2026-08-25,12,1,False,MORNING,88.0,1.5459951113760644
1787673600000,111.0,97.0,7280.0,231.0,19829.0,9139.0,0.6966373061206519,6.814089347079038,31.0,10.0,5.0,31.25,12.0,38.0,60.0,56.0,-4.0,True,11.768016666666666,48.23198333333333,False,2026-08-25 13:00,2026-08-25,13,1,False,AFTERNOON,142.0,2.9441045170925655
1787677200000,3.0,28.0,614.0,32.0,4040.0,3191.0,0.3583819540440455,4.809523809523809,3.0,3.0,2.0,52.77777777777778,9.0,71.0,55.0,49.0,-6.0,True,39.58943333333333,20.410566666666668,False,2026-08-25 14:00,2026-08-25,14,1,False,AFTERNOON,6.0,0.29396538067700223
1787680800000,55.0,72.0,4152.0,187.0,17549.0,12072.0,0.8226455659090509,8.124537037037037,12.0,9.0,8.0,54.7,10.0,80.0,48.0,43.0,-5.0,True,24.3016,35.6984,False,2026-08-25 15:00,2026-08-25,15,1,False,AFTERNOON,67.0,1.876834816126213
1787684400000,75.0,95.0,6285.0,226.0,20345.0,13052.0,0.8123527086748605,7.13859649122807,17.0,12.0,5.0,47.0,12.0,69.0,42.0,38.0,-4.0,True,12.939233333333334,47.060766666666666,False,2026-08-25 16:00,2026-08-25,16,1,False,AFTERNOON,92.0,1.9549192781248075
1787688000000,105.0,93.0,4205.0,262.0,26277.0,9447.0,0.688037018321491,9.418279569892473,15.0,15.0,10.0,36.5,12.0,61.0,38.0,35.0,-3.0,True,9.31995,50.68005,False,2026-08-25 17:00,2026-08-25,17,1,False,AFTERNOON,120.0,2.3677956118827823
1787691600000,62.0,58.0,1788.0,110.0,15049.0,2953.0,0.5460707352133664,8.648850574712643,10.0,8.0,6.0,32.583333333333336,12.0,49.0,35.0,33.0,-2.0,True,29.48355,30.51645,False,2026-08-25 18:00,2026-08-25,18,1,False,AFTERNOON,72.0,2.3593832179037864
1787695200000,29.0,27.0,1320.0,73.0,6282.0,380.0,0.4871394980047634,7.7555555555555555,8.0,4.0,3.0,32.0,6.0,42.0,32.0,29.0,-3.0,True,47.26841666666667,12.731583333333333,False,2026-08-25 19:00,2026-08-25,19,1,False,EVENING,37.0,2.9061585689132667
1787698800000,0.0,0.0,0.0,0.0,0.0,0.0,,,0.0,0.0,0.0,32.083333333333336,12.0,39.0,28.0,27.0,-1.0,False,60.0,,False,2026-08-25 20:00,2026-08-25,20,1,False,EVENING,0.0,
1787702400000,26.0,30.0,432.0,41.0,6664.0,596.0,0.2688646770547481,7.404444444444445,5.0,2.0,1.0,51.2,10.0,68.0,27.0,23.0,-4.0,True,43.80486666666667,16.19513333333333,False,2026-08-25 21:00,2026-08-25,21,1,False,EVENING,31.0,1.9141552812161682
1787706000000,17.0,12.0,342.0,69.0,6668.0,1582.0,0.7328866497888059,18.522222222222222,2.0,2.0,1.0,44.333333333333336,6.0,86.0,23.0,19.0,-4.0,True,0.0,60.0,True,2026-08-25 22:00,2026-08-25,22,1,False,EVENING,19.0,0.31666666666666665
1787709600000,0.0,0.0,0.0,0.0,0.0,0.0,,,0.0,0.0,0.0,18.09090909090909,11.0,25.0,19.0,21.0,2.0,False,0.0,,True,2026-08-25 23:00,2026-08-25,23,1,False,EVENING,0.0,
1787713200000,0.0,0.0,0.0,0.0,0.0,0.0,,,0.0,0.0,0.0,15.166666666666666,12.0,19.0,21.0,26.0,5.0,False,0.0,,False,2026-08-26 00:00,2026-08-26,0,2,False,EVENING,0.0,
1787716800000,0.0,0.0,0.0,0.0,0.0,0.0,,,0.0,0.0,0.0,11.333333333333334,12.0,16.0,27.0,38.0,11.0,False,0.0,,False,2026-08-26 01:00,2026-08-26,1,2,False,EVENING,0.0,
1787720400000,0.0,0.0,0.0,0.0,0.0,0.0,,,0.0,0.0,0.0,10.0,12.0,14.0,39.0,53.0,14.0,False,51.2054,,False,2026-08-26 02:00,2026-08-26,2,2,False,EVENING,0.0,
1787724000000,0.0,0.0,0.0,0.0,0.0,0.0,,,0.0,0.0,0.0,9.666666666666666,12.0,14.0,54.0,66.0,12.0,False,60.0,,False,2026-08-26 03:00,2026-08-26,3,2,False,NIGHT,0.0,
1787727600000,0.0,0.0,0.0,0.0,0.0,0.0,,,0.0,0.0,0.0,11.583333333333334,12.0,17.0,66.0,76.0,10.0,False,60.0,,False,2026-08-26 04:00,2026-08-26,4,2,False,NIGHT,0.0,
1787731200000,0.0,0.0,0.0,0.0,0.0,0.0,,,0.0,0.0,0.0,8.166666666666666,12.0,10.0,76.0,85.0,9.0,False,60.0,,False,2026-08-26 05:00,2026-08-26,5,2,False,NIGHT,0.0,
1787734800000,0.0,0.0,0.0,0.0,0.0,0.0,,,0.0,0.0,0.0,10.833333333333334,12.0,16.0,86.0,92.0,6.0,False,60.0,,False,2026-08-26 06:00,2026-08-26,6,2,False,NIGHT,0.0,
1787738400000,0.0,0.0,0.0,0.0,0.0,0.0,,,0.0,0.0,0.0,12.583333333333334,12.0,24.0,92.0,97.0,5.0,False,60.0,,False,2026-08-26 07:00,2026-08-26,7,2,False,MORNING,0.0,
1787742000000,0.0,0.0,0.0,0.0,0.0,0.0,,,0.0,0.0,0.0,40.0,3.0,46.0,96.0,88.0,-8.0,False,60.0,,True,2026-08-26 08:00,2026-08-26,8,2,False,MORNING,0.0,
1787745600000,0.0,0.0,0.0,0.0,0.0,0.0,,,0.0,0.0,0.0,42.5,8.0,56.0,87.0,80.0,-7.0,False,60.0,,False,2026-08-26 09:00,2026-08-26,9,2,False,MORNING,0.0,
1787749200000,74.0,68.0,1444.0,328.0,37392.0,11681.0,0.7568278703965376,18.32941176470588,18.0,8.0,7.0,31.333333333333332,9.0,41.0,80.0,75.0,-5.0,True,20.791166666666665,39.20883333333333,False,2026-08-26 10:00,2026-08-26,10,2,False,MORNING,92.0,2.346410035153643
1787752800000,132.0,82.0,3311.0,266.0,34957.0,7252.0,0.6307043976209218,14.210162601626017,18.0,9.0,6.0,43.5,12.0,62.0,74.0,68.0,-6.0,True,18.610466666666667,41.38953333333333,False,2026-08-26 11:00,2026-08-26,11,2,False,MORNING,150.0,3.6241046448135843
1787756400000,163.0,119.0,5586.0,430.0,42732.0,16810.0,0.669245779862972,11.969747899159664,49.0,9.0,7.0,31.833333333333332,12.0,44.0,67.0,63.0,-4.0,True,0.0,60.0,False,2026-08-26 12:00,2026-08-26,12,2,False,MORNING,212.0,3.533333333333333
1787760000000,76.0,60.0,3552.0,208.0,19496.0,7030.0,0.685011975569275,10.831111111111111,12.0,6.0,3.0,34.18181818181818,11.0,54.0,63.0,58.0,-5.0,True,30.205116666666665,29.794883333333335,False,2026-08-26 13:00,2026-08-26,13,2,False,AFTERNOON,88.0,2.9535272555187047
1787763600000,5.0,14.0,574.0,16.0,1824.0,1133.0,0.7646983628070807,4.3428571428571425,0.0,0.0,0.0,53.0,11.0,76.0,58.0,53.0,-5.0,True,53.75161666666666,6.2483833333333365,False,2026-08-26 14:00,2026-08-26,14,2,False,AFTERNOON,5.0,0.8002069868739377
1787767200000,38.0,95.0,3503.0,135.0,27530.0,8020.0,0.657737724079965,9.659649122807018,11.0,6.0,3.0,36.666666666666664,12.0,54.0,52.0,48.0,-4.0,True,7.712416666666667,52.28758333333333,False,2026-08-26 15:00,2026-08-26,15,2,False,AFTERNOON,49.0,0.9371249707148447
1787770800000,99.0,116.0,4130.0,372.0,49637.0,10240.0,0.5628516616964724,14.263505747126436,58.0,27.0,10.0,46.0,12.0,62.0,48.0,43.0,-5.0,True,0.0,60.0,False,2026-08-26 16:00,2026-08-26,16,2,False,AFTERNOON,157.0,2.6166666666666667
1787774400000,99.0,111.0,8298.0,337.0,31168.0,16035.0,0.7990794850945283,9.35975975975976,39.0,21.0,13.0,44.166666666666664,12.0,59.0,43.0,39.0,-4.0,True,5.012266666666667,54.98773333333333,False,2026-08-26 17:00,2026-08-26,17,2,False,AFTERNOON,138.0,2.5096506372330314
1787778000000,103.0,111.0,7408.0,356.0,49926.0,9710.0,0.6614155370883669,14.992792792792793,23.0,11.0,8.0,33.416666666666664,12.0,46.0,39.0,36.0,-3.0,True,3.293616666666667,56.706383333333335,False,2026-08-26 18:00,2026-08-26,18,2,False,AFTERNOON,126.0,2.2219720707515878
1787781600000,53.0,94.0,4514.0,197.0,19891.0,8828.0,0.5391746342542624,7.053546099290781,34.0,16.0,10.0,34.0,4.0,42.0,36.0,34.0,-2.0,True,4.456683333333333,55.54331666666667,True,2026-08-26 19:00,2026-08-26,19,2,False,EVENING,87.0,1.5663450658179996
1787785200000,17.0,28.0,1396.0,31.0,1804.0,1107.0,0.5065268970807174,2.1476190476190475,4.0,2.0,2.0,57.5,2.0,60.0,33.0,30.0,-3.0,True,19.685716666666668,40.314283333333336,False,2026-08-26 20:00,2026-08-26,20,2,False,EVENING,21.0,0.5209071888085984
1787788800000,0.0,0.0,0.0,0.0,0.0,0.0,,,0.0,0.0,0.0,27.416666666666668,12.0,70.0,30.0,28.0,-2.0,False,0.0,,False,2026-08-26 21:00,2026-08-26,21,2,False,EVENING,0.0,
1787792400000,0.0,0.0,0.0,0.0,0.0,0.0,,,0.0,0.0,0.0,28.083333333333332,12.0,56.0,28.0,27.0,-1.0,False,0.0,,False,2026-08-26 22:00,2026-08-26,22,2,False,EVENING,0.0,
1787796000000,0.0,0.0,0.0,0.0,0.0,0.0,,,0.0,0.0,0.0,26.75,12.0,71.0,27.0,28.0,1.0,False,0.0,,False,2026-08-26 23:00,2026-08-26,23,2,False,EVENING,0.0,
1787799600000,0.0,0.0,0.0,0.0,0.0,0.0,,,0.0,0.0,0.0,23.416666666666668,12.0,77.0,28.0,30.0,2.0,False,19.302983333333334,,False,2026-08-27 00:00,2026-08-27,0,3,False,EVENING,0.0,
1787803200000,0.0,0.0,0.0,0.0,0.0,0.0,,,0.0,0.0,0.0,10.25,12.0,14.0,31.0,40.0,9.0,False,60.0,,False,2026-08-27 01:00,2026-08-27,1,3,False,EVENING,0.0,
1787806800000,0.0,0.0,0.0,0.0,0.0,0.0,,,0.0,0.0,0.0,14.916666666666666,12.0,19.0,40.0,50.0,10.0,False,60.0,,False,2026-08-27 02:00,2026-08-27,2,3,False,EVENING,0.0,
1787810400000,0.0,0.0,0.0,0.0,0.0,0.0,,,0.0,0.0,0.0,15.333333333333334,12.0,21.0,51.0,62.0,11.0,False,60.0,,False,2026-08-27 03:00,2026-08-27,3,3,False,NIGHT,0.0,
1787814000000,0.0,0.0,0.0,0.0,0.0,0.0,,,0.0,0.0,0.0,14.833333333333334,12.0,18.0,63.0,71.0,8.0,False,60.0,,False,2026-08-27 04:00,2026-08-27,4,3,False,NIGHT,0.0,
1787817600000,0.0,0.0,0.0,0.0,0.0,0.0,,,0.0,0.0,0.0,16.25,12.0,21.0,71.0,78.0,7.0,False,60.0,,False,2026-08-27 05:00,2026-08-27,5,3,False,NIGHT,0.0,
1787821200000,0.0,0.0,0.0,0.0,0.0,0.0,,,0.0,0.0,0.0,12.583333333333334,12.0,15.0,78.0,85.0,7.0,False,60.0,,False,2026-08-27 06:00,2026-08-27,6,3,False,NIGHT,0.0,
1787824800000,0.0,0.0,0.0,0.0,0.0,0.0,,,0.0,0.0,0.0,20.75,12.0,64.0,86.0,90.0,4.0,False,60.0,,False,2026-08-27 07:00,2026-08-27,7,3,False,MORNING,0.0,
1787828400000,0.0,0.0,0.0,0.0,0.0,0.0,,,0.0,0.0,0.0,45.77777777777778,9.0,72.0,88.0,82.0,-6.0,False,60.0,,False,2026-08-27 08:00,2026-08-27,8,3,False,MORNING,0.0,
1787832000000,0.0,0.0,0.0,0.0,0.0,0.0,,,0.0,0.0,0.0,55.166666666666664,6.0,70.0,80.0,74.0,-6.0,False,60.0,,False,2026-08-27 09:00,2026-08-27,9,3,False,MORNING,0.0,
1787835600000,0.0,0.0,0.0,0.0,0.0,0.0,,,0.0,0.0,0.0,66.3,10.0,91.0,73.0,65.0,-8.0,False,60.0,,False,2026-08-27 10:00,2026-08-27,10,3,False,MORNING,0.0,
1787839200000,156.0,68.0,493.0,290.0,38561.0,12083.0,0.6354187398608192,18.902450980392157,36.0,9.0,9.0,57.6,10.0,76.0,65.0,59.0,-6.0,True,20.333333333333332,39.66666666666667,False,2026-08-27 11:00,2026-08-27,11,3,False,MORNING,192.0,4.840336134453781
1787842800000,123.0,63.0,1953.0,186.0,24908.0,3914.0,0.5933739499725573,13.178835978835979,6.0,4.0,3.0,40.18181818181818,11.0,52.0,59.0,55.0,-4.0,True,25.43505,34.564949999999996,False,2026-08-27 12:00,2026-08-27,12,3,False,MORNING,129.0,3.7321043426939724
1787846400000,15.0,29.0,841.0,80.0,12435.0,1640.0,0.3544250115947206,14.293103448275863,40.0,23.0,10.0,62.0,10.0,79.0,54.0,49.0,-5.0,True,41.99965,18.000349999999997,False,2026-08-27 13:00,2026-08-27,13,3,False,AFTERNOON,55.0,3.0554961431305507
1787850000000,31.0,69.0,1362.0,121.0,21420.0,3253.0,0.32113826090246206,10.347826086956522,19.0,11.0,5.0,52.7,10.0,81.0,48.0,44.0,-4.0,True,19.457916666666666,40.54208333333334,False,2026-08-27 14:00,2026-08-27,14,3,False,AFTERNOON,50.0,1.2332863999342245
1787853600000,84.0,116.0,9597.0,252.0,22428.0,7919.0,0.6573212138285988,6.444827586206896,38.0,19.0,12.0,50.5,12.0,68.0,44.0,40.0,-4.0,True,0.8782666666666666,59.12173333333333,False,2026-08-27 15:00,2026-08-27,15,3,False,AFTERNOON,122.0,2.063538958036864
1787857200000,222.0,119.0,6846.0,510.0,43383.0,13036.0,0.6937484636492742,12.152100840336136,19.0,6.0,5.0,43.083333333333336,12.0,50.0,40.0,36.0,-4.0,True,0.0,60.0,False,2026-08-27 16:00,2026-08-27,16,3,False,AFTERNOON,241.0,4.016666666666667
1787860800000,118.0,90.0,7124.0,224.0,21682.0,9447.0,0.6875902365872497,8.03037037037037,21.0,5.0,3.0,46.8,10.0,61.0,36.0,33.0,-3.0,True,14.804833333333333,45.195166666666665,False,2026-08-27 17:00,2026-08-27,17,3,False,AFTERNOON,139.0,3.0755501141346238
1787864400000,32.0,10.0,472.0,56.0,5289.0,536.0,0.6321596785209663,17.63,4.0,3.0,2.0,44.0,10.0,61.0,33.0,30.0,-3.0,True,54.56183333333333,5.4381666666666675,False,2026-08-27 18:00,2026-08-27,18,3,False,AFTERNOON,36.0,6.6198780226179155
1787868000000,106.0,75.0,3929.0,315.0,32512.0,4936.0,0.5783429492510946,14.449777777777777,19.0,10.0,5.0,38.5,12.0,54.0,29.0,27.0,-2.0,True,23.17685,36.82315,False,2026-08-27 19:00,2026-08-27,19,3,False,EVENING,125.0,3.3946036664435284
1787871600000,0.0,0.0,0.0,0.0,0.0,0.0,,,0.0,0.0,0.0,37.45454545454545,11.0,55.0,27.0,25.0,-2.0,False,60.0,,False,2026-08-27 20:00,2026-08-27,20,3,False,EVENING,0.0,
1787875200000,0.0,0.0,0.0,0.0,0.0,0.0,,,0.0,0.0,0.0,32.875,8.0,40.0,25.0,23.0,-2.0,False,60.0,,False,2026-08-27 21:00,2026-08-27,21,3,False,EVENING,0.0,
1787878800000,0.0,3.0,208.0,0.0,0.0,48.0,0.0,0.0,0.0,0.0,0.0,,0.0,,,,,True,58.789366666666666,1.210633333333334,False,2026-08-27 22:00,2026-08-27,22,3,False,EVENING,0.0,0.0
1787882400000,62.0,75.0,1357.0,141.0,30211.0,4400.0,0.4880041445691221,13.427111111111111,26.0,8.0,4.0,,0.0,,,,,True,19.70005,40.299949999999995,False,2026-08-27 23:00,2026-08-27,23,3,False,EVENING,88.0,2.183625537996946
1787886000000,19.0,69.0,691.0,113.0,28831.0,3074.0,0.2906605872093015,13.928019323671498,41.0,9.0,6.0,24.09090909090909,11.0,37.0,19.0,18.0,-1.0,True,21.36085,38.63915,False,2026-08-28 00:00,2026-08-28,0,4,False,EVENING,60.0,1.552829190083115
1787889600000,14.0,48.0,58.0,113.0,29378.0,3322.0,0.3237162547523378,20.40138888888889,15.0,7.0,5.0,17.583333333333332,12.0,36.0,18.0,22.0,4.0,True,5.4339,54.5661,False,2026-08-28 01:00,2026-08-28,1,4,False,EVENING,29.0,0.5314655069722777
1787893200000,0.0,0.0,0.0,0.0,0.0,0.0,,,0.0,0.0,0.0,11.75,12.0,16.0,22.0,31.0,9.0,False,0.0,,False,2026-08-28 02:00,2026-08-28,2,4,False,EVENING,0.0,
1787896800000,0.0,0.0,0.0,0.0,0.0,0.0,,,0.0,0.0,0.0,11.75,12.0,14.0,32.0,45.0,13.0,False,0.0,,False,2026-08-28 03:00,2026-08-28,3,4,False,NIGHT,0.0,
1787900400000,0.0,0.0,0.0,0.0,0.0,0.0,,,0.0,0.0,0.0,14.75,12.0,18.0,46.0,57.0,11.0,False,53.0683,,False,2026-08-28 04:00,2026-08-28,4,4,False,NIGHT,0.0,
1787904000000,0.0,0.0,0.0,0.0,0.0,0.0,,,0.0,0.0,0.0,16.0,12.0,20.0,58.0,66.0,8.0,False,60.0,,False,2026-08-28 05:00,2026-08-28,5,4,False,NIGHT,0.0,
1787907600000,0.0,0.0,0.0,0.0,0.0,0.0,,,0.0,0.0,0.0,14.25,12.0,19.0,66.0,75.0,9.0,False,60.0,,False,2026-08-28 06:00,2026-08-28,6,4,False,NIGHT,0.0,
1787911200000,0.0,0.0,0.0,0.0,0.0,0.0,,,0.0,0.0,0.0,14.583333333333334,12.0,18.0,75.0,81.0,6.0,False,60.0,,False,2026-08-28 07:00,2026-08-28,7,4,False,MORNING,0.0,
1787914800000,0.0,0.0,0.0,0.0,0.0,0.0,,,0.0,0.0,0.0,13.25,12.0,19.0,81.0,86.0,5.0,False,60.0,,False,2026-08-28 08:00,2026-08-28,8,4,False,MORNING,0.0,
1787918400000,87.0,27.0,814.0,98.0,12921.0,5154.0,0.7693222600477111,15.95185185185185,1.0,1.0,1.0,34.625,8.0,58.0,86.0,81.0,-5.0,True,43.32718333333333,16.67281666666667,True,2026-08-28 09:00,2026-08-28,9,4,False,MORNING,88.0,5.278052398664892
1787922000000,43.0,41.0,658.0,100.0,17744.0,5782.0,0.5916802043915288,14.426016260162601,10.0,4.0,2.0,65.5,10.0,88.0,80.0,71.0,-9.0,True,37.30505,22.69495,False,2026-08-28 10:00,2026-08-28,10,4,False,MORNING,53.0,2.3353212939442476
1787925600000,67.0,99.0,896.0,448.0,87963.0,4166.0,0.22196021638703686,29.61717171717172,21.0,8.0,4.0,60.90909090909091,11.0,73.0,70.0,62.0,-8.0,True,11.7511,48.2489,False,2026-08-28 11:00,2026-08-28,11,4,False,MORNING,88.0,1.8238757774788648
1787929200000,45.0,43.0,1092.0,193.0,24108.0,6517.0,0.7207230550316102,18.688372093023254,31.0,11.0,10.0,62.2,5.0,84.0,62.0,52.0,-10.0,True,38.63118333333333,21.368816666666667,True,2026-08-28 12:00,2026-08-28,12,4,False,MORNING,76.0,3.556584399853681
1787932800000,13.0,8.0,552.0,28.0,1722.0,371.0,0.8456154918521734,7.175,1.0,1.0,1.0,71.5,2.0,73.0,51.0,48.0,-3.0,True,56.64066666666667,3.359333333333332,False,2026-08-28 13:00,2026-08-28,13,4,False,AFTERNOON,14.0,4.1674935503076025
1787936400000,0.0,0.0,0.0,0.0,0.0,0.0,,,0.0,0.0,0.0,80.25,12.0,87.0,48.0,40.0,-8.0,False,60.0,,False,2026-08-28 14:00,2026-08-28,14,4,False,AFTERNOON,0.0,
1787940000000,29.0,51.0,224.0,83.0,26471.0,2863.0,0.2633283969362673,17.30130718954248,18.0,6.0,3.0,78.33333333333333,12.0,89.0,40.0,34.0,-6.0,True,32.83898333333333,27.16101666666667,False,2026-08-28 15:00,2026-08-28,15,4,False,AFTERNOON,47.0,1.7304212348457746
1787943600000,86.0,92.0,5107.0,295.0,28408.0,11017.0,0.895092670998164,10.292753623188407,18.0,7.0,5.0,73.0,2.0,76.0,33.0,33.0,0.0,True,13.097916666666666,46.90208333333334,False,2026-08-28 16:00,2026-08-28,16,4,False,AFTERNOON,104.0,2.217385510593879
1787947200000,103.0,102.0,8076.0,361.0,27708.0,10707.0,0.8643489142872747,9.054901960784314,0.0,0.0,0.0,,0.0,,,,,True,6.55865,53.44135,False,2026-08-28 17:00,2026-08-28,17,4,False,AFTERNOON,103.0,1.927346520999189
1787950800000,20.0,89.0,7428.0,64.0,4728.0,13249.0,0.5639871332310624,1.7707865168539325,6.0,3.0,2.0,,0.0,,,,,True,14.1184,45.8816,False,2026-08-28 18:00,2026-08-28,18,4,False,AFTERNOON,26.0,0.5666759659645697
1787954400000,51.0,92.0,6218.0,216.0,20057.0,13021.0,0.7675327816686262,7.267028985507247,14.0,6.0,4.0,,0.0,,22.0,22.0,0.0,True,5.190266666666667,54.809733333333334,False,2026-08-28 19:00,2026-08-28,19,4,False,EVENING,65.0,1.1859207488694221
1787958000000,0.0,2.0,61.0,0.0,0.0,0.0,0.0,0.0,0.0,0.0,0.0,47.1,10.0,63.0,22.0,19.0,-3.0,True,58.27455,1.7254500000000021,False,2026-08-28 20:00,2026-08-28,20,4,False,EVENING,0.0,0.0
1787961600000,13.0,16.0,872.0,17.0,1670.0,1083.0,0.22276054828435987,3.4791666666666665,2.0,2.0,2.0,51.44444444444444,9.0,67.0,19.0,17.0,-2.0,True,52.95098333333333,7.049016666666667,False,2026-08-28 21:00,2026-08-28,21,4,False,EVENING,15.0,2.1279563816229685
1787965200000,14.0,20.0,1254.0,25.0,2218.0,527.0,0.3949168893782288,3.6966666666666668,0.0,0.0,0.0,39.6,5.0,49.0,16.0,14.0,-2.0,True,50.57005,9.429949999999998,True,2026-08-28 22:00,2026-08-28,22,4,False,EVENING,14.0,1.484631413740264
1787968800000,0.0,0.0,0.0,0.0,0.0,0.0,,,0.0,0.0,0.0,36.45454545454545,11.0,48.0,14.0,12.0,-2.0,False,60.0,,False,2026-08-28 23:00,2026-08-28,23,4,False,EVENING,0.0,
1787972400000,0.0,0.0,0.0,0.0,0.0,0.0,,,0.0,0.0,0.0,44.0,10.0,54.0,12.0,10.0,-2.0,False,60.0,,False,2026-08-29 00:00,2026-08-29,0,5,True,EVENING,0.0,
1788004800000,0.0,20.0,1075.0,9.0,2239.0,803.0,0.46793724724323404,3.731666666666667,0.0,0.0,0.0,43.142857142857146,7.0,66.0,84.0,77.0,-7.0,True,49.400283333333334,10.599716666666666,False,2026-08-29 09:00,2026-08-29,9,5,True,MORNING,0.0,0.0
1788008400000,20.0,56.0,2878.0,105.0,9523.0,6463.0,0.8074221891289444,5.66845238095238,3.0,3.0,3.0,58.6,5.0,82.0,77.0,70.0,-7.0,True,29.4565,30.5435,False,2026-08-29 10:00,2026-08-29,10,5,True,MORNING,23.0,0.7530243750716191
1788012000000,35.0,50.0,1609.0,88.0,13370.0,7268.0,0.7608552683822656,8.913333333333332,5.0,1.0,1.0,47.75,12.0,62.0,69.0,64.0,-5.0,True,36.447583333333334,23.552416666666666,False,2026-08-29 11:00,2026-08-29,11,5,True,MORNING,40.0,1.698339519299152
1788015600000,213.0,190.0,6686.0,1070.0,133667.0,21707.0,0.6168627365797374,23.45035087719298,39.0,16.0,6.0,43.833333333333336,12.0,63.0,63.0,59.0,-4.0,True,0.0,60.0,False,2026-08-29 12:00,2026-08-29,12,5,True,MORNING,252.0,4.2
1788019200000,49.0,61.0,1074.0,63.0,9969.0,3777.0,0.4156407730467628,5.447540983606557,15.0,9.0,4.0,44.90909090909091,11.0,74.0,58.0,53.0,-5.0,True,65.75323333333333,0.0,False,2026-08-29 13:00,2026-08-29,13,5,True,AFTERNOON,64.0,
1788022800000,5.0,121.0,238.0,212.0,53917.0,6890.0,0.260283917703446,14.853168044077135,24.0,14.0,5.0,39.0,12.0,53.0,53.0,49.0,-4.0,True,2.7585,57.2415,False,2026-08-29 14:00,2026-08-29,14,5,True,AFTERNOON,29.0,0.5066254378379322
1788026400000,30.0,81.0,1206.0,336.0,49282.0,9162.0,0.463049365340344,20.28065843621399,78.0,20.0,11.0,40.416666666666664,12.0,61.0,49.0,46.0,-3.0,True,12.070616666666666,47.929383333333334,False,2026-08-29 15:00,2026-08-29,15,5,True,AFTERNOON,108.0,2.253315033262477
1788030000000,52.0,82.0,1232.0,223.0,39664.0,3172.0,0.3246944727829654,16.123577235772355,24.0,8.0,6.0,50.583333333333336,12.0,74.0,46.0,41.0,-5.0,True,13.074616666666667,46.92538333333333,False,2026-08-29 16:00,2026-08-29,16,5,True,AFTERNOON,76.0,1.6195925233073927
1788033600000,84.0,107.0,1234.0,188.0,41451.0,8205.0,0.5022342653977536,12.913084112149532,37.0,11.0,6.0,33.583333333333336,12.0,46.0,41.0,39.0,-2.0,True,0.0,60.0,False,2026-08-29 17:00,2026-08-29,17,5,True,AFTERNOON,121.0,2.0166666666666666
1788037200000,25.0,32.0,435.0,82.0,14944.0,2619.0,0.4843805715159881,15.566666666666666,16.0,8.0,5.0,34.81818181818182,11.0,60.0,38.0,36.0,-2.0,True,42.56398333333333,17.436016666666667,False,2026-08-29 18:00,2026-08-29,18,5,True,AFTERNOON,41.0,2.351454508436082
1788040800000,7.0,52.0,1200.0,67.0,14560.0,1141.0,0.3375506873532579,9.333333333333334,19.0,3.0,2.0,25.8,10.0,29.0,36.0,34.0,-2.0,True,7.288216666666667,52.71178333333333,False,2026-08-29 19:00,2026-08-29,19,5,True,EVENING,26.0,0.4932483470647139
1788044400000,22.0,69.0,686.0,108.0,24424.0,1272.0,0.25689797430958833,11.799033816425121,18.0,6.0,5.0,22.454545454545453,11.0,30.0,34.0,33.0,-1.0,True,17.436966666666667,42.56303333333334,False,2026-08-29 20:00,2026-08-29,20,5,True,EVENING,40.0,0.9397826439375012
1788048000000,168.0,137.0,4655.0,673.0,75379.0,24074.0,0.7336616666734577,18.340389294403895,34.0,16.0,6.0,32.5,10.0,49.0,33.0,31.0,-2.0,True,0.0,60.0,False,2026-08-29 21:00,2026-08-29,21,5,True,EVENING,202.0,3.3666666666666667
1788051600000,12.0,20.0,45.0,28.0,6237.0,5990.0,0.768854028610287,10.395000000000001,12.0,10.0,2.0,36.18181818181818,11.0,55.0,31.0,28.0,-3.0,True,6.88685,53.11315,False,2026-08-29 22:00,2026-08-29,22,5,True,EVENING,24.0,0.45186549846883495
1788055200000,0.0,0.0,0.0,0.0,0.0,0.0,,,0.0,0.0,0.0,32.75,12.0,77.0,28.0,27.0,-1.0,False,0.0,,False,2026-08-29 23:00,2026-08-29,23,5,True,EVENING,0.0,
1788058800000,0.0,0.0,0.0,0.0,0.0,0.0,,,0.0,0.0,0.0,18.666666666666668,12.0,24.0,27.0,31.0,4.0,False,0.0,,False,2026-08-30 00:00,2026-08-30,0,6,True,EVENING,0.0,
1788062400000,0.0,0.0,0.0,0.0,0.0,0.0,,,0.0,0.0,0.0,17.083333333333332,12.0,21.0,31.0,39.0,8.0,False,0.0,,False,2026-08-30 01:00,2026-08-30,1,6,True,EVENING,0.0,
1788066000000,0.0,0.0,0.0,0.0,0.0,0.0,,,0.0,0.0,0.0,12.916666666666666,12.0,20.0,40.0,52.0,12.0,False,47.28876666666667,,False,2026-08-30 02:00,2026-08-30,2,6,True,EVENING,0.0,
1788069600000,0.0,0.0,0.0,0.0,0.0,0.0,,,0.0,0.0,0.0,14.75,12.0,19.0,53.0,63.0,10.0,False,60.0,,False,2026-08-30 03:00,2026-08-30,3,6,True,NIGHT,0.0,
1788073200000,0.0,0.0,0.0,0.0,0.0,0.0,,,0.0,0.0,0.0,12.583333333333334,12.0,20.0,64.0,72.0,8.0,False,60.0,,False,2026-08-30 04:00,2026-08-30,4,6,True,NIGHT,0.0,
1788076800000,0.0,0.0,0.0,0.0,0.0,0.0,,,0.0,0.0,0.0,11.166666666666666,12.0,16.0,72.0,80.0,8.0,False,60.0,,False,2026-08-30 05:00,2026-08-30,5,6,True,NIGHT,0.0,
1788080400000,0.0,0.0,0.0,0.0,0.0,0.0,,,0.0,0.0,0.0,11.166666666666666,12.0,15.0,81.0,88.0,7.0,False,60.0,,False,2026-08-30 06:00,2026-08-30,6,6,True,NIGHT,0.0,
1788084000000,0.0,0.0,0.0,0.0,0.0,0.0,,,0.0,0.0,0.0,14.583333333333334,12.0,18.0,88.0,92.0,4.0,False,60.0,,False,2026-08-30 07:00,2026-08-30,7,6,True,MORNING,0.0,
1788087600000,0.0,0.0,0.0,0.0,0.0,0.0,,,0.0,0.0,0.0,17.416666666666668,12.0,24.0,93.0,95.0,2.0,False,60.0,,False,2026-08-30 08:00,2026-08-30,8,6,True,MORNING,0.0,
1788091200000,0.0,0.0,0.0,0.0,0.0,0.0,,,0.0,0.0,0.0,27.25,12.0,78.0,95.0,93.0,-2.0,False,60.0,,False,2026-08-30 09:00,2026-08-30,9,6,True,MORNING,0.0,
1788094800000,53.0,19.0,661.0,106.0,10143.0,2525.0,0.7316967641977187,17.794736842105262,3.0,2.0,2.0,54.833333333333336,6.0,85.0,92.0,83.0,-9.0,True,57.17425,2.8257499999999993,False,2026-08-30 10:00,2026-08-30,10,6,True,MORNING,56.0,19.817747500663547
1788098400000,0.0,0.0,0.0,0.0,0.0,0.0,,,0.0,0.0,0.0,58.5,12.0,64.0,82.0,74.0,-8.0,False,120.0,,False,2026-08-30 11:00,2026-08-30,11,6,True,MORNING,0.0,
1788102000000,160.0,136.0,10286.0,578.0,56690.0,9670.0,0.7738587410304352,13.894607843137255,25.0,9.0,8.0,77.08333333333333,12.0,92.0,74.0,65.0,-9.0,True,49.28021666666667,10.719783333333332,False,2026-08-30 12:00,2026-08-30,12,6,True,MORNING,185.0,17.257811491836748
1788105600000,270.0,227.0,16243.0,742.0,73450.0,22070.0,0.77285502235217,10.7856093979442,34.0,13.0,8.0,64.33333333333333,12.0,76.0,64.0,57.0,-7.0,True,0.0,60.0,False,2026-08-30 13:00,2026-08-30,13,6,True,AFTERNOON,304.0,5.066666666666666
1788109200000,160.0,109.0,4671.0,414.0,37842.0,10458.0,0.5625588273494225,11.572477064220184,23.0,10.0,4.0,58.3,10.0,71.0,57.0,52.0,-5.0,True,59.17423333333333,0.8257666666666665,False,2026-08-30 14:00,2026-08-30,14,6,True,AFTERNOON,183.0,221.61223913131235
1788112800000,6.0,14.0,190.0,22.0,2728.0,418.0,0.4753454310229087,6.495238095238095,5.0,4.0,3.0,68.125,8.0,77.0,52.0,47.0,-5.0,True,112.28195,0.0,False,2026-08-30 15:00,2026-08-30,15,6,True,AFTERNOON,11.0,
1788116400000,0.0,0.0,0.0,0.0,0.0,0.0,,,0.0,0.0,0.0,75.27272727272727,11.0,91.0,46.0,41.0,-5.0,False,120.0,,False,2026-08-30 16:00,2026-08-30,16,6,True,AFTERNOON,0.0,
1788120000000,24.0,16.0,398.0,60.0,5302.0,1188.0,0.5964790990992477,11.045833333333333,2.0,1.0,1.0,71.33333333333333,6.0,83.0,41.0,36.0,-5.0,True,112.4387,0.0,False,2026-08-30 17:00,2026-08-30,17,6,True,AFTERNOON,26.0,
1788123600000,0.0,0.0,0.0,0.0,0.0,0.0,,,0.0,0.0,0.0,64.16666666666667,12.0,83.0,36.0,32.0,-4.0,False,120.0,,False,2026-08-30 18:00,2026-08-30,18,6,True,AFTERNOON,0.0,
1788127200000,0.0,0.0,0.0,0.0,0.0,0.0,,,0.0,0.0,0.0,69.66666666666667,3.0,70.0,32.0,29.0,-3.0,False,120.0,,False,2026-08-30 19:00,2026-08-30,19,6,True,EVENING,0.0,
1788130800000,0.0,0.0,0.0,0.0,0.0,0.0,,,0.0,0.0,0.0,87.5,8.0,93.0,28.0,24.0,-4.0,False,120.0,,False,2026-08-30 20:00,2026-08-30,20,6,True,EVENING,0.0,
1788134400000,0.0,0.0,0.0,0.0,0.0,0.0,,,0.0,0.0,0.0,78.7,10.0,89.0,24.0,19.0,-5.0,False,120.0,,False,2026-08-30 21:00,2026-08-30,21,6,True,EVENING,0.0,
1788138000000,0.0,0.0,0.0,0.0,0.0,0.0,,,0.0,0.0,0.0,85.66666666666667,3.0,88.0,19.0,18.0,-1.0,False,120.0,,False,2026-08-30 22:00,2026-08-30,22,6,True,EVENING,0.0,
1788141600000,13.0,27.0,178.0,84.0,16070.0,2084.0,0.46038153244015756,19.839506172839506,9.0,4.0,3.0,,0.0,,,,,True,101.45405,0.0,False,2026-08-30 23:00,2026-08-30,23,6,True,EVENING,22.0,
1788145200000,40.0,79.0,236.0,488.0,60570.0,9420.0,0.476010753210807,25.556962025316455,31.0,19.0,10.0,41.27272727272727,11.0,70.0,12.0,11.0,-1.0,True,60.92555,0.0,False,2026-08-31 00:00,2026-08-31,0,0,False,EVENING,71.0,
1788148800000,0.0,0.0,0.0,0.0,0.0,0.0,,,0.0,0.0,0.0,23.666666666666668,12.0,27.0,11.0,15.0,4.0,False,120.0,,False,2026-08-31 01:00,2026-08-31,1,0,False,EVENING,0.0,
1788152400000,0.0,0.0,0.0,0.0,0.0,0.0,,,0.0,0.0,0.0,19.916666666666668,12.0,23.0,15.0,23.0,8.0,False,120.0,,False,2026-08-31 02:00,2026-08-31,2,0,False,EVENING,0.0,
1788156000000,0.0,0.0,0.0,0.0,0.0,0.0,,,0.0,0.0,0.0,17.5,12.0,22.0,23.0,33.0,10.0,False,120.0,,False,2026-08-31 03:00,2026-08-31,3,0,False,NIGHT,0.0,
1788159600000,0.0,0.0,0.0,0.0,0.0,0.0,,,0.0,0.0,0.0,18.75,12.0,22.0,34.0,39.0,5.0,False,120.0,,False,2026-08-31 04:00,2026-08-31,4,0,False,NIGHT,0.0,
1788163200000,0.0,0.0,0.0,0.0,0.0,0.0,,,0.0,0.0,0.0,19.0,12.0,32.0,39.0,45.0,6.0,False,120.0,,False,2026-08-31 05:00,2026-08-31,5,0,False,NIGHT,0.0,
1788166800000,0.0,0.0,0.0,0.0,0.0,0.0,,,0.0,0.0,0.0,16.916666666666668,12.0,20.0,45.0,52.0,7.0,False,120.0,,False,2026-08-31 06:00,2026-08-31,6,0,False,NIGHT,0.0,
1788170400000,0.0,0.0,0.0,0.0,0.0,0.0,,,0.0,0.0,0.0,18.0,12.0,21.0,52.0,58.0,6.0,False,120.0,,False,2026-08-31 07:00,2026-08-31,7,0,False,MORNING,0.0,
1788174000000,212.0,57.0,1158.0,496.0,41512.0,9644.0,0.7282532428080755,24.276023391812867,0.0,0.0,0.0,46.90909090909091,11.0,70.0,58.0,54.0,-4.0,True,91.9548,0.0,False,2026-08-31 08:00,2026-08-31,8,0,False,MORNING,212.0,
1788177600000,103.0,117.0,1436.0,230.0,39715.0,7107.0,0.4010442116682069,11.314814814814815,17.0,6.0,5.0,60.25,12.0,72.0,54.0,49.0,-5.0,True,47.14395,12.856050000000003,False,2026-08-31 09:00,2026-08-31,9,0,False,MORNING,120.0,9.33412673410573
1788181200000,105.0,78.0,2328.0,440.0,50647.0,10117.0,0.715353159811157,21.644017094017094,20.0,10.0,6.0,55.125,8.0,74.0,49.0,45.0,-4.0,True,80.29808333333334,0.0,False,2026-08-31 10:00,2026-08-31,10,0,False,MORNING,125.0,
1788184800000,0.0,0.0,0.0,0.0,0.0,0.0,,,0.0,0.0,0.0,69.75,12.0,94.0,44.0,40.0,-4.0,False,120.0,,False,2026-08-31 11:00,2026-08-31,11,0,False,MORNING,0.0,
1788188400000,54.0,78.0,6661.0,106.0,11188.0,6074.0,0.6499585555261227,4.781196581196581,0.0,0.0,0.0,69.5,8.0,89.0,39.0,36.0,-3.0,True,79.79716666666667,0.0,False,2026-08-31 12:00,2026-08-31,12,0,False,MORNING,54.0,
1788192000000,77.0,138.0,7463.0,325.0,45877.0,7550.0,0.4681664961856843,11.081400966183574,0.0,0.0,0.0,67.54545454545455,11.0,85.0,36.0,32.0,-4.0,True,49.02451666666666,10.975483333333337,False,2026-08-31 13:00,2026-08-31,13,0,False,AFTERNOON,77.0,7.015636365292946
1788195600000,296.0,167.0,11251.0,690.0,53976.0,26227.0,0.9270968662646936,10.773652694610778,37.0,18.0,6.0,62.0,12.0,72.0,32.0,28.0,-4.0,True,0.0,60.0,False,2026-08-31 14:00,2026-08-31,14,0,False,AFTERNOON,333.0,5.55
1788199200000,103.0,64.0,3843.0,303.0,34467.0,4386.0,0.7006981861042079,17.9515625,39.0,12.0,6.0,53.916666666666664,12.0,65.0,28.0,25.0,-3.0,True,3.891,56.109,False,2026-08-31 15:00,2026-08-31,15,0,False,AFTERNOON,142.0,2.5307882870840683
1788202800000,204.0,201.0,13304.0,902.0,86373.0,38591.0,0.8065800680207251,14.323880597014925,50.0,15.0,10.0,51.666666666666664,12.0,66.0,25.0,23.0,-2.0,True,0.0,60.0,False,2026-08-31 16:00,2026-08-31,16,0,False,AFTERNOON,254.0,4.233333333333333
1788206400000,191.0,176.0,13448.0,509.0,50885.0,22156.0,0.7374176201720573,9.637310606060606,21.0,11.0,8.0,50.666666666666664,12.0,66.0,23.0,20.0,-3.0,True,8.5476,51.4524,False,2026-08-31 17:00,2026-08-31,17,0,False,AFTERNOON,212.0,4.120313143798929
1788210000000,224.0,210.0,15146.0,835.0,65066.0,28631.0,0.812269326688068,10.327936507936508,29.0,9.0,4.0,55.833333333333336,12.0,62.0,20.0,18.0,-2.0,True,0.0,60.0,False,2026-08-31 18:00,2026-08-31,18,0,False,AFTERNOON,253.0,4.216666666666667
1788213600000,37.0,58.0,5017.0,114.0,10423.0,8361.0,0.6733559982678486,5.990229885057471,6.0,5.0,1.0,46.333333333333336,9.0,65.0,18.0,15.0,-3.0,True,0.0,60.0,False,2026-08-31 19:00,2026-08-31,19,0,False,EVENING,43.0,0.7166666666666667
1788217200000,0.0,0.0,0.0,0.0,0.0,0.0,,,0.0,0.0,0.0,63.25,12.0,83.0,15.0,12.0,-3.0,False,0.0,,False,2026-08-31 20:00,2026-08-31,20,0,False,EVENING,0.0,
1788220800000,0.0,0.0,0.0,0.0,0.0,0.0,,,0.0,0.0,0.0,74.125,8.0,88.0,12.0,9.0,-3.0,False,0.0,,False,2026-08-31 21:00,2026-08-31,21,0,False,EVENING,0.0,
1788224400000,150.0,102.0,5033.0,590.0,61767.0,21431.0,0.9021109186900866,20.185294117647057,1.0,1.0,1.0,65.11111111111111,9.0,83.0,9.0,6.0,-3.0,True,0.0,60.0,False,2026-08-31 22:00,2026-08-31,22,0,False,EVENING,151.0,2.5166666666666666
1788228000000,0.0,0.0,0.0,0.0,0.0,0.0,,,0.0,0.0,0.0,32.90909090909091,11.0,73.0,6.0,5.0,-1.0,False,0.0,,False,2026-08-31 23:00,2026-08-31,23,0,False,EVENING,0.0,
1788231600000,0.0,0.0,0.0,0.0,0.0,0.0,,,0.0,0.0,0.0,27.0,12.0,37.0,5.0,8.0,3.0,False,0.0,,False,2026-09-01 00:00,2026-09-01,0,1,False,EVENING,0.0,
1788235200000,0.0,0.0,0.0,0.0,0.0,0.0,,,0.0,0.0,0.0,24.333333333333332,12.0,29.0,9.0,15.0,6.0,False,0.0,,False,2026-09-01 01:00,2026-09-01,1,1,False,EVENING,0.0,
1788238800000,0.0,0.0,0.0,0.0,0.0,0.0,,,0.0,0.0,0.0,21.0,12.0,26.0,16.0,23.0,7.0,False,0.0,,False,2026-09-01 02:00,2026-09-01,2,1,False,EVENING,0.0,
1788242400000,0.0,0.0,0.0,0.0,0.0,0.0,,,0.0,0.0,0.0,18.5,12.0,21.0,24.0,29.0,5.0,False,0.0,,False,2026-09-01 03:00,2026-09-01,3,1,False,NIGHT,0.0,
1788246000000,0.0,0.0,0.0,0.0,0.0,0.0,,,0.0,0.0,0.0,15.166666666666666,12.0,19.0,30.0,38.0,8.0,False,0.0,,False,2026-09-01 04:00,2026-09-01,4,1,False,NIGHT,0.0,
1788249600000,0.0,0.0,0.0,0.0,0.0,0.0,,,0.0,0.0,0.0,15.833333333333334,12.0,18.0,38.0,46.0,8.0,False,0.0,,False,2026-09-01 05:00,2026-09-01,5,1,False,NIGHT,0.0,
1788253200000,0.0,0.0,0.0,0.0,0.0,0.0,,,0.0,0.0,0.0,12.666666666666666,12.0,16.0,46.0,55.0,9.0,False,0.0,,False,2026-09-01 06:00,2026-09-01,6,1,False,NIGHT,0.0,
1788256800000,0.0,0.0,0.0,0.0,0.0,0.0,,,0.0,0.0,0.0,15.25,12.0,28.0,56.0,62.0,6.0,False,0.0,,False,2026-09-01 07:00,2026-09-01,7,1,False,MORNING,0.0,
1788260400000,11.0,24.0,38.0,25.0,6065.0,3285.0,0.5572334992833972,8.42361111111111,0.0,0.0,0.0,57.55555555555556,9.0,74.0,62.0,56.0,-6.0,True,14.581116666666667,45.41888333333333,False,2026-09-01 08:00,2026-09-01,8,1,False,MORNING,11.0,0.2421900142121504
1788264000000,26.0,39.0,61.0,35.0,11504.0,3027.0,0.5769603927466417,9.832478632478631,3.0,2.0,2.0,40.36363636363637,11.0,62.0,56.0,52.0,-4.0,True,36.97591666666667,23.02408333333333,False,2026-09-01 09:00,2026-09-01,9,1,False,MORNING,29.0,1.2595506878666904
1788267600000,0.0,0.0,0.0,0.0,0.0,0.0,,,0.0,0.0,0.0,49.54545454545455,11.0,69.0,52.0,49.0,-3.0,False,60.0,,False,2026-09-01 10:00,2026-09-01,10,1,False,MORNING,0.0,
1788271200000,195.0,95.0,2878.0,501.0,49684.0,13780.0,0.8572239688205322,17.43298245614035,10.0,5.0,2.0,65.27272727272727,11.0,78.0,49.0,43.0,-6.0,True,11.048116666666667,48.951883333333335,False,2026-09-01 11:00,2026-09-01,11,1,False,MORNING,205.0,4.187785761051754
1788274800000,78.0,33.0,852.0,175.0,17224.0,6354.0,0.6856606547427482,17.3979797979798,4.0,3.0,2.0,40.18181818181818,11.0,72.0,43.0,41.0,-2.0,True,41.69753333333333,18.302466666666668,False,2026-09-01 12:00,2026-09-01,12,1,False,MORNING,82.0,4.480270418923497
1788278400000,47.0,60.0,1927.0,164.0,20876.0,4607.0,0.6115284076441482,11.597777777777777,22.0,7.0,3.0,59.083333333333336,12.0,79.0,41.0,35.0,-6.0,True,28.954233333333335,31.045766666666665,False,2026-09-01 13:00,2026-09-01,13,1,False,AFTERNOON,69.0,2.2225252396193578
1788282000000,7.0,7.0,290.0,14.0,933.0,277.0,0.7177334174514514,4.442857142857142,0.0,0.0,0.0,73.75,4.0,82.0,35.0,30.0,-5.0,True,55.820033333333335,4.179966666666665,False,2026-09-01 14:00,2026-09-01,14,1,False,AFTERNOON,7.0,1.6746545028269768
1788285600000,49.0,35.0,2095.0,68.0,9149.0,2427.0,0.6879242277415019,8.713333333333333,12.0,6.0,4.0,74.25,4.0,78.0,30.0,27.0,-3.0,True,39.6245,20.375500000000002,False,2026-09-01 15:00,2026-09-01,15,1,False,AFTERNOON,61.0,2.9937915633972167
1788289200000,121.0,109.0,6791.0,296.0,32057.0,15771.0,0.737675376803694,9.803363914373088,26.0,12.0,6.0,61.0,12.0,79.0,26.0,23.0,-3.0,True,4.511316666666667,55.488683333333334,False,2026-09-01 16:00,2026-09-01,16,1,False,AFTERNOON,147.0,2.6491888285929774
1788292800000,110.0,118.0,7322.0,354.0,41242.0,17623.0,0.7741445231697545,11.650282485875705,12.0,8.0,5.0,50.916666666666664,12.0,62.0,23.0,21.0,-2.0,True,0.0,60.0,False,2026-09-01 17:00,2026-09-01,17,1,False,AFTERNOON,122.0,2.033333333333333
1788296400000,50.0,94.0,5960.0,219.0,16911.0,9684.0,0.7264885629945906,5.9968085106382985,0.0,0.0,0.0,45.55555555555556,9.0,58.0,20.0,18.0,-2.0,True,12.18985,47.81015,False,2026-09-01 18:00,2026-09-01,18,1,False,AFTERNOON,50.0,1.045803035547891
1788300000000,86.0,65.0,3702.0,246.0,18976.0,6511.0,0.5729911053862017,9.73128205128205,0.0,0.0,0.0,,0.0,,,,,True,9.097,50.903,False,2026-09-01 19:00,2026-09-01,19,1,False,EVENING,86.0,1.6894878494391294
1788318000000,0.0,0.0,0.0,0.0,0.0,0.0,,,0.0,0.0,0.0,29.416666666666668,12.0,41.0,6.0,5.0,-1.0,False,0.0,,False,2026-09-02 00:00,2026-09-02,0,2,False,EVENING,0.0,
1788321600000,0.0,0.0,0.0,0.0,0.0,0.0,,,0.0,0.0,0.0,20.5,12.0,34.0,5.0,8.0,3.0,False,0.0,,False,2026-09-02 01:00,2026-09-02,1,2,False,EVENING,0.0,
1788325200000,0.0,0.0,0.0,0.0,0.0,0.0,,,0.0,0.0,0.0,18.166666666666668,12.0,23.0,8.0,16.0,8.0,False,0.0,,False,2026-09-02 02:00,2026-09-02,2,2,False,EVENING,0.0,
1788328800000,0.0,0.0,0.0,0.0,0.0,0.0,,,0.0,0.0,0.0,15.5,12.0,19.0,16.0,29.0,13.0,False,0.0,,False,2026-09-02 03:00,2026-09-02,3,2,False,NIGHT,0.0,
1788332400000,0.0,0.0,0.0,0.0,0.0,0.0,,,0.0,0.0,0.0,16.75,12.0,24.0,30.0,39.0,9.0,False,0.0,,False,2026-09-02 04:00,2026-09-02,4,2,False,NIGHT,0.0,
1788336000000,0.0,0.0,0.0,0.0,0.0,0.0,,,0.0,0.0,0.0,12.666666666666666,12.0,15.0,40.0,50.0,10.0,False,0.0,,False,2026-09-02 05:00,2026-09-02,5,2,False,NIGHT,0.0,
1788339600000,0.0,0.0,0.0,0.0,0.0,0.0,,,0.0,0.0,0.0,15.666666666666666,12.0,21.0,50.0,58.0,8.0,False,0.0,,False,2026-09-02 06:00,2026-09-02,6,2,False,NIGHT,0.0,
1788343200000,0.0,0.0,0.0,0.0,0.0,0.0,,,0.0,0.0,0.0,15.083333333333334,12.0,18.0,59.0,66.0,7.0,False,0.0,,False,2026-09-02 07:00,2026-09-02,7,2,False,MORNING,0.0,
1788346800000,0.0,0.0,0.0,0.0,0.0,0.0,,,0.0,0.0,0.0,16.583333333333332,12.0,20.0,67.0,72.0,5.0,False,0.0,,False,2026-09-02 08:00,2026-09-02,8,2,False,MORNING,0.0,
1788350400000,0.0,0.0,0.0,0.0,0.0,0.0,,,0.0,0.0,0.0,30.3,10.0,85.0,72.0,73.0,1.0,False,0.0,,False,2026-09-02 09:00,2026-09-02,9,2,False,MORNING,0.0,
1788354000000,0.0,0.0,0.0,0.0,0.0,0.0,,,0.0,0.0,0.0,77.11111111111111,9.0,89.0,72.0,64.0,-8.0,False,0.0,,False,2026-09-02 10:00,2026-09-02,10,2,False,MORNING,0.0,
1788357600000,0.0,0.0,0.0,0.0,0.0,0.0,,,0.0,0.0,0.0,74.1,10.0,85.0,63.0,54.0,-9.0,False,0.0,,False,2026-09-02 11:00,2026-09-02,11,2,False,MORNING,0.0,
1788361200000,0.0,0.0,0.0,0.0,0.0,0.0,,,0.0,0.0,0.0,55.4,5.0,70.0,54.0,50.0,-4.0,False,0.0,,False,2026-09-02 12:00,2026-09-02,12,2,False,MORNING,0.0,
1788364800000,0.0,0.0,0.0,0.0,0.0,0.0,,,0.0,0.0,0.0,55.875,8.0,84.0,50.0,46.0,-4.0,False,0.0,,False,2026-09-02 13:00,2026-09-02,13,2,False,AFTERNOON,0.0,
1788368400000,0.0,0.0,0.0,0.0,0.0,0.0,,,0.0,0.0,0.0,33.3,10.0,42.0,46.0,44.0,-2.0,False,0.0,,False,2026-09-02 14:00,2026-09-02,14,2,False,AFTERNOON,0.0,
1788372000000,0.0,0.0,0.0,0.0,0.0,0.0,,,0.0,0.0,0.0,62.583333333333336,12.0,70.0,44.0,38.0,-6.0,False,0.0,,False,2026-09-02 15:00,2026-09-02,15,2,False,AFTERNOON,0.0,
1788375600000,0.0,0.0,0.0,0.0,0.0,0.0,,,0.0,0.0,0.0,70.4,10.0,79.0,38.0,34.0,-4.0,False,0.0,,False,2026-09-02 16:00,2026-09-02,16,2,False,AFTERNOON,0.0,
1788379200000,58.0,0.0,0.0,0.0,0.0,0.0,,,0.0,0.0,0.0,78.72727272727273,11.0,91.0,34.0,28.0,-6.0,True,0.0,60.0,False,2026-09-02 17:00,2026-09-02,17,2,False,AFTERNOON,58.0,0.9666666666666667
1788382800000,55.0,0.0,0.0,0.0,0.0,0.0,,,0.0,0.0,0.0,63.0,2.0,70.0,28.0,25.0,-3.0,True,80.44331666666666,0.0,False,2026-09-02 18:00,2026-09-02,18,2,False,AFTERNOON,55.0,
1788393600000,33.0,0.0,0.0,0.0,0.0,0.0,,,0.0,0.0,0.0,,0.0,,,,,True,106.53426666666667,0.0,False,2026-09-02 21:00,2026-09-02,21,2,False,EVENING,33.0,
1788397200000,19.0,0.0,0.0,0.0,0.0,0.0,,,0.0,0.0,0.0,,0.0,,,,,True,15.5223,44.4777,False,2026-09-02 22:00,2026-09-02,22,2,False,EVENING,19.0,0.4271803622939136
1788400800000,6.0,0.0,0.0,0.0,0.0,0.0,,,0.0,0.0,0.0,,0.0,,,,,True,120.00018333333334,0.0,False,2026-09-02 23:00,2026-09-02,23,2,False,EVENING,6.0,
1788404400000,0.0,0.0,0.0,0.0,0.0,0.0,,,0.0,0.0,0.0,26.363636363636363,11.0,46.0,9.0,8.0,-1.0,False,107.94431666666667,,False,2026-09-03 00:00,2026-09-03,0,3,False,EVENING,0.0,
1788408000000,6.0,0.0,0.0,0.0,0.0,0.0,,,0.0,0.0,0.0,18.2,10.0,44.0,8.0,11.0,3.0,True,57.620733333333334,2.379266666666666,False,2026-09-03 01:00,2026-09-03,1,3,False,EVENING,6.0,2.5217854240802495
1788411600000,0.0,0.0,0.0,0.0,0.0,0.0,,,0.0,0.0,0.0,13.083333333333334,12.0,16.0,11.0,19.0,8.0,False,120.0,,False,2026-09-03 02:00,2026-09-03,2,3,False,EVENING,0.0,
1788415200000,0.0,0.0,0.0,0.0,0.0,0.0,,,0.0,0.0,0.0,12.0,12.0,16.0,20.0,32.0,12.0,False,120.0,,False,2026-09-03 03:00,2026-09-03,3,3,False,NIGHT,0.0,
1788418800000,0.0,0.0,0.0,0.0,0.0,0.0,,,0.0,0.0,0.0,13.0,12.0,17.0,34.0,46.0,12.0,False,120.0,,False,2026-09-03 04:00,2026-09-03,4,3,False,NIGHT,0.0,
1788422400000,0.0,0.0,0.0,0.0,0.0,0.0,,,0.0,0.0,0.0,13.666666666666666,12.0,16.0,46.0,55.0,9.0,False,120.0,,False,2026-09-03 05:00,2026-09-03,5,3,False,NIGHT,0.0,
1788426000000,0.0,0.0,0.0,0.0,0.0,0.0,,,0.0,0.0,0.0,14.083333333333334,12.0,18.0,56.0,64.0,8.0,False,120.0,,False,2026-09-03 06:00,2026-09-03,6,3,False,NIGHT,0.0,
1788429600000,0.0,0.0,0.0,0.0,0.0,0.0,,,0.0,0.0,0.0,13.833333333333334,12.0,16.0,65.0,72.0,7.0,False,120.0,,False,2026-09-03 07:00,2026-09-03,7,3,False,MORNING,0.0,
1788433200000,67.0,0.0,0.0,0.0,0.0,0.0,,,0.0,0.0,0.0,24.083333333333332,12.0,43.0,73.0,70.0,-3.0,True,107.9569,0.0,False,2026-09-03 08:00,2026-09-03,8,3,False,MORNING,67.0,
1788436800000,223.0,0.0,0.0,0.0,0.0,0.0,,,0.0,0.0,0.0,32.6,10.0,53.0,70.0,66.0,-4.0,True,60.04795,0.0,False,2026-09-03 09:00,2026-09-03,9,3,False,MORNING,223.0,
1788440400000,414.0,0.0,0.0,0.0,0.0,0.0,,,0.0,0.0,0.0,33.25,12.0,55.0,66.0,62.0,-4.0,True,22.99305,37.00695,False,2026-09-03 10:00,2026-09-03,10,3,False,MORNING,414.0,11.18708783079935
1788444000000,16.0,0.0,0.0,0.0,0.0,0.0,,,0.0,0.0,0.0,31.22222222222222,9.0,42.0,62.0,57.0,-5.0,True,68.62873333333333,0.0,False,2026-09-03 11:00,2026-09-03,11,3,False,MORNING,16.0,
1788447600000,0.0,0.0,0.0,0.0,0.0,0.0,,,0.0,0.0,0.0,38.75,12.0,64.0,57.0,54.0,-3.0,False,76.80918333333334,,False,2026-09-03 12:00,2026-09-03,12,3,False,MORNING,0.0,
1788451200000,75.0,0.0,0.0,0.0,0.0,0.0,,,0.0,0.0,0.0,41.55555555555556,9.0,50.0,54.0,49.0,-5.0,True,47.377583333333334,12.622416666666666,False,2026-09-03 13:00,2026-09-03,13,3,False,AFTERNOON,75.0,5.941809875288013
1788454800000,205.0,0.0,0.0,0.0,0.0,0.0,,,0.0,0.0,0.0,62.285714285714285,7.0,76.0,49.0,44.0,-5.0,True,0.0,60.0,False,2026-09-03 14:00,2026-09-03,14,3,False,AFTERNOON,205.0,3.4166666666666665
1788458400000,388.0,0.0,0.0,0.0,0.0,0.0,,,0.0,0.0,0.0,51.25,12.0,64.0,43.0,39.0,-4.0,True,0.0,60.0,False,2026-09-03 15:00,2026-09-03,15,3,False,AFTERNOON,388.0,6.466666666666667
1788462000000,379.0,0.0,0.0,0.0,0.0,0.0,,,0.0,0.0,0.0,49.0,9.0,61.0,38.0,35.0,-3.0,True,43.466633333333334,16.533366666666666,False,2026-09-03 16:00,2026-09-03,16,3,False,AFTERNOON,379.0,22.92334088036113
1788465600000,104.0,0.0,0.0,0.0,0.0,0.0,,,0.0,0.0,0.0,62.1,10.0,73.0,35.0,30.0,-5.0,True,66.28141666666667,0.0,False,2026-09-03 17:00,2026-09-03,17,3,False,AFTERNOON,104.0,
1788469200000,240.0,0.0,0.0,0.0,0.0,0.0,,,0.0,0.0,0.0,48.25,12.0,66.0,30.0,26.0,-4.0,True,6.416683333333333,53.58331666666667,False,2026-09-03 18:00,2026-09-03,18,3,False,AFTERNOON,240.0,4.479006058788821
1788472800000,158.0,0.0,0.0,0.0,0.0,0.0,,,0.0,0.0,0.0,,0.0,,,,,True,71.53635,0.0,False,2026-09-03 19:00,2026-09-03,19,3,False,EVENING,158.0,
1788476400000,249.0,0.0,0.0,0.0,0.0,0.0,,,0.0,0.0,0.0,,0.0,,,,,True,35.432116666666666,24.567883333333334,False,2026-09-03 20:00,2026-09-03,20,3,False,EVENING,249.0,10.135183264329514
1788480000000,213.0,0.0,0.0,0.0,0.0,0.0,,,0.0,0.0,0.0,,0.0,,,,,True,9.835366666666667,50.164633333333335,False,2026-09-03 21:00,2026-09-03,21,3,False,EVENING,213.0,4.246019273870901
1788483600000,230.0,0.0,0.0,0.0,0.0,0.0,,,0.0,0.0,0.0,,0.0,,,,,True,0.0,60.0,False,2026-09-03 22:00,2026-09-03,22,3,False,EVENING,230.0,3.8333333333333335
1788487200000,22.0,0.0,0.0,0.0,0.0,0.0,,,0.0,0.0,0.0,,0.0,,,,,True,29.998116666666668,30.001883333333332,False,2026-09-03 23:00,2026-09-03,23,3,False,EVENING,22.0,0.7332872991862178
1788490800000,0.0,0.0,0.0,0.0,0.0,0.0,,,0.0,0.0,0.0,8.083333333333334,12.0,11.0,16.0,27.0,11.0,False,0.0,,False,2026-09-04 00:00,2026-09-04,0,4,False,EVENING,0.0,
1788494400000,0.0,0.0,0.0,0.0,0.0,0.0,,,0.0,0.0,0.0,10.416666666666666,12.0,16.0,28.0,40.0,12.0,False,0.0,,False,2026-09-04 01:00,2026-09-04,1,4,False,EVENING,0.0,
1788498000000,0.0,0.0,0.0,0.0,0.0,0.0,,,0.0,0.0,0.0,14.416666666666666,12.0,16.0,42.0,54.0,12.0,False,0.0,,False,2026-09-04 02:00,2026-09-04,2,4,False,EVENING,0.0,
1788501600000,0.0,0.0,0.0,0.0,0.0,0.0,,,0.0,0.0,0.0,18.166666666666668,12.0,26.0,54.0,62.0,8.0,False,0.0,,False,2026-09-04 03:00,2026-09-04,3,4,False,NIGHT,0.0,
1788505200000,0.0,0.0,0.0,0.0,0.0,0.0,,,0.0,0.0,0.0,16.083333333333332,12.0,20.0,63.0,70.0,7.0,False,0.0,,False,2026-09-04 04:00,2026-09-04,4,4,False,NIGHT,0.0,
1788508800000,0.0,0.0,0.0,0.0,0.0,0.0,,,0.0,0.0,0.0,10.583333333333334,12.0,18.0,71.0,79.0,8.0,False,0.0,,False,2026-09-04 05:00,2026-09-04,5,4,False,NIGHT,0.0,
1788512400000,0.0,0.0,0.0,0.0,0.0,0.0,,,0.0,0.0,0.0,16.333333333333332,12.0,19.0,80.0,84.0,4.0,False,104.3378,,False,2026-09-04 06:00,2026-09-04,6,4,False,NIGHT,0.0,
1788516000000,0.0,0.0,0.0,0.0,0.0,0.0,,,0.0,0.0,0.0,14.666666666666666,12.0,18.0,84.0,89.0,5.0,False,120.0,,False,2026-09-04 07:00,2026-09-04,7,4,False,MORNING,0.0,
1788519600000,0.0,0.0,0.0,0.0,0.0,0.0,,,0.0,0.0,0.0,16.833333333333332,12.0,23.0,90.0,90.0,0.0,False,120.0,,False,2026-09-04 08:00,2026-09-04,8,4,False,MORNING,0.0,
1788523200000,121.0,0.0,0.0,0.0,0.0,0.0,,,1.0,1.0,1.0,55.57142857142857,7.0,94.0,90.0,78.0,-12.0,True,95.79908333333333,0.0,False,2026-09-04 09:00,2026-09-04,9,4,False,MORNING,122.0,
1788526800000,20.0,0.0,0.0,0.0,0.0,0.0,,,0.0,0.0,0.0,82.375,8.0,91.0,77.0,68.0,-9.0,True,113.86906666666667,0.0,False,2026-09-04 10:00,2026-09-04,10,4,False,MORNING,20.0,
1788530400000,148.0,0.0,0.0,0.0,0.0,0.0,,,10.0,4.0,2.0,65.2,5.0,69.0,68.0,59.0,-9.0,True,71.70331666666667,0.0,False,2026-09-04 11:00,2026-09-04,11,4,False,MORNING,158.0,
1788534000000,404.0,0.0,0.0,0.0,0.0,0.0,,,56.0,24.0,7.0,52.75,12.0,62.0,58.0,54.0,-4.0,True,0.0,60.0,False,2026-09-04 12:00,2026-09-04,12,4,False,MORNING,460.0,7.666666666666667
1788537600000,91.0,0.0,0.0,0.0,0.0,0.0,,,20.0,11.0,4.0,46.25,4.0,54.0,54.0,51.0,-3.0,True,92.86646666666667,0.0,False,2026-09-04 13:00,2026-09-04,13,4,False,AFTERNOON,111.0,
1788541200000,0.0,0.0,0.0,0.0,0.0,0.0,,,0.0,0.0,0.0,62.0,6.0,80.0,50.0,46.0,-4.0,False,120.0,,False,2026-09-04 14:00,2026-09-04,14,4,False,AFTERNOON,0.0,
1788544800000,0.0,0.0,0.0,0.0,0.0,0.0,,,0.0,0.0,0.0,73.33333333333333,6.0,85.0,46.0,41.0,-5.0,False,120.0,,False,2026-09-04 15:00,2026-09-04,15,4,False,AFTERNOON,0.0,
1788548400000,0.0,0.0,0.0,0.0,0.0,0.0,,,0.0,0.0,0.0,60.0,3.0,67.0,41.0,39.0,-2.0,False,120.0,,False,2026-09-04 16:00,2026-09-04,16,4,False,AFTERNOON,0.0,
1788552000000,0.0,0.0,0.0,0.0,0.0,0.0,,,0.0,0.0,0.0,58.285714285714285,7.0,72.0,38.0,35.0,-3.0,False,120.0,,False,2026-09-04 17:00,2026-09-04,17,4,False,AFTERNOON,0.0,
1788555600000,0.0,0.0,0.0,0.0,0.0,0.0,,,0.0,0.0,0.0,69.72727272727273,11.0,85.0,35.0,30.0,-5.0,False,120.0,,False,2026-09-04 18:00,2026-09-04,18,4,False,AFTERNOON,0.0,
1788562800000,149.0,0.0,0.0,0.0,0.0,0.0,,,17.0,9.0,3.0,,0.0,,,,,True,87.80171666666666,0.0,False,2026-09-04 20:00,2026-09-04,20,4,False,EVENING,166.0,
1788566400000,13.0,0.0,0.0,0.0,0.0,0.0,,,6.0,4.0,4.0,,0.0,,,,,True,25.5528,34.447199999999995,False,2026-09-04 21:00,2026-09-04,21,4,False,EVENING,19.0,0.5515687777235886
1788570000000,17.0,0.0,0.0,0.0,0.0,0.0,,,0.0,0.0,0.0,,0.0,,,,,True,44.68985,15.31015,False,2026-09-04 22:00,2026-09-04,22,4,False,EVENING,17.0,1.1103744901258314
1788573600000,16.0,0.0,0.0,0.0,0.0,0.0,,,5.0,3.0,3.0,,0.0,,,,,True,37.35143333333333,22.648566666666667,False,2026-09-04 23:00,2026-09-04,23,4,False,EVENING,21.0,0.9272109934845031
1788577200000,0.0,0.0,0.0,0.0,0.0,0.0,,,0.0,0.0,0.0,58.36363636363637,11.0,81.0,14.0,11.0,-3.0,False,0.0,,False,2026-09-05 00:00,2026-09-05,0,5,True,EVENING,0.0,
1788580800000,0.0,0.0,0.0,0.0,0.0,0.0,,,0.0,0.0,0.0,72.08333333333333,12.0,88.0,11.0,7.0,-4.0,False,0.0,,False,2026-09-05 01:00,2026-09-05,1,5,True,EVENING,0.0,
1788584400000,0.0,0.0,0.0,0.0,0.0,0.0,,,0.0,0.0,0.0,45.166666666666664,12.0,73.0,7.0,6.0,-1.0,False,0.0,,False,2026-09-05 02:00,2026-09-05,2,5,True,EVENING,0.0,
1788588000000,0.0,0.0,0.0,0.0,0.0,0.0,,,0.0,0.0,0.0,18.416666666666668,12.0,23.0,6.0,11.0,5.0,False,0.0,,False,2026-09-05 03:00,2026-09-05,3,5,True,NIGHT,0.0,
1788591600000,0.0,0.0,0.0,0.0,0.0,0.0,,,0.0,0.0,0.0,18.916666666666668,12.0,23.0,12.0,20.0,8.0,False,0.0,,False,2026-09-05 04:00,2026-09-05,4,5,True,NIGHT,0.0,
1788595200000,0.0,0.0,0.0,0.0,0.0,0.0,,,0.0,0.0,0.0,17.583333333333332,12.0,22.0,20.0,30.0,10.0,False,54.57775,,False,2026-09-05 05:00,2026-09-05,5,5,True,NIGHT,0.0,
1788598800000,0.0,0.0,0.0,0.0,0.0,0.0,,,0.0,0.0,0.0,20.833333333333332,12.0,24.0,32.0,38.0,6.0,False,60.0,,False,2026-09-05 06:00,2026-09-05,6,5,True,NIGHT,0.0,
1788602400000,0.0,0.0,0.0,0.0,0.0,0.0,,,0.0,0.0,0.0,21.666666666666668,12.0,26.0,40.0,45.0,5.0,False,60.0,,False,2026-09-05 07:00,2026-09-05,7,5,True,MORNING,0.0,
1788606000000,0.0,0.0,0.0,0.0,0.0,0.0,,,0.0,0.0,0.0,20.833333333333332,12.0,24.0,46.0,51.0,5.0,False,60.0,,False,2026-09-05 08:00,2026-09-05,8,5,True,MORNING,0.0,
1788609600000,0.0,0.0,0.0,0.0,0.0,0.0,,,0.0,0.0,0.0,19.583333333333332,12.0,21.0,51.0,56.0,5.0,False,60.0,,False,2026-09-05 09:00,2026-09-05,9,5,True,MORNING,0.0,
1788613200000,0.0,0.0,0.0,0.0,0.0,0.0,,,0.0,0.0,0.0,47.833333333333336,12.0,89.0,56.0,54.0,-2.0,False,60.0,,False,2026-09-05 10:00,2026-09-05,10,5,True,MORNING,0.0,
1788616800000,0.0,0.0,0.0,0.0,0.0,0.0,,,0.0,0.0,0.0,58.625,8.0,79.0,53.0,48.0,-5.0,False,60.0,,False,2026-09-05 11:00,2026-09-05,11,5,True,MORNING,0.0,
1788620400000,30.0,0.0,0.0,0.0,0.0,0.0,,,8.0,6.0,4.0,47.0,9.0,67.0,48.0,45.0,-3.0,True,55.95675,4.0432500000000005,False,2026-09-05 12:00,2026-09-05,12,5,True,MORNING,38.0,9.398380016076175
1788624000000,26.0,0.0,0.0,0.0,0.0,0.0,,,3.0,2.0,2.0,47.72727272727273,11.0,64.0,45.0,42.0,-3.0,True,48.53175,11.468249999999998,False,2026-09-05 13:00,2026-09-05,13,5,True,AFTERNOON,29.0,2.528720598173218
1788627600000,0.0,0.0,0.0,0.0,0.0,0.0,,,0.0,0.0,0.0,75.45454545454545,11.0,91.0,42.0,37.0,-5.0,False,60.0,,False,2026-09-05 14:00,2026-09-05,14,5,True,AFTERNOON,0.0,
1788631200000,0.0,0.0,0.0,0.0,0.0,0.0,,,0.0,0.0,0.0,75.16666666666667,12.0,82.0,36.0,31.0,-5.0,False,60.0,,False,2026-09-05 15:00,2026-09-05,15,5,True,AFTERNOON,0.0,
1788634800000,131.0,0.0,0.0,0.0,0.0,0.0,,,47.0,10.0,6.0,58.36363636363637,11.0,74.0,31.0,28.0,-3.0,True,19.67995,40.320049999999995,False,2026-09-05 16:00,2026-09-05,16,5,True,AFTERNOON,178.0,4.414677065132608
1788638400000,128.0,0.0,0.0,0.0,0.0,0.0,,,22.0,12.0,6.0,52.75,12.0,62.0,28.0,25.0,-3.0,True,0.0,60.0,False,2026-09-05 17:00,2026-09-05,17,5,True,AFTERNOON,150.0,2.5
1788642000000,92.0,0.0,0.0,0.0,0.0,0.0,,,37.0,25.0,11.0,46.5,12.0,58.0,25.0,23.0,-2.0,True,0.0,60.0,False,2026-09-05 18:00,2026-09-05,18,5,True,AFTERNOON,129.0,2.15
1788645600000,39.0,0.0,0.0,0.0,0.0,0.0,,,5.0,1.0,1.0,,0.0,,,,,True,15.122,44.878,False,2026-09-05 19:00,2026-09-05,19,5,True,EVENING,44.0,0.9804358482998351
1788649200000,9.0,0.0,0.0,0.0,0.0,0.0,,,3.0,3.0,1.0,,0.0,,,,,True,33.74815,26.251849999999997,False,2026-09-05 20:00,2026-09-05,20,5,True,EVENING,12.0,0.4571106417262022
1788652800000,45.0,0.0,0.0,0.0,0.0,0.0,,,6.0,6.0,3.0,,0.0,,,,,True,16.714316666666665,43.28568333333334,False,2026-09-05 21:00,2026-09-05,21,5,True,EVENING,51.0,1.178218664292774
1788656400000,4.0,0.0,0.0,0.0,0.0,0.0,,,3.0,3.0,3.0,,0.0,,,,,True,30.09985,29.90015,False,2026-09-05 22:00,2026-09-05,22,5,True,EVENING,7.0,0.23411253789696707
1788660000000,2.0,0.0,0.0,0.0,0.0,0.0,,,0.0,0.0,0.0,,0.0,,,,,True,59.65238333333333,0.34761666666666713,False,2026-09-05 23:00,2026-09-05,23,5,True,EVENING,2.0,5.753464064822354
1788663600000,0.0,0.0,0.0,0.0,0.0,0.0,,,0.0,0.0,0.0,22.166666666666668,12.0,40.0,14.0,16.0,2.0,False,59.30936666666667,,False,2026-09-06 00:00,2026-09-06,0,6,True,EVENING,0.0,
1788667200000,0.0,0.0,0.0,0.0,0.0,0.0,,,0.0,0.0,0.0,15.583333333333334,12.0,18.0,16.0,24.0,8.0,False,60.0,,False,2026-09-06 01:00,2026-09-06,1,6,True,EVENING,0.0,
1788670800000,0.0,0.0,0.0,0.0,0.0,0.0,,,0.0,0.0,0.0,13.0,12.0,16.0,24.0,36.0,12.0,False,60.0,,False,2026-09-06 02:00,2026-09-06,2,6,True,EVENING,0.0,
1788674400000,0.0,0.0,0.0,0.0,0.0,0.0,,,0.0,0.0,0.0,13.25,12.0,21.0,38.0,50.0,12.0,False,60.0,,False,2026-09-06 03:00,2026-09-06,3,6,True,NIGHT,0.0,
1788678000000,0.0,0.0,0.0,0.0,0.0,0.0,,,0.0,0.0,0.0,13.916666666666666,12.0,16.0,50.0,60.0,10.0,False,60.0,,False,2026-09-06 04:00,2026-09-06,4,6,True,NIGHT,0.0,
1788681600000,0.0,0.0,0.0,0.0,0.0,0.0,,,0.0,0.0,0.0,13.666666666666666,12.0,19.0,60.0,69.0,9.0,False,60.0,,False,2026-09-06 05:00,2026-09-06,5,6,True,NIGHT,0.0,
1788685200000,0.0,0.0,0.0,0.0,0.0,0.0,,,0.0,0.0,0.0,14.583333333333334,12.0,16.0,70.0,76.0,6.0,False,60.0,,False,2026-09-06 06:00,2026-09-06,6,6,True,NIGHT,0.0,
1788688800000,0.0,0.0,0.0,0.0,0.0,0.0,,,0.0,0.0,0.0,10.916666666666666,12.0,14.0,76.0,84.0,8.0,False,60.0,,False,2026-09-06 07:00,2026-09-06,7,6,True,MORNING,0.0,
1788692400000,0.0,0.0,0.0,0.0,0.0,0.0,,,0.0,0.0,0.0,12.0,12.0,18.0,84.0,90.0,6.0,False,60.0,,False,2026-09-06 08:00,2026-09-06,8,6,True,MORNING,0.0,
1788696000000,0.0,0.0,0.0,0.0,0.0,0.0,,,0.0,0.0,0.0,23.0,11.0,37.0,90.0,88.0,-2.0,False,60.0,,False,2026-09-06 09:00,2026-09-06,9,6,True,MORNING,0.0,
1788699600000,0.0,0.0,0.0,0.0,0.0,0.0,,,0.0,0.0,0.0,27.75,4.0,40.0,87.0,78.0,-9.0,False,49.646033333333335,,False,2026-09-06 10:00,2026-09-06,10,6,True,MORNING,0.0,
1788703200000,52.0,0.0,0.0,0.0,0.0,0.0,,,16.0,11.0,9.0,71.625,8.0,91.0,78.0,69.0,-9.0,True,36.644283333333334,23.355716666666666,False,2026-09-06 11:00,2026-09-06,11,6,True,MORNING,68.0,2.911492760872963
1788706800000,149.0,0.0,0.0,0.0,0.0,0.0,,,27.0,10.0,7.0,61.25,12.0,84.0,68.0,61.0,-7.0,True,42.96118333333333,17.03881666666667,False,2026-09-06 12:00,2026-09-06,12,6,True,MORNING,176.0,10.329355814028554
1788710400000,96.0,0.0,0.0,0.0,0.0,0.0,,,23.0,13.0,11.0,49.5,12.0,59.0,60.0,56.0,-4.0,True,30.931566666666665,29.068433333333335,False,2026-09-06 13:00,2026-09-06,13,6,True,AFTERNOON,119.0,4.093787877571661
1788714000000,5.0,0.0,0.0,0.0,0.0,0.0,,,5.0,4.0,4.0,40.45454545454545,11.0,50.0,56.0,53.0,-3.0,True,42.41715,17.58285,False,2026-09-06 14:00,2026-09-06,14,6,True,AFTERNOON,10.0,0.5687360126486889
1788717600000,53.0,0.0,0.0,0.0,0.0,0.0,,,7.0,4.0,3.0,34.416666666666664,12.0,67.0,52.0,50.0,-2.0,True,33.40565,26.59435,False,2026-09-06 15:00,2026-09-06,15,6,True,AFTERNOON,60.0,2.256118310844221
1788721200000,0.0,0.0,0.0,0.0,0.0,0.0,,,0.0,0.0,0.0,29.727272727272727,11.0,54.0,50.0,49.0,-1.0,False,60.000033333333334,,False,2026-09-06 16:00,2026-09-06,16,6,True,AFTERNOON,0.0,
1788724800000,119.0,0.0,0.0,0.0,0.0,0.0,,,43.0,11.0,8.0,47.09090909090909,11.0,67.0,48.0,45.0,-3.0,True,25.114433333333334,34.88556666666666,False,2026-09-06 17:00,2026-09-06,17,6,True,AFTERNOON,162.0,4.643754293800589
1788728400000,102.0,0.0,0.0,0.0,0.0,0.0,,,75.0,11.0,5.0,48.0,11.0,84.0,44.0,41.0,-3.0,True,10.017816666666667,49.98218333333333,False,2026-09-06 18:00,2026-09-06,18,6,True,AFTERNOON,177.0,3.5412618696462173
1788732000000,4.0,0.0,0.0,0.0,0.0,0.0,,,3.0,3.0,2.0,,0.0,,,,,True,53.40978333333333,6.59021666666667,False,2026-09-06 19:00,2026-09-06,19,6,True,EVENING,7.0,1.06218055552043
1788735600000,62.0,0.0,0.0,0.0,0.0,0.0,,,27.0,5.0,4.0,,0.0,,,,,True,51.321083333333334,8.678916666666666,False,2026-09-06 20:00,2026-09-06,20,6,True,EVENING,89.0,10.25473609417458
1788750000000,0.0,0.0,0.0,0.0,0.0,0.0,,,0.0,0.0,0.0,21.545454545454547,11.0,32.0,29.0,29.0,0.0,False,120.0,,False,2026-09-07 00:00,2026-09-07,0,0,False,EVENING,0.0,
1788753600000,0.0,0.0,0.0,0.0,0.0,0.0,,,0.0,0.0,0.0,33.75,12.0,55.0,30.0,28.0,-2.0,False,120.0,,False,2026-09-07 01:00,2026-09-07,1,0,False,EVENING,0.0,
1788757200000,0.0,0.0,0.0,0.0,0.0,0.0,,,0.0,0.0,0.0,21.2,10.0,37.0,28.0,27.0,-1.0,False,120.0,,False,2026-09-07 02:00,2026-09-07,2,0,False,EVENING,0.0,
1788760800000,0.0,0.0,0.0,0.0,0.0,0.0,,,0.0,0.0,0.0,14.583333333333334,12.0,18.0,28.0,36.0,8.0,False,120.0,,False,2026-09-07 03:00,2026-09-07,3,0,False,NIGHT,0.0,
1788764400000,0.0,0.0,0.0,0.0,0.0,0.0,,,0.0,0.0,0.0,10.833333333333334,12.0,14.0,37.0,48.0,11.0,False,120.0,,False,2026-09-07 04:00,2026-09-07,4,0,False,NIGHT,0.0,
1788768000000,0.0,0.0,0.0,0.0,0.0,0.0,,,0.0,0.0,0.0,12.333333333333334,12.0,20.0,50.0,62.0,12.0,False,120.0,,False,2026-09-07 05:00,2026-09-07,5,0,False,NIGHT,0.0,
1788771600000,0.0,0.0,0.0,0.0,0.0,0.0,,,0.0,0.0,0.0,14.416666666666666,12.0,19.0,63.0,71.0,8.0,False,120.0,,False,2026-09-07 06:00,2026-09-07,6,0,False,NIGHT,0.0,
1788775200000,0.0,0.0,0.0,0.0,0.0,0.0,,,0.0,0.0,0.0,13.666666666666666,12.0,22.0,72.0,79.0,7.0,False,120.0,,False,2026-09-07 07:00,2026-09-07,7,0,False,MORNING,0.0,
1788778800000,0.0,0.0,0.0,0.0,0.0,0.0,,,0.0,0.0,0.0,14.5,12.0,18.0,80.0,86.0,6.0,False,120.0,,False,2026-09-07 08:00,2026-09-07,8,0,False,MORNING,0.0,
1788782400000,0.0,0.0,0.0,0.0,0.0,0.0,,,0.0,0.0,0.0,31.166666666666668,12.0,55.0,86.0,82.0,-4.0,False,120.0,,False,2026-09-07 09:00,2026-09-07,9,0,False,MORNING,0.0,
1788786000000,0.0,0.0,0.0,0.0,0.0,0.0,,,0.0,0.0,0.0,42.166666666666664,6.0,62.0,82.0,72.0,-10.0,False,120.0,,False,2026-09-07 10:00,2026-09-07,10,0,False,MORNING,0.0,
1788789600000,0.0,0.0,0.0,0.0,0.0,0.0,,,0.0,0.0,0.0,54.25,12.0,82.0,72.0,65.0,-7.0,False,120.0,,False,2026-09-07 11:00,2026-09-07,11,0,False,MORNING,0.0,
1788793200000,39.0,0.0,0.0,0.0,0.0,0.0,,,4.0,3.0,3.0,56.36363636363637,11.0,77.0,65.0,58.0,-7.0,True,98.58995,0.0,False,2026-09-07 12:00,2026-09-07,12,0,False,MORNING,43.0,
1788796800000,46.0,0.0,0.0,0.0,0.0,0.0,,,2.0,1.0,1.0,52.375,8.0,74.0,58.0,53.0,-5.0,True,89.81966666666666,0.0,False,2026-09-07 13:00,2026-09-07,13,0,False,AFTERNOON,48.0,
1788800400000,0.0,0.0,0.0,0.0,0.0,0.0,,,0.0,0.0,0.0,67.5,8.0,84.0,53.0,46.0,-7.0,False,0.0,,False,2026-09-07 14:00,2026-09-07,14,0,False,AFTERNOON,0.0,
1788804000000,0.0,0.0,0.0,0.0,0.0,0.0,,,0.0,0.0,0.0,69.0,6.0,77.0,46.0,41.0,-5.0,False,0.0,,False,2026-09-07 15:00,2026-09-07,15,0,False,AFTERNOON,0.0,
1788807600000,12.0,0.0,0.0,0.0,0.0,0.0,,,4.0,3.0,1.0,46.2,10.0,77.0,40.0,37.0,-3.0,True,0.0,60.0,False,2026-09-07 16:00,2026-09-07,16,0,False,AFTERNOON,16.0,0.26666666666666666
1788811200000,0.0,0.0,0.0,0.0,0.0,0.0,,,0.0,0.0,0.0,71.4,10.0,83.0,36.0,32.0,-4.0,False,0.0,,False,2026-09-07 17:00,2026-09-07,17,0,False,AFTERNOON,0.0,
1788814800000,0.0,0.0,0.0,0.0,0.0,0.0,,,0.0,0.0,0.0,56.0,12.0,69.0,32.0,29.0,-3.0,False,0.0,,False,2026-09-07 18:00,2026-09-07,18,0,False,AFTERNOON,0.0,
1788836400000,0.0,0.0,0.0,0.0,0.0,0.0,,,0.0,0.0,0.0,16.5,12.0,22.0,31.0,41.0,10.0,False,120.0,,False,2026-09-08 00:00,2026-09-08,0,1,False,EVENING,0.0,
1788840000000,0.0,0.0,0.0,0.0,0.0,0.0,,,0.0,0.0,0.0,17.5,12.0,20.0,42.0,48.0,6.0,False,120.0,,False,2026-09-08 01:00,2026-09-08,1,1,False,EVENING,0.0,
1788843600000,0.0,0.0,0.0,0.0,0.0,0.0,,,0.0,0.0,0.0,18.916666666666668,12.0,29.0,49.0,54.0,5.0,False,120.0,,False,2026-09-08 02:00,2026-09-08,2,1,False,EVENING,0.0,
1788847200000,0.0,0.0,0.0,0.0,0.0,0.0,,,0.0,0.0,0.0,29.666666666666668,12.0,56.0,54.0,54.0,0.0,False,120.0,,False,2026-09-08 03:00,2026-09-08,3,1,False,NIGHT,0.0,
1788850800000,0.0,0.0,0.0,0.0,0.0,0.0,,,0.0,0.0,0.0,41.583333333333336,12.0,59.0,54.0,51.0,-3.0,False,120.0,,False,2026-09-08 04:00,2026-09-08,4,1,False,NIGHT,0.0,
1788854400000,0.0,0.0,0.0,0.0,0.0,0.0,,,0.0,0.0,0.0,46.77777777777778,9.0,55.0,50.0,46.0,-4.0,False,120.0,,False,2026-09-08 05:00,2026-09-08,5,1,False,NIGHT,0.0,
1788858000000,0.0,0.0,0.0,0.0,0.0,0.0,,,0.0,0.0,0.0,63.5,6.0,73.0,46.0,42.0,-4.0,False,120.0,,False,2026-09-08 06:00,2026-09-08,6,1,False,NIGHT,0.0,
1788861600000,0.0,0.0,0.0,0.0,0.0,0.0,,,0.0,0.0,0.0,73.0,1.0,73.0,42.0,36.0,-6.0,False,120.0,,False,2026-09-08 07:00,2026-09-08,7,1,False,MORNING,0.0,
1788865200000,169.0,0.0,0.0,0.0,0.0,0.0,,,2.0,1.0,1.0,,0.0,,36.0,32.0,-4.0,True,81.83693333333333,0.0,False,2026-09-08 08:00,2026-09-08,8,1,False,MORNING,171.0,
1788868800000,93.0,0.0,0.0,0.0,0.0,0.0,,,6.0,2.0,2.0,90.0,4.0,98.0,32.0,28.0,-4.0,True,26.292733333333334,33.70726666666667,False,2026-09-08 09:00,2026-09-08,9,1,False,MORNING,99.0,2.937052148992601
1788872400000,141.0,0.0,0.0,0.0,0.0,0.0,,,8.0,5.0,3.0,86.7,10.0,90.0,28.0,23.0,-5.0,True,31.68948333333333,28.31051666666667,False,2026-09-08 10:00,2026-09-08,10,1,False,MORNING,149.0,5.263061842154063
1788876000000,175.0,0.0,0.0,0.0,0.0,0.0,,,12.0,9.0,4.0,81.25,8.0,88.0,22.0,19.0,-3.0,True,0.0,60.0,False,2026-09-08 11:00,2026-09-08,11,1,False,MORNING,187.0,3.1166666666666667
1788879600000,162.0,0.0,0.0,0.0,0.0,0.0,,,25.0,19.0,4.0,,0.0,,,,,True,0.0,60.0,False,2026-09-08 12:00,2026-09-08,12,1,False,MORNING,187.0,3.1166666666666667
